P02768,P01834,P04004,P02647,P02649,P01008,P01857,P02656,P10909,P00734,P02675,P04196,P02679,P02652,P01042,P01024,P02671,P01871,P01009,P04003,P0DOY2,P02655,P02766,P19823,P0DOY3,P01876,P35542,P01859,P06727,P68871,P0C0L5,P02654,Q14520,P02743,P01619,B9A064,P69905,P19827,P04114,P03951,P00742,P0C0L4,P55056,P01860,P02776,P02787,P02749,Q14624,P07225,P02760,P0DOX7,P0DJI8,P04264,P27169,P03952,P05154,P00747,P01861,P00738,P02746,P01764,P00739,P60709,P06396,P10720,P02788,P13645,P06702,P02747,P00740,P01023,P01766,P08603,P01593,P02775,P07737,P06312,P04070,P05090,O14791,P05155,P02765,P24844,P35908,P08697,Q06033,P05546,P02748,P22891,P04433,Q03591,O43866,P35527,Q92954,P02790,P00748,P81605,P00751,P02745,P18065,P01615,P49908,Q13790,P02774,P12259,Q13103,P15169,P20851,P07358,P01011,P02751,P07996,P02763,P09871,O75636,P01591,P00736,P07360,P02741,Q9UK55,P18428,Q5TB80,O95445,P17936,P08727,P00746,P67936,P04406,P01700,P05452,P61626,P62805,P27918,P01031,Q9Y490,P61224,P13671,P80748,P09211,P01599,P07355,P01877,P08514,Q9BXR6,P63104,P04217,P01019,P36955,P35858,P05109,Q6Q788,P35442,P02730,P35579,P60660,P08709,P63261,P23528,Q96IY4,P49747,P27105,P07357,P01880,P06733,P19652,P62937,P02533,P05106,P18206,P08519,P26038,P48740,P51884,P10643,OTHER
0.7363560029306742,0.3970998071485311,0.7980216071111068,0.5111795890908973,0.6446517447110979,0.7390847127693339,0.4937931925444666,0.8426869931959458,0.7325404431755967,0.48176923988752096,0.6971295966982538,0.8306769935920814,0.6035114941740031,0.44584179468253937,0.5698557571085,0.9733589652476542,0.8768340013150813,0.816400247886523,0.7306919159971832,0.9332751724828985,0.18563284874612215,0.6392246405704209,0.5840084859883617,0.3924237460849956,0.914582447421074,0.5110438060282083,0.5682865645670756,0.4887528812796965,0.9651370669334556,0.5253366584094007,0.202553097569913,0.44334140585246573,0.9335129884010736,0.8052254818356553,0.6326454829924617,0.44667015913802877,0.6674729442915206,0.5563463861380126,0.7194793403420897,0.43033351996459973,0.7927981679066355,0.8893569348891185,0.8431469217077959,0.6116866820259422,0.24036374155783613,0.5979441491189099,0.09175219640939217,0.7560568267357581,0.6438886241971402,0.5392372223773843,0.09446250528075402,0.8829140726657079,0.7876498969784126,0.7154927559733192,0.4022361800438288,0.5297862838546354,0.4912361742112756,0.7334493096846993,0.831094529796123,0.20065220297313696,0.21523277079559155,0.5683480632892344,0.859974734924755,0.6446513823045625,0.6059576865198362,0.045511131753549205,0.7818149959540648,0.0660859292875226,0.7609668192309557,0.8568315543630125,0.5648572317114284,0.3969643241262883,0.16557575640440764,0.37926993686828914,0.45000358688376396,0.5029605157025939,0.5557570360016052,0.832377116118488,0.87046189495491,0.822462576877978,0.3646017003467709,0.6489244486354299,0.19016989563077877,0.8071694238874867,0.8298397797013136,0.15565678818722126,0.7093651637176399,0.3355242486465952,0.7805987621654572,0.5828520844249897,0.7485695571346827,0.8143806409985404,0.8127883941283456,0.30247377247315976,0.3235644592921914,0.47098106605604817,0.7844165971944501,0.578281155618381,0.7260469596384925,0.23727139078755752,0.36018997891934246,0.2826710914196071,0.7146454493445373,0.9629999340703486,0.46466762533597394,0.7206584302042315,0.43223504945374985,0.5513387123946016,0.43245539708344255,0.866576159492011,0.82834835578939,0.3023139701688426,0.3744926681533443,0.6907132621583182,0.6423804705323238,0.8836763423019197,0.4868769813834777,0.2284227086564939,0.3899197315016716,0.9487378280389831,0.7869794048396105,0.038630299770613656,0.9289092963810545,0.25009733397894746,0.0036358826847823038,0.5638252025254429,0.0051713036084678095,0.8228274557802024,0.3142235690398452,0.9242449859861035,0.9666931069690403,0.938062644594319,0.8016080937852261,0.7989807770455393,0.7486128423826527,0.911463918641881,0.6858629801724607,0.4050476369714836,0.26604141961766303,0.2859864652661385,0.2612063823185833,0.830857410178444,0.9734425077582524,0.23938076181993126,0.7722735147417681,0.4445647104987882,0.944244475067994,0.8351705013871946,0.9202745379313617,0.8997770042842133,0.886212475569599,0.0745841454582505,0.9056268023842521,0.2514354157386484,0.13602316176576407,0.4154216411025501,0.9240027902979592,0.13213385460027724,0.7192429812918946,0.81577665519805,0.8730930692215632,0.7182108824447447,0.5915168255915265,0.5662260187546072,0.8879513050117245,0.6846930262365643,0.40531919734801186,0.8662852521939978,0.4455886295921809,0.9136923824273624,0.9143132934731283,0.2661045770411155,0.12268983246907453,0.7363051506437619,0.2847922603713918
0.8927428758017036,0.3822285706613225,0.355571268713334,0.5718834760257557,0.9800802609638605,0.8064997386750147,0.5118266668921219,0.29751812675076195,0.29359233000911583,0.4984033433941013,0.7319821223575094,0.9895823819328423,0.680136644670515,0.48197342458122644,0.933946669831552,0.7508716231649206,0.8839922741123979,0.5296731617438419,0.5040097610193489,0.3509300844148166,0.5980996462997918,0.570953793296599,0.7385194537425969,0.6364299928367946,0.8974183408938126,0.6048532851356786,0.7092536292916479,0.6392207988400788,0.9101672831319555,0.8458685290355515,0.389386527955298,0.8615727548040263,0.4217702030904977,0.6480838636659706,0.9101255887259672,0.4980339525537862,0.8609863041111175,0.5151347843622881,0.7688558746903088,0.9923643180250167,0.4488739790860192,0.8605079212912454,0.8905698981709234,0.7014878442861445,0.8010348310628451,0.7230776034228845,0.33269653476491223,0.8912356035687438,0.43927583797541386,0.4136479659147562,0.2504990844039435,0.3957033654472982,0.7913058624996527,0.6354654838657883,0.9895751692194402,0.9608370634530563,0.9649537248259138,0.5849087576895171,0.7105048816277368,0.822203733148162,0.40172305889739585,0.7895565687837861,0.771522622553707,0.8111679546164238,0.9495509999252406,0.5539259527603186,0.7214621918183474,0.1404448778176353,0.801628110446195,0.46487617224038746,0.6801799682657153,0.3372660827018006,0.7771297713560802,0.5363147483296901,0.814458684987803,0.5143650176973035,0.7353440844835388,0.2935375985442661,0.863899575418147,0.8261200516914264,0.9083287002094403,0.8006150034134336,0.05124748029425721,0.626605417866532,0.8303281503778626,0.18280971522890913,0.9592487721916683,0.6026745066006319,0.13810422933088956,0.8976141381902288,0.8151908299655283,0.49543557150431083,0.5570934320643102,0.7042190531060718,0.6616393647516283,0.9693450676758604,0.6058963549799371,0.9096843321218063,0.8373322578766472,0.7452007206264005,0.8120705810382108,0.9740836626389514,0.5371670020162325,0.7981329010524235,0.7019677084322875,0.15363862374100504,0.9204165203933024,0.12746953992238422,0.9400810230558156,0.7198670332223243,0.7957639853752321,0.5629009114535919,0.4494549136737553,0.5229237356480361,0.7951432552328279,0.6306098463508552,0.6623849861320493,0.3102787481758895,0.07273666758631105,0.4520817994567028,0.9333587574538263,0.06208534727853165,0.798108830514377,0.8809677991096958,0.0070816551517348435,0.9694012487652754,0.019677146206425064,0.6528232246043804,0.4986471121934147,0.9719183088038217,0.7615179783942485,0.8658593415198362,0.37394867506175367,0.7743877980707382,0.6575566052377909,0.6883712871978758,0.9344508849338625,0.598281243120218,0.20316900346878788,0.2617607921182563,0.09708801660134549,0.7196330181840037,0.5185996600895137,0.5836158942926737,0.5959463777474822,0.7987598933385777,0.7393833976031248,0.6933132201761768,0.8619815435064041,0.6887557550386589,0.9020055278709652,0.47712954402123614,0.5917018733260097,0.6044845438614241,0.27983393036220655,0.006143471743620296,0.9087742236436005,0.7160979433999881,0.8797007081516696,0.5369951792683286,0.7600917847008255,0.6816251880349232,0.7958738615291541,0.7888513634676576,0.5465663323254538,0.5748115500798912,0.6848855322619738,0.4385009974684406,0.7439702161095562,0.8797084521927562,0.9642736163528499,0.3852684345095377,0.08986860326701575,0.8076062177812737,0.9344255464063287
0.9878640330557724,0.055085367659144124,0.042387363151681776,0.2036222629132962,0.8300003673178294,0.06088454380522274,0.04689420690001908,0.10573165892801331,0.05711681779973873,0.07760904920404614,0.08386396555639941,0.04533265112724092,0.08557793489213446,0.07327777127937013,0.05544799543298762,0.02397764862861633,0.06508439811332853,0.8253215718646746,0.3990746386516864,0.0865991124079721,0.09366846436574247,0.10796768585611832,0.0779334508313338,0.08894912257078479,0.019401528915030757,0.05237762511788894,0.07065623771950452,0.07698471578820416,0.0835247730253774,0.0738276622518142,0.053301388149454815,0.0756756490075879,0.09313602266275547,0.08868769402132824,0.09191085157739173,0.04458641853492229,0.04868623300464967,0.1148230886451728,0.062248645166404645,0.0664745198994306,0.06205394950033808,0.06536328338692028,0.05396958474270311,0.09987015866768767,0.04783187735159844,0.09029982889456457,0.11640050390011532,0.0724161519925689,0.1174278741865124,0.13680134766794572,0.9677389301247205,0.07529684394384312,0.09255257497204546,0.12255715816277268,0.0875052326894008,0.04547065029947956,0.08629420927971412,0.12702632708596648,0.09971100553968738,0.7524739834465649,0.10493644732456188,0.6155123439260894,0.14663211834401133,0.06129580793340482,0.01806749532519936,0.030247126525929164,0.11755992585690297,0.052725808109594124,0.7187478790534848,0.09589121107590703,0.05057335622336845,0.10832376944159838,0.10906997602799474,0.1543831762342336,0.07037273664361227,0.07579466516769004,0.06479164160267835,0.09477451974108499,0.11072811975368442,0.03927253430064781,0.10302954216413393,0.107756097409551,0.013508908359155454,0.11029796649816534,0.0671765397446968,0.09674763402191228,0.04020147507383178,0.09167565721829396,0.041529047395275145,0.13953330408796197,0.07852364594491079,0.9015630710185595,0.1378172080285862,0.055974707208478094,0.11410031222977991,0.0978757205797779,0.048233064651257665,0.08769413729405334,0.08241662906478069,0.01351210862226935,0.14965629706689304,0.08580449411602024,0.04342029240473607,0.10557810392901737,0.08543806612185605,0.047145786580454416,0.027659700416068193,0.072073630065353,0.10807253894572043,0.07674389272870456,0.10633989765474863,0.03492233439789419,0.1743182303079577,0.12195917655959751,0.9578513616271883,0.07970011887394794,0.1329230953105282,0.14707256126720977,0.03653968204378579,0.0408100240296657,0.060659166564088346,0.23001816536424455,0.14685535536310618,0.03706104026556997,0.026029473036567555,0.05458982102539549,0.03627965743079303,0.03240547162867163,0.05798683458011765,0.0689009166306511,0.025003684347249294,0.035003074973560755,0.08315756251349031,0.09855431501412813,0.032891831735229304,0.05231552260690872,0.0977994111375014,0.07905183222156242,0.0604330656709592,0.03351191850030145,0.09187520432658768,0.056387181034480136,0.04550277615306396,0.09710496058141083,0.04955426038493427,0.12258624554994033,0.0838028971454307,0.0908021617985772,0.14000453225429949,0.06038362539132994,0.04599787991194742,0.024040419400053286,0.9118923803381453,0.06839128402436193,0.05656499350964906,0.03746477196868648,0.014870446429409778,0.062130522602538416,0.14601171975969524,0.09820502274825835,0.9050625788506569,0.11467486822167645,0.010703828094807293,0.0540415123305739,0.16541224999720747,0.054791228037465396,0.13957424933799428,0.047752132065564584,0.04218442623398738,0.09298419038948488,0.05284134424296505,0.038843044142722306,0.03390970999351029,0.12087922287477557,0.42367402593160103
0.9906120300490492,0.05642608331374963,0.042795328712946425,0.19416094188469407,0.8318838021800896,0.06312775258237516,0.04789283483543875,0.11018733719118153,0.06283897588570793,0.08100661055968697,0.09354381411827205,0.050491757919894555,0.08644854564883094,0.07003849557468489,0.05854952519649378,0.027455301519006665,0.06438823464748525,0.8297968116432926,0.4270738357790155,0.09016493862075133,0.09054893481341406,0.1145531433165579,0.07679230132655186,0.08751776813673198,0.016681789705901208,0.052995977838911995,0.07815492006290967,0.08130924905432876,0.08444669076278917,0.07532612777942002,0.05314003145781512,0.07757004564103336,0.10575671385466034,0.09225204042073486,0.09458248030456616,0.0440915736162387,0.051334078665266965,0.12007414428019268,0.060069423493423715,0.0649399728102646,0.06616880947366229,0.061952841953958955,0.054980133913604484,0.10037072105659588,0.05081513444333987,0.09127827103345887,0.12692711017770508,0.07115694694986209,0.12739282241162614,0.14230554891660185,0.9616995015439171,0.07885341060171314,0.0960004464788773,0.13147688348043782,0.09081788689091243,0.0432871092089341,0.08968809946130184,0.1291678781789707,0.10676831574553647,0.7411441646582121,0.10259302267884136,0.6127424612370141,0.15498978546863473,0.06762251191557231,0.014094727638317619,0.031833197765237936,0.11511808379061572,0.05748475965719057,0.7166004516619328,0.09816627574373966,0.05516677155801298,0.1060897866638531,0.11043520702535255,0.15199806494425144,0.07468294333336063,0.08111088753277576,0.06595432783295026,0.10098451193527741,0.11445438384459222,0.04184421541633609,0.10102083444555142,0.11338493143671681,0.013539028764188776,0.10942369574869404,0.06830903342411208,0.10151500274982372,0.04231944910311485,0.09274468367735887,0.046561833006627217,0.13431094193287627,0.07674588544426461,0.9038677903645209,0.13903347256996546,0.060879940494394,0.12630608081500985,0.09028254259434253,0.052802259005195716,0.09620201216319918,0.08400199068655578,0.013679258423229257,0.15507224853597587,0.08009164491739447,0.043251913907145445,0.11023004238586259,0.0857078271172088,0.04911996249502973,0.028988035589428193,0.07482159859172796,0.11344715899141904,0.08128257410698375,0.10410609629344388,0.036856605072351736,0.19008459433073108,0.12110190084237342,0.9558275510118881,0.07901611539504232,0.1333751411019599,0.1599306837784425,0.04127047948526744,0.04365024468492215,0.06602482335324222,0.22108031429070535,0.1396790526162197,0.03682275707897331,0.028666627055933962,0.05024938147737139,0.040390567751992935,0.034458622494305695,0.059488344910081016,0.06323302984851686,0.029903497404407873,0.035718762879026304,0.091575861182728,0.10550242895020229,0.036433426820052975,0.05851448902831925,0.10500113192100374,0.08201349881944486,0.06223997463111405,0.03380982616422666,0.0978358371398107,0.05820804832247097,0.04677404479467273,0.10020950063722381,0.05455527835223645,0.12875959337762807,0.09137350768238121,0.09080925764086532,0.13339547479168465,0.06940239026857957,0.0449880556300286,0.01618584582569183,0.9150100841200042,0.06983276959042241,0.05732690827453259,0.04185678707532448,0.014084919193035835,0.060812248728618214,0.13778329085207597,0.10539569665564015,0.9086360183364388,0.12288916462051282,0.011219719120621719,0.05717348008914587,0.1679800825267814,0.05815660747099012,0.1330463613568404,0.05365639756953134,0.045176311291603606,0.09215819510005634,0.05198019205022241,0.03918749139106879,0.0338563114826778,0.125780929548155,0.4529829570972184
0.9874522291492538,0.09343662898908868,0.5722228977243348,0.8860067488384098,0.8428702345319521,0.4362966977763694,0.44125651583208675,0.25653343952764296,0.5427122787809924,0.0752919322303793,0.9854921325338738,0.8632276363853774,0.9573133480153134,0.3411479210407968,0.4837974033547463,0.9807129367999644,0.9944603457781238,0.7476471721160256,0.8052095774542457,0.26655143335007,0.1876733035279313,0.6021367003733872,0.2710711292615633,0.11902267665786118,0.1524166416437632,0.5698818279156537,0.640461008752111,0.6594198174882858,0.943653862654439,0.5772470339771026,0.5279159920718425,0.6539473427333548,0.16408214254514752,0.24004024495688792,0.8446074372558255,0.15815665291264838,0.7482629877072065,0.36832991403161325,0.5222537479198877,0.384916180857548,0.6089427796963776,0.21771170756631134,0.33700301236716956,0.20153228703462794,0.5080559995683963,0.4938481000856164,0.7208714211251724,0.334261763320443,0.207089340483473,0.08688194246158822,0.077252772290813,0.10059662789023084,0.5290035520990914,0.12349799853464537,0.6405100576281068,0.12590237907262927,0.6205561472946363,0.21451755554382906,0.8919786543511993,0.5533815574117966,0.3960207859520802,0.5474322006645956,0.3532849803288428,0.6081470733456451,0.05465938572336655,0.28702873846528326,0.6372562722293268,0.39729100409203655,0.6474714369371012,0.1939455231742128,0.6990990249506402,0.37357995727086046,0.45408443497982964,0.7358437963384487,0.7979168229266205,0.7094965579378304,0.5824556660748823,0.11651786635036637,0.7558351658369941,0.8759008676791972,0.7427694707871625,0.6748556903808935,0.20354887646872355,0.4354331292980126,0.12965802097039433,0.1649737631042333,0.5531539990965645,0.7339631291475655,0.09769866615584666,0.5123785468254948,0.44531606786641414,0.3129702012799069,0.04680973644925056,0.2401931628721132,0.6196826198697012,0.5170035572480332,0.8379235139473122,0.8540921281074315,0.7879100448865147,0.5311913530297351,0.8457740285752825,0.2008295545972503,0.23282679713119758,0.3500967366620003,0.6092918600239886,0.20930820512566553,0.7244746858912857,0.0825047238779087,0.907865151379197,0.5175642127201878,0.6304060479426262,0.6243046604789064,0.4886327211648516,0.8065751630859426,0.14012041861210775,0.5678479613631188,0.6212501286705191,0.8785953332707104,0.29442461464775754,0.2694227999570948,0.5277473225798551,0.12356955583022047,0.5165450521493663,0.3300056224262805,0.7769668150381325,0.2304281618551386,0.2453010458813914,0.41665213247084804,0.7290322874884421,0.21690047008726634,0.562659642383816,0.09748897615127176,0.552304636020086,0.7431593210417173,0.5443872424041571,0.8530585935856196,0.8963659131945043,0.7611507286347331,0.11446842074636492,0.23642525308276788,0.04675480480581007,0.619631575653489,0.22659615911296493,0.4323894208799937,0.8396903290434723,0.6171698802045568,0.560998233348494,0.800306340042926,0.7210103058687569,0.1412052233812225,0.7198315767807671,0.07434339098967917,0.07304883108503697,0.4634978324099583,0.6176114598880063,0.07143403825468503,0.9216662625268661,0.25185662231766864,0.05371045620923394,0.2504681771908723,0.3120614659175822,0.8009626254268609,0.49429687675937983,0.8363348439766213,0.10828512916655425,0.7696060032366289,0.10432752049160833,0.4856785912427441,0.8468646657685361,0.183722218196289,0.3393547698091278,0.4792146743259203,0.2275843915463042,0.5817572570998302,0.8943876052668515
0.9991632281253914,0.6442166771210561,0.1533493562429819,0.0928619776113805,0.9340589897519568,0.9474963464197196,0.8232463955128839,0.7442837826120441,0.4301210975098045,0.49303668999364064,0.9610268307715772,0.9886439704847632,0.803702572454141,0.6061808729554802,0.8954935661683171,0.9991773256079691,0.7165575618892992,0.6608342564203332,0.938852489922596,0.6247096446604591,0.7740816088339886,0.9380912337276225,0.9163784364837398,0.8034717922317233,0.07975877747680078,0.8114509040388636,0.9679051009905574,0.9082766613534933,0.845603248271129,0.9428615452975282,0.6138093423162364,0.8467161634582702,0.8480640352673436,0.8080483956927277,0.8982168759140545,0.9249130709022736,0.9489714385870418,0.8473060927890039,0.913122981731027,0.8527141134474668,0.8628917570084581,0.7064941091932873,0.7560744748364524,0.9568195204399287,0.9227379849206017,0.918657472930904,0.9200657318598828,0.7401787254685335,0.9464536440618524,0.8060066380148262,0.47233323565391017,0.9107940795954813,0.9151943339883154,0.9651842684451696,0.9878733383624174,0.8249207716924967,0.9823884446016267,0.9309654226671205,0.8959157272214198,0.8521093966854123,0.2277304252817332,0.9549111992833815,0.8727691082995866,0.9875398262311952,0.02288127504285074,0.6026032482735304,0.5613050867767141,0.9627503455896207,0.9368752639656288,0.6685684363400235,0.9066227116864856,0.3652758430893155,0.9623645064285996,0.5632670437985252,0.9581391235995608,0.756183811177643,0.6467079081475766,0.4230680689874239,0.93593149318434,0.9153432716368826,0.9439190344385892,0.9453075261809015,0.03076855050783318,0.49727270088408076,0.8199636302030429,0.7991055407099916,0.9530727208847883,0.8314946375530937,0.2736691617840879,0.7631481659553715,0.6332555310069989,0.8590086208511446,0.46051014699009274,0.8747794984814373,0.9752551175538029,0.7630308212605281,0.9393316451754102,0.9441187094633032,0.9652937807414907,0.3401599727990217,0.639796669372064,0.6472332587813594,0.39587900349329097,0.8100378558596818,0.9391793424052567,0.7365487889602802,0.9623211421626812,0.29393293236395723,0.955963047839792,0.8744779757911378,0.961961896745509,0.8350815328875304,0.7974453588926118,0.8431250536720166,0.816397395960789,0.6873755961192342,0.8490172589220136,0.985316955964403,0.5197594289160266,0.7497166283606301,0.9501553260088729,0.10702806291518542,0.7323166787419594,0.9415087176763827,0.09559864701610823,0.3505444365138862,0.09708052111407185,0.7505750161052803,0.9833901678823899,0.8241129249887901,0.9966427312853775,0.8688069490131762,0.7975402995815776,0.8839177205693316,0.8044716849941274,0.9431728360367003,0.957137835763191,0.8932687800927439,0.45773524110450714,0.8415923013277351,0.8947512817113041,0.5552021887814605,0.616722487491139,0.8899510055075763,0.9317220799910384,0.8534849740761318,0.9294241293244768,0.971789040976278,0.9296272660574191,0.9627199307107471,0.6534014436100954,0.002503679342184255,0.9176094613484266,0.7507597341356889,0.811489177261594,0.21635030086770674,0.5840520164434064,0.49055382208191706,0.8243991483732374,0.7139260311970339,0.9224278561505569,0.9234066472197291,0.8745088850159124,0.8019411513505432,0.8936553650201783,0.9141616067744701,0.6234807496114986,0.9209348423453476,0.5527040320591947,0.8570136471104326,0.89502579004194,0.5580636955187096,0.8216156312430292,0.8755637591735788,0.954289005089355
0.9942731744545547,0.6379872344455799,0.04969904384092979,0.9460020636406873,0.9554783027499832,0.2844841621065767,0.15551409491633694,0.7454510059941508,0.10008261871259379,0.1296616732090553,0.9845124826794153,0.21026523882719134,0.9809223782660387,0.9088846729314777,0.28629779054050575,0.05118121491401168,0.5913943827477616,0.446013692990457,0.5177408821388542,0.28888607143911793,0.2960058038827418,0.4959511804774331,0.14664378932607144,0.3759499179728855,0.5086160311051411,0.27169164220753683,0.3544956430472818,0.5978577159427761,0.3493621770218678,0.7824820518520668,0.23596302331591038,0.8654585462831773,0.4580408441409137,0.19665182421145477,0.5694446527978384,0.2619002918279443,0.9281058268913294,0.5334210645574025,0.1874331336141312,0.05349056409145979,0.2878642952791819,0.07017264997779278,0.4526940709156427,0.14020883165235226,0.4130031294578304,0.6427876192991916,0.3300911528774967,0.30580770091648213,0.4770204525995986,0.5241068118049297,0.9565326304491406,0.5024190768141639,0.9687001096658091,0.4233264257309318,0.13757509616773433,0.0628074824749533,0.3797853101107691,0.37576361200091685,0.8971600283565958,0.497771029801454,0.2013525781031993,0.44059184775393617,0.7325075735788543,0.33611727425798676,0.02886066140978044,0.05525817712580828,0.9956099726582376,0.31937336134565475,0.6567184122738172,0.6315491855466672,0.22533755691024107,0.09713088043475017,0.4440450006500801,0.44446237920737386,0.619534806853268,0.927179075555563,0.44243299853276624,0.5651410186353202,0.7196932925823692,0.4988560757681712,0.28707180946805916,0.2500661659971776,0.8059090106229377,0.9386832462930267,0.29426215861717725,0.7934713622182492,0.277668493006386,0.4547440978973612,0.5981555031625856,0.1537200104486836,0.11243343116918571,0.2266198168731003,0.24528091170530558,0.054922491784615925,0.47531082735845087,0.35096361089120415,0.4714393261502133,0.5234810101046753,0.6482350545825393,0.01916149474823107,0.1703011009745191,0.32610351050820374,0.6576355237290901,0.5832501559246781,0.3971578774737935,0.6190222011397446,0.08045163667567112,0.49817513169700894,0.6008689891978818,0.6497502191071215,0.4431763648914636,0.5261241838539614,0.6692011582145914,0.6816457504289559,0.8969569199064573,0.3925121462758563,0.46668020973040086,0.8315521819643452,0.7002520141092823,0.6572378620937225,0.5846628332383342,0.17134635811212834,0.6751363134173226,0.0550976611446194,0.9898042198638061,0.06490098827617569,0.9230773097321435,0.5793866139107715,0.35784339014038524,0.10261747344455446,0.20584465055620413,0.03169903820984765,0.21623431145298636,0.7672021563023502,0.6641135734777528,0.8940424435111852,0.5550035002100004,0.6434245236207542,0.87163789189593,0.17089595687566678,0.35652250712391104,0.09899361751162394,0.8264116249663155,0.22615698311174484,0.8291795862682901,0.8310848079560431,0.6980145284142129,0.21293340115308623,0.5383903014506902,0.4360959533273961,0.6128020657326098,0.05665418421549662,0.9499782551120471,0.9709051463359145,0.9675047184961222,0.4968302032628818,0.9480948216220684,0.8893099673582118,0.18480499419644061,0.743897766694,0.9531168536260043,0.7648908058427181,0.19704592637529497,0.8470884199768487,0.7731075366932116,0.882091936510662,0.746458893373053,0.9045499592632064,0.8541966098860925,0.8472323191763972,0.9254672352851079,0.6188481737652092,0.8119209498622579,0.8171042661371316,0.4509010747452011
0.9999494019730052,0.9380698702231219,0.363686765741225,0.892543487857949,0.9116501377044792,0.2506676938994596,0.21210233331580747,0.7652013368448501,0.4440793267236612,0.4314459257674537,0.9979994689553586,0.5728887434755295,0.9673230354848859,0.8970615710209329,0.5455164681852445,0.7816373787631122,0.5382865332202024,0.5517635654686753,0.3085543653864245,0.31537689988745127,0.3224195266857963,0.7382582965741936,0.0719758740545565,0.4672142478964562,0.010840772710797022,0.08576444757398642,0.623254558013827,0.4207733547384635,0.3814683025733594,0.6375863347655598,0.42158027099058537,0.8250705273101088,0.8398565638914168,0.13316322765895597,0.7312760879315321,0.2317626299364767,0.8960556926434041,0.6083241389491173,0.14661890827157648,0.10787525564192366,0.26138215447803975,0.07615345479114112,0.42478673506224535,0.06775701932037193,0.31034651951270675,0.25268238748440025,0.21043879337518723,0.2957780099355344,0.7365569404797526,0.5672886232663751,0.0495579438725882,0.4473633163787068,0.9620954638188075,0.7444650403908225,0.20108846803685562,0.07538647312788259,0.5735199252967638,0.1118857363240713,0.6882568680929856,0.358469144565364,0.24789557640631765,0.24121980334746793,0.7685254996413453,0.48342625054674204,0.00019827583079912352,0.14659425708254759,0.9728283434473676,0.4854584094772462,0.578383032062856,0.5593144118212079,0.36147859413209615,0.01130295938304924,0.2870197522995739,0.2777877510183862,0.6971838977537917,0.801433164786141,0.5894463920989534,0.5243250397328437,0.5545097238282282,0.6423982864084965,0.10382823807982992,0.1964511610104131,0.8459899542742365,0.8261761091163051,0.12695731207276278,0.8041971331159845,0.5021539237924186,0.3657039475032881,0.5999969375419612,0.3203655483612082,0.07468998121645298,0.05936075213756917,0.29566917200017445,0.1778300917042521,0.5397721590681454,0.23525732972965865,0.48858411437843585,0.585433160469225,0.41548729294315484,0.06891793318892357,0.4046284320810645,0.17520713318815892,0.6200494630810448,0.4655625595843923,0.2541713896923251,0.25120428146768714,0.18716500593963656,0.458511137019637,0.5943645758482042,0.6062148862015562,0.22147340643762733,0.7609718311536042,0.635306422459306,0.2880590483729904,0.034764607853258286,0.09273078225735064,0.1890695665456366,0.7201940564289427,0.8266524325226191,0.7787382578972688,0.6483242702953192,0.055763332444730376,0.19350768818608077,0.08587653846580284,0.971126569716576,0.14814820197148637,0.9341509268424203,0.4230167527177241,0.05960483478342414,0.0332272532270665,0.025707157915625792,0.008880453464474298,0.16084899142637152,0.7391901728545376,0.6976602692924873,0.7092191461707703,0.6980729638745873,0.22718353031511065,0.4821280511794674,0.13993441111861554,0.04446522500867528,0.013233250195635204,0.7602963501203989,0.18194786939200827,0.6451709061052298,0.6205592597075589,0.6607311098374743,0.15573498894959298,0.13337004251127638,0.09568979013997786,0.24371051368663732,4.733175115809461e-05,0.8357471546225799,0.8724117300727338,0.8743467322376124,0.7138883943534536,0.051340304646476716,0.5858243643821094,0.005416125181648948,0.7033265770357908,0.7936952113875135,0.6881827319062707,0.0114641589560418,0.6765668843939817,0.3587843247059915,0.7860849108350486,0.5383424157752836,0.8007183208235283,0.7286806570108615,0.6346492976120556,0.506894045544702,0.3229937098143194,0.09042116690182657,0.6821865943512708,0.36904429759294693
0.9191369465215761,0.8623107581718551,0.9994644880894775,0.9859118326691189,0.9006163907789667,0.3037498964727355,0.9866764585443515,0.26319332285794744,0.9997147589541425,0.4973318421202976,0.9896261114227434,0.7573624608761899,0.9756244612313155,0.7063830230443996,0.44593573020233573,0.9989931848429432,0.9797936360514986,0.9984979081519304,0.9935912154158327,0.9766856602993194,0.31691791845093237,0.36121781569692,0.4892442155364547,0.33303639912827704,0.331943973744012,0.9979386665203829,0.24709263219076283,0.9124495480344393,0.9790164084148262,0.22534989077429993,0.9685900219195959,0.22491481594668747,0.6298982032568717,0.11538753411221599,0.2344465910683533,0.5632728468768274,0.4571087269213862,0.3592564622923804,0.4272801404698153,0.2899905595474537,0.6446029048043818,0.6043663061883324,0.279605782368471,0.3318931331793648,0.2145785372207666,0.9793992423776094,0.7119781595423369,0.4604725811831026,0.6837557255599876,0.4890131376431251,0.09806430581457554,0.06897788836406983,0.9606225778682175,0.5958629117527297,0.2625532322962878,0.7119605494179444,0.7601113058063133,0.30469322169843804,0.9499597112879388,0.11391499391707136,0.6128418072841724,0.5156995264942846,0.9473700110802594,0.7751571772607366,0.10190967997398634,0.07379354961759571,0.8228557190825422,0.44415703409622403,0.420980395790726,0.699414979850618,0.9007877300773334,0.16282244227075138,0.11191291617722074,0.4013062536282201,0.0511522968346825,0.8296318592254356,0.6038827638762903,0.6514445040712925,0.4487388063390815,0.5750580940520672,0.6136145639411186,0.2636702231374559,0.9839648360357712,0.9726363281076232,0.7096262858305197,0.623333108334794,0.4239791951126394,0.945014685610948,0.3964717406255663,0.7971239381374708,0.35228704301873653,0.4886762293917252,0.7713595270428317,0.2294608051954155,0.8248847720506465,0.38067300244165236,0.11945454333018635,0.08116107228183123,0.07245577865451666,0.11430424505506663,0.4955140901552331,0.31174456118308874,0.500990968555928,0.3461439288280677,0.9469955781385023,0.8960579268738385,0.2845212979076481,0.36824190098826604,0.2565380015450472,0.31298572658072127,0.5634673010054018,0.9250056448202851,0.19941325556173098,0.24461083968497846,0.08893061767661718,0.6211175193884402,0.23873509168400642,0.11463561660484395,0.6737278684996271,0.8807548488515101,0.2395887282843303,0.07519371532068635,0.22277663717568816,0.3004056580933683,0.017410751905625757,0.33762155720848613,0.9286615704179552,0.9139423337534865,0.018661583361117902,0.19858013712078718,0.3116329719965432,0.2942190385521428,0.0517944576744123,0.26969654192966425,0.9453789066165078,0.93156610916659,0.11735942971718573,0.21066616669028562,0.08010906017568971,0.15583210505045145,0.12664026603119216,0.2205978875244419,0.9932921876328005,0.28323622028480333,0.8681993889412463,0.5392155987645729,0.5245425449502215,0.12539704152153333,0.7768013385522183,0.3820051381436326,0.5538440476538534,0.15343323464729863,0.3814194361464278,0.7309251941728715,0.9308468933001272,0.5651377631404371,0.08799614403550574,0.8820417090311546,0.13726314044273336,0.5366407283472471,0.9270181446175224,0.07701979852539831,0.21159505926118996,0.9003049569111093,0.23012143547514352,0.4285084909791551,0.3713334819639094,0.9585158580030457,0.9088822805978304,0.8710946660421196,0.17078660075836435,0.11311165270465263,0.15435978119708146,0.047470071475281386,0.923023485344272
0.9596397326647699,0.25387617408070445,0.13619725528839705,0.39961078038992226,0.3597854381496269,0.05859458852065723,0.09544563717416084,0.41134828485066754,0.17335260568748845,0.10433486768840468,0.5148719076499729,0.5236142801629408,0.13239692968173886,0.20300788757095864,0.4697799357416312,0.4605728644859211,0.033318138706922906,0.3070060875443269,0.00673149619251521,0.4705889091902973,0.206709176048572,0.09812280108506066,0.040826722024706406,0.013486596835840794,0.36149171211690917,0.05892981432479829,0.08518983361971885,0.04622312241268551,0.13729168170809708,0.24844890797622882,0.13037768272033756,0.11784841007433744,0.13804467519801514,0.38686517292672684,0.18457680514564112,0.2605962033247574,0.08347967507319508,0.08693283405524235,0.03192944979608729,0.36495445349237016,0.05079558503063454,0.6495406945172953,0.1077668702282883,0.1379063174465837,0.09526499291590089,0.009049936061442986,0.13312949845893962,0.327667844996695,0.3862140059837666,0.1862517672655187,0.030863477913057765,0.1428284962686202,0.04922940825600575,0.3367544775590597,0.7406555589221008,0.5742090477637152,0.3921775705426608,0.06479547791062842,0.05858869552018142,0.6161274056271374,0.049924853386214,0.04239467878337673,0.3066941906064496,0.15939702645808376,0.09497233641550072,0.10830386076895793,0.03873056518277289,0.15707139434736406,0.5161684303616962,0.1475040183083179,0.00872964048900123,0.27025402008961497,0.5030892293100515,0.15970793891729393,0.00624645315905703,0.3219196476644456,0.06984543403989019,0.011760229336083717,0.08761949872599546,0.029054552779989484,0.13394725885011224,0.24348214108307661,0.001417258550267983,0.015738161320682943,0.20103167891064821,0.007310365142359515,0.05381055749756716,0.007532446065237072,0.027775041927803813,0.1411086363011289,0.11176356807450141,0.12511448978136241,0.025873877856924184,0.06541036854855592,0.07876229513208202,0.32477756396489604,0.5738539270032728,0.08368208942143464,0.6991994073109519,0.44715235907137146,0.13668253651346796,0.5451592931867367,0.013046193060031576,0.29151411870720584,0.08691323865233032,0.003832746814405875,0.07099531248458969,0.4007071622570472,0.1281846755680054,0.19218726736484984,0.2580610799304321,0.0023277930980843,0.2540581743399473,0.03890395985979234,0.021558925944573884,0.46377995983065146,0.3612229020031652,0.038515879140572876,0.004717332325742999,0.006479733958062086,0.02551322023987565,0.07098726476145396,0.039636369798158086,0.04373789900242895,0.04811281498427899,0.05276726820057881,0.006303328869975799,0.07042036618023047,0.161785671652391,0.21635094194747428,0.04221093921693183,0.12595775556910185,0.0791880347953971,0.006031748064837644,0.022775233253119243,0.1946108533976041,0.10500095471048772,0.30565517675011866,0.11255893450441037,0.32932474098323944,0.20743977004585906,0.35784205344913517,0.007918971036817019,0.09419893673264228,0.04410999946605584,0.10843694767849203,0.01748149893566067,0.05180990826748228,0.010654191219673322,0.1563885743249326,0.02362915047724694,0.000325000387712369,0.041743189825495554,0.08577897279571553,0.13010045069178014,0.20987051362818024,0.1680075016175564,0.027428391224918032,0.09645707817593742,0.012322539748215814,0.20951154470805017,0.0130508601088021,0.0018467010109745107,0.2039226369267022,0.00688937269545384,0.08657629442704172,0.026359409625419227,0.00966174121201034,0.033594216483647056,0.32176400696807533,0.10428701011637337,0.3097589269752289,0.0036876802731649703,0.32107063085449705,0.19643086891494094
0.8938970678808853,0.6565594964587762,0.029682598487815903,0.026230353770557865,0.7335652415952538,0.585873887353858,0.4664837377462806,0.5209268174871876,0.04502887074253606,0.23649414616524095,0.4456531584713426,0.912949922417152,0.33135489664303724,0.2700888271715772,0.5974830942048327,0.9720742706118493,0.18820568266165383,0.1695595426499528,0.28025656072502925,0.40696726399980393,0.5938466467766597,0.5063335975645155,0.4793347469124776,0.5574933326760948,0.5485160768216603,0.1917064766385409,0.6550381867840326,0.43277710841698785,0.2899254044131039,0.8010945458345027,0.24979784544410152,0.4658050543836409,0.44982337310705245,0.5221863875234534,0.6011773082300457,0.5397490316845432,0.6365328501854909,0.6627454565204886,0.7404852382213608,0.806214004550386,0.49782819261963174,0.6656311858509613,0.39348941285445055,0.8454255113995776,0.42960353297976345,0.471302036597401,0.2037817771254806,0.45045147832980664,0.5715292642443282,0.6174579967855258,0.16945748062832136,0.6460353615552248,0.3293639448756321,0.7297991852634307,0.8573144904133385,0.7172395490334653,0.7228080781363557,0.8054707661029202,0.619419545223412,0.5369555886707474,0.12393243127825612,0.6635829352189381,0.6751048007028151,0.6713300249815145,0.23756656868043538,0.2997552587715199,0.18531145341538427,0.49453333928375737,0.638257047807162,0.3486938011234476,0.385916508940972,0.5696079825716133,0.7064286536124086,0.5968454461105088,0.4637499098925323,0.49384024212229777,0.38408229560563556,0.19890751478281102,0.6994549900066591,0.31863894764429407,0.4825737076135326,0.6966738430156004,0.004061207025011853,0.14462007429408277,0.43038702866948464,0.3185696142512862,0.40262228614514417,0.18278048208624215,0.09184143091567575,0.5326169996648099,0.31867070067217096,0.524030981059631,0.23176665087845028,0.3823525435355855,0.6494290897487918,0.5488262911824369,0.7819205189154809,0.5972601488701108,0.5154532378298087,0.33436582136499865,0.2635741202214983,0.4867134037247838,0.15424346476973666,0.6558706938559468,0.41406686420190286,0.17021691432776576,0.5767490012054718,0.12399770262819922,0.5356562821784796,0.7105100437835017,0.6258067159152219,0.15653025971835924,0.5776079512304432,0.3038832657345249,0.4287329188829955,0.5446169472362317,0.3749997340271002,0.507001759744483,0.05529121077644254,0.3021510923284927,0.45146104969907147,0.21204315056592513,0.47177509835700476,0.6330123675852385,0.0017306354334690242,0.3146923190422118,0.005004024101221103,0.3830945993350482,0.736559470551647,0.8841950279763028,0.8361248114080597,0.9339662355152162,0.3754812826351938,0.35884698235556073,0.3750773507336734,0.5364865107401885,0.4777219125125277,0.6268495912844287,0.544348934868058,0.25428107304846853,0.5617550956896171,0.4271071400095896,0.21959363315769403,0.23863125573749655,0.5505430997478162,0.5560797694597497,0.6442921155192762,0.7135205249891898,0.7098127716404228,0.8214723254169554,0.19614695747084346,0.008211301411866089,0.38342961917983964,0.46418781705204,0.49809219818648376,0.016576160810705703,0.27229464076809107,0.1668712847099748,0.7621044797588874,0.30486956850292013,0.8309174373829815,0.42780021055734974,0.09944770933667421,0.5373515145286796,0.47968900888145866,0.6743487363085953,0.20944093637630723,0.27103748205594264,0.11378044113662832,0.823452723725685,0.9373289792062589,0.062057625038992335,0.029171617461296612,0.3953931312191752,0.4145510807052437
0.9843222658537611,0.022279427977730512,0.6347282517803635,0.5101972076506802,0.14172514236420186,0.06440840721858586,0.465505041402792,0.27969636438614653,0.8033450602840798,0.19475394677179111,0.9351883398326961,0.6625964621991072,0.8934498711831351,0.5754070074907369,0.04522772417551346,0.9880788614740939,0.9882913110716187,0.44628664979083976,0.41201498752294763,0.3595580792202226,0.05177846635944214,0.609152386056477,0.12339598437339513,0.15952183384911917,0.09062050348685492,0.44219210936864156,0.24553105122568342,0.19621059338178515,0.508830956062445,0.36873768493967185,0.4103256759651516,0.5638501419833398,0.1469687172990166,0.037365156662414294,0.6937215250702956,0.014565476126638294,0.5922419171633108,0.6387964911784414,0.8133674220522741,0.40888812056473606,0.39732147643020277,0.06958869983160748,0.2800930314566815,0.27496603822036175,0.5748465151918505,0.3845551164568579,0.36861159794243437,0.18657931425818103,0.18117514216417888,0.14451278618746974,0.6331236536457024,0.05603857341104403,0.22800310191089881,0.1032643739449818,0.20679465564386154,0.1510105005159449,0.3756567778094556,0.07385115029891279,0.7982813815923938,0.19071914308686155,0.24261972797215253,0.17109147647051842,0.5860331991621768,0.5501734457352312,0.08189323973930625,0.22490653184509407,0.40550728758412036,0.16028481613382642,0.1546196429165841,0.11650373919388048,0.48824275643740594,0.7390007629785046,0.2602529334849277,0.5766196589599863,0.709342508542714,0.6705403219315731,0.2893127148764458,0.07182277868443979,0.8277497553275357,0.5697023870432543,0.22117795281530783,0.2638981586246358,0.07625652882136771,0.3803089961255703,0.14075693390930566,0.09525883885812006,0.19140119739277622,0.7910102677414304,0.016761480088651665,0.27467898152177705,0.3969658584082965,0.2919867563346487,0.04784296208051084,0.09993079289955857,0.20510169784297438,0.5409566569561274,0.5232713796762977,0.7559647238944126,0.35294802260527036,0.13600273450719857,0.3966572035130544,0.1901375344222866,0.3758038996820643,0.1850380188604472,0.21232203323042004,0.3227791154169217,0.39938113947349424,0.20809908638905666,0.8549483935303551,0.057267739874449504,0.16580924227409236,0.633443353734673,0.3743536733430511,0.4712742935492722,0.023721752591190897,0.383638902514589,0.1820103768237934,0.642349056048042,0.10609943262583339,0.053638008381305,0.37757092237924356,0.06457746830326513,0.7483514620978801,0.163630046544186,0.27561728407096026,0.15072330650472643,0.05038248510954187,0.34456149218408466,0.18424617541063273,0.43254017902585296,0.7467406440461086,0.9132338490163041,0.4052228851361956,0.6826661673426374,0.49842757859812625,0.8017850372534592,0.8263001691880437,0.2903339648812389,0.553434749049249,0.03166447748707491,0.46432623309246907,0.11873254040730193,0.20377240701690627,0.34874530786031827,0.7012928692032914,0.2613110907541299,0.3048156493344921,0.561137726968396,0.5652729864449704,0.23976422321800483,0.1268284247562477,0.8184333595306647,0.0037725989491972727,0.5612482652562245,0.7234353546572693,0.00020660291905382424,0.3418969344028007,0.30169078617057793,0.07736176861126233,0.16441615494532322,0.42369611365503584,0.5624042761113986,0.18707365348738295,0.815366695965212,0.15237997439618878,0.7256763877228865,0.07936417583897874,0.20823075158280377,0.7795528578147146,0.41938310003951973,0.6564757090872295,0.011675410205592426,0.016770681144438044,0.31176005538985996,0.7269672266251546
0.9985478036751617,0.01912263986912891,0.558551802117326,0.3661980693134028,0.13274947410673205,0.05941716623434887,0.45635201650002,0.339921806594043,0.85416926692407,0.1456158888255672,0.9841716224203245,0.8631551596273859,0.9332351162381982,0.48054668386085836,0.0742023162188135,0.9956242863057837,0.9898801500517104,0.5579103410695299,0.48981454342150416,0.37965251341615047,0.03490657836886858,0.7283933460103933,0.08621485627307263,0.12194944470174199,0.028778442616436365,0.4230555849674995,0.38689837018947715,0.20936946623968491,0.4842315719266881,0.37628946431132976,0.39918893663899685,0.6133196631502074,0.2707657023428756,0.044492046609861245,0.7948833590656148,0.013995138641612295,0.6881079163899746,0.6769987525668918,0.7554217348981908,0.4319763685460805,0.49660355358035735,0.05845166780575851,0.3002211738539479,0.23417726021496474,0.6388496763904665,0.33391509078559917,0.49941117154000986,0.16177598713108496,0.29029874767153113,0.15710602377858754,0.3845658934490557,0.0690031969418685,0.3865457163309203,0.16762824258600123,0.3369432577855258,0.14206261479121077,0.5272580466300985,0.06385279596749564,0.8534829663215873,0.1798068198658334,0.20857981979372786,0.14267943803314084,0.7567697002402509,0.762424935649577,0.01031815766205252,0.3041212648976958,0.4195237019433561,0.3219380318281205,0.17914077367928516,0.11449752763498196,0.5528972942258044,0.6403739915128396,0.2628382159022159,0.5368832931300019,0.7575224736231114,0.7655332582195291,0.3671387574552154,0.07714097116970756,0.8441213747889005,0.6876783831502542,0.19165359221164202,0.32482218263765683,0.07445755876393592,0.4031895116372846,0.14638099687404688,0.12201583110271809,0.28297747801697537,0.7947196799194609,0.022496964121091652,0.2734633074391088,0.35357413802078735,0.29934815201635895,0.052930316420520214,0.16049687167959092,0.3371538056057382,0.44185278084739027,0.733768929705594,0.8523536503269252,0.4871549466976313,0.18239182770296516,0.4655687694774455,0.12883186880975595,0.30386482077806937,0.19128833798442532,0.23514505239563688,0.35343593580678967,0.529449416108071,0.2274761270428222,0.9119882746731166,0.07298690985904448,0.1844739371915674,0.7162147617391288,0.47738231228181405,0.46757041050729914,0.017591065916013653,0.3831004513501434,0.20235931907303967,0.7804796807458091,0.17725645641892115,0.06491060249012844,0.5036265278930923,0.024516357598595703,0.5995705847800266,0.17343882013699627,0.6004988018353555,0.1052944134400118,0.08530802136103224,0.3996444908345394,0.24480496645586736,0.3232268415375762,0.9432507612313341,0.9495544548866158,0.5425803443846683,0.7496371697590895,0.6368563104658926,0.9090425856354444,0.8982078925447944,0.32759931564963507,0.6726967464200526,0.04607229216827509,0.7246989167700821,0.10762092553189694,0.26055395395335457,0.40470618328199737,0.834969611753384,0.27967709789416756,0.39541080342521157,0.6490118633845948,0.4640661261637019,0.5880003565876502,0.0966422499687219,0.16050332935085182,0.007266305609774891,0.6178415218043652,0.8637954547751054,0.00039553878234563843,0.2803465548260614,0.20750792482191466,0.03698611687321384,0.21707228872592504,0.6375570396466853,0.647910302254076,0.2655296204355563,0.8758651608146042,0.13010087564813852,0.8004189672847425,0.07360955054310045,0.38545274452562256,0.8334860554301209,0.46986347574066295,0.7158617875105956,0.011001757324168186,0.027065261529900776,0.36589756826273495,0.8576347165737869
0.9965096144307171,0.05621937742515083,0.7291358348006758,0.3875085765083137,0.7339454767429486,0.5625476563363462,0.8714287204588582,0.13627818739587036,0.8595503791147577,0.5852728895530626,0.9874116703703862,0.8932665074661891,0.9799504981846443,0.6879775607829187,0.7675904471360221,0.9949257458226113,0.9699369403586935,0.7320086841052347,0.859028152281933,0.8428626692622712,0.10723379452675291,0.2549062338818822,0.7016784733156318,0.7813966755378686,0.05635619685245637,0.8627925006862974,0.7930045786821004,0.8695860208204333,0.9158920360283174,0.7571892472597832,0.7939941769464833,0.21204158351154084,0.7961669367807899,0.6579737651688503,0.9494157942055892,0.047332102395224264,0.8367644448012592,0.8269413872017171,0.8428666045976732,0.9365803272581733,0.18926618843005144,0.6328286220711089,0.7734730703430756,0.8611811764848729,0.7081574527587038,0.9456145087324971,0.744538493885397,0.5095119647801862,0.28163401679536915,0.8287351569433156,0.9845061782620946,0.1389926113197411,0.9693965705201519,0.9083180800881577,0.8957100684641454,0.7784329445303337,0.9254767906023104,0.8180114264598811,0.9199278839291515,0.8817572874363453,0.6520597168330994,0.853994449811356,0.9820012403717006,0.9222150818207432,0.7395961580576044,0.7113398203386928,0.9639537700994579,0.7391938227158826,0.859513497181377,0.2698153923639879,0.7594473312740826,0.11627773475253379,0.7853157534243251,0.6590648648223449,0.7992646019877099,0.44359721018588283,0.24489907173853132,0.19008306350213072,0.9457753192789782,0.8583679445483691,0.8320090981189878,0.837450113445866,0.9330393975512938,0.9796793264209581,0.8517543182433199,0.2180380600556593,0.8257966621820588,0.9320673165816008,0.04290669692727477,0.9714939445044184,0.8563391820827919,0.8708783845177164,0.9546236333769043,0.721887738176829,0.893946153570833,0.9337442808545172,0.2888376217728088,0.8497506647239417,0.8678747710721264,0.05467783697741629,0.43525063399223063,0.8708753896889001,0.1174681851812517,0.7838419045558779,0.8476361164927234,0.19240020197501792,0.9098641271060025,0.08841614497058461,0.9615830794203731,0.7153385966582927,0.927480434858701,0.9477106401738525,0.8406598260676146,0.8406053746832498,0.40631368872183615,0.8330310034386335,0.8024343742811171,0.9042858211601222,0.7335895774635331,0.7211304249322489,0.8454321380754479,0.044314754444235965,0.9655087207987254,0.9225726922521543,0.014781548070030853,0.8841498935561898,0.06069038136173686,0.8957921716698153,0.14170491611507108,0.9683638097542961,0.9850751633822507,0.9946823719777894,0.18168193154320905,0.30391486702092296,0.9173411058261475,0.5143743038851915,0.8989641939383614,0.1954852960535885,0.9585870433068939,0.15804089360986645,0.9804741082123836,0.6595169967693797,0.3366757720778291,0.8251401026767107,0.9706128433148133,0.8595886067877135,0.8442660105972887,0.964811469230776,0.9642326809143175,0.9729981815426934,0.8756848823555786,0.9888584373569239,0.35144206570668,0.8983043727945291,0.5554548405205223,0.002669993883536417,0.3307318781555836,0.9170452731434064,0.8996646491230478,0.30131382931187656,0.788803892986418,0.3230977662325043,0.9673347813538263,0.9601402097037741,0.939745934770605,0.9216921440013909,0.9689891289228143,0.3917152742630437,0.4110023474733993,0.9251961935819794,0.9797425445789023,0.05183643984788251,0.2694548918006567,0.18458893245901623,0.9323057108713441
0.9962040498276306,0.07083299808703003,0.9140679053059829,0.8818594978633568,0.9785498358697097,0.8457485201477193,0.8736752302055915,0.07262051152992717,0.9334573625993612,0.8327477612867731,0.9952985334492392,0.9885977747283151,0.9839976409788503,0.7666923268379804,0.9802888233212487,0.9824331016636684,0.9933424267900298,0.9125012496418402,0.9368321404683528,0.8535011654979453,0.27999458395995236,0.27831354938956,0.8985825441890634,0.9331591866683804,0.0914336632594032,0.9643998745759497,0.9237194125508615,0.9054021381901065,0.9684305718426237,0.920227121166587,0.8862200511088366,0.5606436305828768,0.8876932176425785,0.7843959857776724,0.9893104974850148,0.16685377785283442,0.9658144119771863,0.8465910161076182,0.8395623761846724,0.9974191718475554,0.09676520406573634,0.8644106068098227,0.9628955263138597,0.8503681386454213,0.9721606761293955,0.976339161971028,0.9424988775925787,0.9272203517666064,0.38181919824312704,0.8464941787477597,0.9497207186100892,0.11137135367183922,0.9957028311192215,0.9413808161276342,0.9965058860637677,0.9912414723387959,0.9960742429731372,0.7839028933756055,0.917274864867251,0.947177724335885,0.8266235553505256,0.8799884132748863,0.9867154276764118,0.982069912541451,0.9564724380040277,0.9779545225971268,0.9845653248639671,0.8693130490800949,0.9272907533121878,0.2644824987109359,0.9121778824778899,0.07917492606141029,0.9637430788164669,0.33261137676929814,0.9724604631016436,0.4534747785141194,0.4987606642490639,0.17488306658717379,0.9286177345293711,0.9452240831072779,0.9642258855893795,0.9469548582348888,0.9692421544760671,0.9857912628825145,0.9690940536408934,0.1561561818896569,0.9891361126267073,0.9568402951344027,0.09210588101732098,0.9892783397577464,0.9352056662945509,0.8195204951839351,0.9836467510824625,0.9514846552488079,0.9548500745652733,0.9905190097634096,0.18710471179375657,0.9679082175996444,0.9818929290819269,0.553224701048579,0.7228426429943566,0.9926078248555829,0.1719168009424875,0.9034304467296089,0.9051252468610341,0.13660326444499363,0.9833571709350961,0.058791918478463004,0.991571004362986,0.863965183447163,0.9760770981450153,0.9789329811734822,0.8139197534034208,0.8072762156130059,0.4302632994396757,0.8752937497384206,0.8748044920329453,0.8453125425376538,0.8207419937627278,0.8441841776733785,0.9872946843545688,0.020465793411350353,0.9431026753524127,0.9896108379509362,0.026975307187687658,0.994896759695374,0.15385345764298872,0.9643221379407825,0.2382272704831602,0.9807048941119457,0.9622799576836882,0.9684465541612699,0.19576140750832308,0.5162475986106444,0.9559672508939115,0.5809516358218695,0.985856630941283,0.13781826565921745,0.9274757200358513,0.42908838784179665,0.9225133720419446,0.8305579258216053,0.39085890560558584,0.9616280326777863,0.9555842026266748,0.9250526094632819,0.9090887404331368,0.9252433485760808,0.9331248210284028,0.9725238581151303,0.9663147092507185,0.9839035807523537,0.3721960745341471,0.9468143427936367,0.21160921128003932,0.0037553621187979024,0.3333922658085074,0.9827538817748328,0.9214829191410613,0.4777651528501995,0.49807395913249747,0.42794265974846446,0.9921491829445318,0.9715849589131511,0.9222138298618092,0.9500358849596484,0.9880492347400497,0.30581185096259783,0.7140433078819434,0.9552962547996378,0.9800340424194417,0.20607642048413957,0.22246208542900442,0.5028710534667217,0.9938034569493746
0.9941510714151625,0.05216212404884059,0.8766246545095246,0.8551211775770764,0.9585277179024754,0.7932413221543132,0.8702266286132089,0.06191543898662204,0.918681982882849,0.7499922469266951,0.9918399424229729,0.9099344017624548,0.9716492018107938,0.8895461635765363,0.9076438443218304,0.9666558264035865,0.955100551041939,0.8816498128644406,0.9685166084402755,0.9171380270169773,0.05381499053457385,0.14303212041737443,0.8209425433695466,0.8484782520770859,0.10377565510523178,0.8961949336414192,0.9121930109690298,0.8969348193730001,0.9378756976334715,0.8826811597525821,0.838754227127248,0.1638669843003109,0.9288813365899391,0.8931533990765779,0.9599501648238642,0.04106595156756031,0.9431063675570212,0.8962307898165903,0.8421394728029207,0.9630829625264155,0.1487625587789075,0.7836908454079531,0.8998319051901477,0.7999229990579236,0.9400357064277141,0.9616171391365047,0.8458906425417759,0.7830068044586426,0.18123121521613847,0.8876599450039797,0.9843271167694639,0.06803335874305096,0.9930743036620928,0.9106310885516702,0.9286055624367584,0.883313463161083,0.934621724882869,0.8847622680942039,0.9727564655080544,0.8803505915921338,0.7828632353698871,0.8905768233823164,0.9807609763891364,0.918596616824715,0.9183850084197864,0.9536860148036841,0.9928080686414903,0.896117090645314,0.9077529221787669,0.25015770268240306,0.9179739008807039,0.07376829288407138,0.8326665647770881,0.7345617438411098,0.9674609149720969,0.31526746660029303,0.15183237751298073,0.18535189612967562,0.9612840743596995,0.9124428345430561,0.8570927338378183,0.9060286605041227,0.9958518644413572,0.9895472675498781,0.8714542754341168,0.21459612499017597,0.9188872801789506,0.9369232777460934,0.06479113173526074,0.9598935520792172,0.8640526811591897,0.8968816460624106,0.9254111890075833,0.849958265973811,0.9433762902890452,0.9515117273930952,0.2355376011624304,0.8845347752087536,0.9188916364195424,0.11092627959997967,0.22969721984195815,0.9147889071433974,0.06813965983647774,0.9233317006198302,0.8489228052954434,0.20458634314514712,0.9471269849522994,0.03868256125471981,0.9351173687286152,0.9255345607621054,0.9327391149376854,0.9865726746017456,0.917517144277116,0.8350870693242536,0.2767133951041922,0.8977933401650791,0.7854777115869521,0.9371520705265739,0.9520617823662758,0.9333505754596046,0.9331662816404185,0.020873779982712892,0.9477126879218305,0.9824662446610732,0.18191790676543912,0.9769397939322988,0.13738400275180518,0.9638539029874835,0.02511729874130269,0.9614684057754098,0.9633390912102379,0.9799445927345449,0.23233646479849732,0.16503532073336083,0.9699148635189759,0.38129451435478123,0.9020215128139929,0.0541852523981353,0.9866719972181405,0.02116203203876139,0.9631046827138166,0.8952718162401548,0.36545998942591523,0.909145844103513,0.977519947656439,0.9678070085187618,0.9400909340869322,0.9640591430199406,0.956319106962452,0.9754587979645857,0.9453735765253993,0.9922966667583265,0.2991001837325222,0.9723749159275349,0.47314481497631217,0.004886257953623897,0.46494117594477363,0.9753997650223922,0.9188524398818195,0.3844148601556637,0.5137970484934915,0.16742721017901604,0.9852002122751968,0.9798906950508997,0.959510251043776,0.9776990695166121,0.9771803412559791,0.3938350776889369,0.4038286398703174,0.9685473178296137,0.9917564040462186,0.028384297711004623,0.2528960223723759,0.09500916405934545,0.949786504011232
0.9557382793466277,0.1690994638330659,0.9856187447902638,0.951371675776936,0.8160319781896521,0.928778458867298,0.943485705979511,0.46931227077765664,0.9925171181228303,0.9427963641666528,0.9007692720103938,0.7945333587006919,0.8723990264111163,0.8365599491836385,0.6959841758991105,0.9961857849243196,0.9766009033517686,0.9782498144064666,0.9932683136827914,0.9797983710569002,0.08698521660640107,0.5000313216264474,0.946474709084065,0.9085021388495225,0.3115288921520631,0.9700803593808621,0.9229290904256383,0.9080109263163609,0.9951102329824498,0.8990844742483101,0.7964299001710345,0.240679534734243,0.9901670658951831,0.9453818770679125,0.9079823786841525,0.24359865631414857,0.955210471776173,0.8953344122810674,0.8976468741729003,0.6686895435040748,0.43542973683849334,0.907678935624051,0.9692029395630106,0.911356953610898,0.9092419632348946,0.9781205897938207,0.8193391636900197,0.9273514733568169,0.4471205894999378,0.8923631874559599,0.9222828955653334,0.7150250378382851,0.9691370143431146,0.9520835077447894,0.654060301072365,0.8281605008076359,0.8449855415761492,0.9041166587471462,0.9545632029855978,0.5438812003430386,0.7577406707933477,0.9093042893064515,0.9706854237570631,0.9532490020867534,0.9095837366148635,0.7254207725068257,0.9338494638359993,0.792971938225196,0.8751709295507752,0.6856031771210835,0.942643317748363,0.2760352138545669,0.7334709584806969,0.23784034772790716,0.9689543490064608,0.36321140799627916,0.2563914205727847,0.6606891015996976,0.9814952082819568,0.9736845077339487,0.8388741143402033,0.9267534453246626,0.9726469062312822,0.9509776256372289,0.9678699466580291,0.17677146972070695,0.9440686022797184,0.903185366891847,0.5330453549206178,0.8724646210027861,0.9268596207434927,0.9664506385559253,0.9671219777692264,0.8312455138930105,0.8766287485123417,0.8172665877270584,0.46704860017618005,0.9059228412294417,0.9657567179114198,0.13345593324247804,0.25530164955332824,0.6658713749337527,0.6492656879302672,0.991714698915814,0.8548961007088752,0.623303967739719,0.8768487598372502,0.472818854954062,0.8388330194536813,0.9418305342305213,0.951928866171125,0.9518199212629209,0.8933371539309697,0.9360453703692331,0.20979071843504388,0.9674078596781732,0.8706365932653409,0.861870267011717,0.979171345458982,0.9890150627940879,0.9756237203003455,0.038922448296594116,0.9950432248335631,0.8714759942368226,0.014342220532891548,0.9172876481693097,0.01689690764737065,0.981545630553452,0.21910221715282524,0.9437224047310583,0.9942155848858542,0.9786475412182887,0.6641359663035906,0.5715378102863159,0.9490500826569249,0.8183314201619837,0.9650604019486277,0.12777246443631385,0.942124887526839,0.11799764977668317,0.9589645793483426,0.9586762961500752,0.8480714387811772,0.9107535576204324,0.9548422688527229,0.8307703365772391,0.9902725702870644,0.9622166593405364,0.9783131916492505,0.9744175363036854,0.9792958381674824,0.9777966688239921,0.30283427981901856,0.7044084618312089,0.057934326994508276,0.10086042296683446,0.3665067735077285,0.843995861926697,0.9300235050379344,0.724927826413071,0.3699901908856133,0.4734083677603551,0.9720461667141175,0.9262248629971331,0.9932103781749544,0.9754330458521611,0.858660089704031,0.6414379790589009,0.3831408299963654,0.9563911144488244,0.9492087013806348,0.12258424215251795,0.13852980733202744,0.46411612182309,0.8639310650029907
0.9989172983454317,0.5889737589874952,0.9935946956547623,0.9972462652954779,0.787755956753521,0.05837021028178831,0.8165620075529854,0.818181625544526,0.9895518922402351,0.5516102021527263,0.891212301262512,0.04743865645245448,0.9219459819237883,0.8022015258207437,0.5924993830277087,0.7278875868888756,0.9157360129212141,0.9437856138182188,0.9264776427976749,0.8261270037148389,0.013529573739634107,0.7210233126770832,0.777181258955482,0.7354250630190798,0.02334717335608292,0.8515992062659715,0.07217595421883174,0.8906409489388678,0.9644221432929739,0.04963530618016428,0.7317454602535026,0.05250945540721102,0.8260534224658588,0.7823661387191111,0.8104905720787996,0.08953188725233963,0.025548284816134383,0.7761692458613695,0.9164411213206876,0.08059674460232848,0.009295113624721131,0.7408776848349411,0.7861510003374165,0.5638855803325391,0.07945902365664172,0.855463568735916,0.8290671874395742,0.06615354377314163,0.02119115011204242,0.8409780497723608,0.14726974063286202,0.8280750562848758,0.9105396337136562,0.7625177085024117,0.07608932180002995,0.010197736807485779,0.1150849091008465,0.7990859352538354,0.9124260073106712,0.15498301747923354,0.7025545458709458,0.7466586070873693,0.1128927738258226,0.7697753153641576,0.09008616586423723,0.03484929115039079,0.9151085892981536,0.006948261157527167,0.2067188101581594,0.7699939302051486,0.66336378881435,0.8164967073445921,0.7068609599858701,0.08037558760539718,0.18525042547516626,0.019983804332979988,0.17660103924693005,0.682734023464701,0.9028175793260611,0.817453643231749,0.13372999584530074,0.7062657714528481,0.17573523518568407,0.8376452547273343,0.7120677196777999,0.7811280387425278,0.19163282076937826,0.9406566717398182,0.00529851076273791,0.08949373431741073,0.10888312090269323,0.8928618714827617,0.05943726348888016,0.024047268746987534,0.7963131479569624,0.17249909059535853,0.21847225784636445,0.7743877324043328,0.13168865269714575,0.008267960239197519,0.1684787998483167,0.059585589748923876,0.026014010509124164,0.8781834379932519,0.033589307617422265,0.679439471991862,0.04051872555589271,0.005712398094743588,0.05558279810313935,0.8138970171604171,0.7809768700308986,0.7821736380906655,0.87318285331877,0.8111475270348741,0.006881237330378606,0.7792795226456297,0.783618445441942,0.18960814978188426,0.015502059498906907,0.004377912720906966,0.6345866165843569,0.033348428432642255,0.9115344204356329,0.013690068968859393,0.9884727547850333,0.04390007014563765,0.006284065580252193,0.7512370711802647,0.0018241521486349786,0.03291261709745039,0.07474657197320499,0.05208037684284175,0.947401645430652,0.035717351941790036,0.025353310866234203,0.06897074116892217,0.15945888120129412,0.01894412794801983,0.12265071631099445,0.0004603030277607062,0.08248329764597277,0.8223755579209786,0.06741470425075972,0.050049151936352836,0.04358123207113594,0.7790874879029472,0.7884179927051902,0.08819217171406098,0.9187221759878405,0.051537739760142656,0.7855259829936163,0.9806945275565695,0.03724152720670717,0.08640064182667205,0.1583434238077531,0.0010509290305919738,0.15991349101041544,0.17995143001630684,0.11266257606362852,0.8321602366606966,0.12088289821281427,0.034730487344832806,0.04335590635143355,0.0847176936583307,0.9243464071616441,0.016048497230213597,0.9040076260479094,0.04856918115472269,0.03825142702672165,0.8687377857437699,0.13122568577435692,0.004234320840356106,0.9793406101964645,0.09333837391134475,0.8917570870252569
0.1260427009825351,0.9337800449220048,0.36995512173165923,0.061877870690851204,0.43125248481921924,0.4628862534644319,0.6466972850275192,0.671155635244951,0.34125460559854737,0.5631160906068343,0.07186568742729597,0.43532768219704565,0.41683255574868466,0.402241760296106,0.18784936171932848,0.987560178763579,0.3525048735076513,0.3496144340205946,0.6477053037015579,0.15933571268049954,0.5465016679798778,0.4816815643160034,0.43550439917690903,0.33395008930722525,0.7277259885218919,0.6236580839058005,0.23603536325446123,0.4548224570975669,0.16127136844063922,0.3981329652331421,0.23024609047014594,0.42410059055358124,0.184830449249199,0.13626500705288394,0.23487321997547206,0.78430237203737,0.2838184638345577,0.2934091820135825,0.7630081579419101,0.21789673233020568,0.22392032305752882,0.7546365710206654,0.3771709429543752,0.6709228919577417,0.180920078470236,0.524899775074765,0.1981409963512288,0.2790639850703166,0.33469440335986855,0.3967607969162872,0.010754153843804142,0.4778935919453326,0.05437136254628134,0.2929191844297709,0.20510532775468424,0.22627678052677924,0.08470211821247192,0.6889505829125305,0.25363127381866735,0.4984972053569141,0.544478957358357,0.42395316651101883,0.016574017760706574,0.3782325856729253,0.24127644947347487,0.2078587071935581,0.03288422496279298,0.3649994040461942,0.22771580356953544,0.17243801596816571,0.24510554799596573,0.7097215005642987,0.2569703302799689,0.6670125925926509,0.21032922468022539,0.0694610035534627,0.6157192892757508,0.21894667870624357,0.07120736580463399,0.3634658241760097,0.16847312850110902,0.3248977002034003,0.0005807551622627217,0.03424537179394616,0.3697081161347473,0.2774194385028755,0.15031654372059608,0.2742664484117522,0.13256362222892892,0.06777284066111229,0.37800407158960897,0.5062556548393524,0.14754661552165532,0.4390769330554397,0.2400694545152163,0.2693128336871282,0.32526683873960105,0.5341118081873143,0.16665000825012075,0.23516170014139204,0.0677940697466496,0.3203196152865353,0.14288685538101772,0.09370546511853807,0.3002523920199306,0.4517475198170631,0.22645053174566973,0.1445077540816607,0.18035543075390623,0.2907359409674246,0.23370571091905643,0.10898339461021705,0.08586189466233722,0.6765674255228799,0.011258570124005407,0.379925086471274,0.6643770275671198,0.04324093424767083,0.03084663189585978,0.08643048494107038,0.2125939835512418,0.4279303171414336,0.14448930377195626,0.15524969880044626,0.0006188853881762769,0.15398995958067574,0.005618521341124832,0.23342889240131653,0.7157022183988606,0.7047487512363715,0.25761840959259646,0.442607069333291,0.16761007361281477,0.1414471259905093,0.12576706223220194,0.015084331325291576,0.18942221885448202,0.774862018346916,0.18554988757181365,0.168793702707729,0.31338652387872845,0.17121430699042312,0.028023429333036923,0.12713735752839736,0.17979188522913336,0.05739505684345923,0.24473034882824418,0.04352347145729453,0.4137678495579887,0.13996109028098114,0.3690864039044141,0.004883505519306955,0.008933565593197424,0.20960201974045475,0.19431349375242318,0.04780514746950397,0.01920176572055505,0.05158224115842494,0.20367941138050413,0.1017587361032369,0.3407167865020997,0.1142965412850407,0.0029310234615534145,0.08965047259458603,0.028831302272719697,0.08941807935701067,0.028071788175006128,0.009564072567111354,0.005134461896211703,0.09297621383410523,0.2722457298566853,0.09170860993940162,0.00704502774179934,0.19706320203638492,0.32197193030417987
0.993937728739158,0.8354678009377458,0.9993204541213393,0.9993942547029229,0.5950763493676894,0.9495664412844527,0.9276859673439237,0.5981770561425002,0.9994847858868083,0.9779530552283917,0.208331298814108,0.15966648103561895,0.5033136583615638,0.7980782406839803,0.1186230526088744,0.8869583318547675,0.8571832825101713,0.9921870474196244,0.9927811383566144,0.8694632211724633,0.1155896336098413,0.8215517856471617,0.9646182896225834,0.5192227309041267,0.06634280941723443,0.9485472387160243,0.22987864949003736,0.9371185886520297,0.9997961594311187,0.7505154960864374,0.5138604958881208,0.2828849802710554,0.9203460889377486,0.8887844146093612,0.5908779102170802,0.7674190664878565,0.41991286220950635,0.5422121664476572,0.7456975922734155,0.011832468156542979,0.6271622606204845,0.4325390087738457,0.7601745163117005,0.794639301560004,0.5397939986773606,0.9087979977474326,0.7452256171329312,0.9197156223380123,0.4008444018006982,0.6016271949399603,0.020588467899444407,0.8837659710807663,0.4205683438966759,0.7895486642572052,0.09793314759670017,0.04871596092911175,0.3549680641977405,0.7392799181360739,0.9508012393028723,0.4433532620226499,0.46171153783538194,0.9300900416407327,0.6334794749120709,0.7313498686130222,0.0662350648263599,0.007935898720065995,0.42792972855200606,0.024011369312641397,0.8822393410460263,0.91014596037625,0.9697531642045267,0.8268739549642469,0.5048907932629458,0.5807296240495345,0.6764802830188283,0.717971105264183,0.5665327438142306,0.8940551821589264,0.9412044308957987,0.8623744274127483,0.9595156598659376,0.5238269577509251,0.11302110832295736,0.4472408370641738,0.6603325686180905,0.5403905978012294,0.7613471026697366,0.8176770824230708,0.8416330298169085,0.5233833956613352,0.558849440403741,0.9457297529875415,0.4105773070557081,0.14147280882200464,0.8311298925510435,0.02298786837833841,0.35190335658825633,0.5840917311637412,0.5170506953310775,0.0023880464641743,0.7115823136860918,0.11817882216319289,0.762260972474057,0.9708161748963244,0.7085183805936224,0.8604974849807527,0.11892789728648535,0.7402851657961325,0.13429185211940933,0.7680004756921245,0.47132929755963837,0.7098999317931545,0.9070409720271657,0.8183680441389081,0.40813048687098263,0.752556494091568,0.7111494640856364,0.8413834711852499,0.7779946585744051,0.7959352497178176,0.7787477455616495,0.7481387292638553,0.9615556190996195,0.012155791505291572,0.1367934985148212,0.006717332352702249,0.4799099170269757,0.6144369040449337,0.5687242000121512,0.004213351212530214,0.5301330818013302,0.007967327966619678,0.9606922877267461,0.8261569495315385,0.4761314760128774,0.8263419971113318,0.7021950295124305,0.7801636172134252,0.0038644199485308663,0.004209958100508959,0.0023061678981831555,0.8688269694404673,0.9420180922362552,0.5686470505279431,0.2559427277029963,0.8571324102229314,0.9225944107667413,0.0925493057720523,0.9400912780253834,0.034126985297173645,0.9342035901048221,0.12416564434003065,0.1093235581889583,0.25529606437568764,0.0028762023148191456,0.8744851407941536,0.4229803072045334,0.4168370482492439,0.5828734047469983,0.8211983958857688,0.007621559577090093,0.8128047173762973,0.6486975074426748,0.18026052854622562,0.9864020792664691,0.3650526144429353,0.3136100493931062,0.9276232106680621,0.6145588473659009,0.5840737088984691,0.007325146119286288,0.8908119971100734,0.6690433537629942,0.7787899290161626,0.8233591312958582
0.99909770949386,0.3920954128397966,0.9893479331423358,0.9937480623721192,0.825817839660529,0.5733542532599637,0.5662748819205701,0.40341654864128185,0.9720164418929205,0.5174716207975669,0.9012730197739846,0.3297687903151951,0.9056188043753634,0.6727685290542235,0.29850413024520706,0.7626010975445819,0.9449766029964088,0.9713196059374765,0.9116055198490739,0.45344794813938516,0.2045770151241648,0.8012624055180302,0.7033636052224274,0.23285070762479249,0.020245798748903462,0.7593133227881121,0.22399659088478577,0.8974195577148854,0.9981687671538951,0.5489399431734115,0.5534699494312553,0.36907575134840753,0.37830373617976887,0.6548160188788636,0.9041296953444367,0.5159030534677004,0.23231704879171705,0.3037689283198298,0.8105167773699087,0.08220209174994964,0.27838273990525453,0.2404131620838293,0.5743875539832896,0.4316210097454523,0.3677166273292421,0.6899582526255729,0.7504988375035202,0.541517695762956,0.21705609257557876,0.2961373371450816,0.038374215236936564,0.6203224647409815,0.908879197091881,0.6959283466928955,0.33652383207478637,0.07500261649150908,0.5126461419877417,0.40460440978349815,0.876345269323126,0.9172649625014289,0.3380048437557864,0.8544718415777354,0.4380186513482853,0.6354680582079347,0.032662456340189036,0.015910039499394603,0.9220767086162922,0.053816874354008185,0.9755034396082511,0.6374765837696742,0.7728438899727276,0.5680509053585229,0.6412161496547756,0.6563192864195427,0.5382407128127199,0.47392188910291716,0.7231142239350773,0.32711261492036464,0.8184093856925821,0.8299585823839082,0.9578491571558785,0.5721130332199744,0.08590957217830075,0.8512756333765092,0.26577756602055114,0.5933218473396895,0.5780183009116384,0.8450386357368272,0.13241984274650478,0.7594895882097166,0.3161329795980336,0.8000401701852391,0.4018807527844398,0.06200174597542064,0.7706261144961181,0.10791751933471928,0.5768579649499523,0.4883301501846889,0.8107329911826849,0.008426529922793002,0.7230377207652082,0.20078559229440845,0.12551836176322742,0.5585282729013927,0.42019059505587614,0.3541598790915544,0.1911692945557832,0.08309476785604313,0.4713692103877217,0.6616075715081052,0.7084248582094356,0.7197823245416255,0.49131789917912483,0.7886483882179198,0.1511683974088004,0.5527539284938287,0.7629505465364976,0.905115611113179,0.19029987203905793,0.0929456120976367,0.548372734365487,0.3297449145558514,0.7515249380857114,0.05220575998424719,0.8630810304858886,0.020238140054298217,0.4363995432518449,0.2670034508061928,0.3538868598607246,0.01574575007579481,0.08712313884539374,0.0034960365234365798,0.9205298490338771,0.36857186951313475,0.11504152134332699,0.4233203906634886,0.6238038867028554,0.5335755377651717,0.0029620615793654703,0.02595221240858174,0.0013383907786231122,0.4895849150373994,0.533991551922276,0.48025609397291574,0.35301849278171976,0.5964206135703494,0.43893129936237835,0.287004726328475,0.7701975710518197,0.005777309289970876,0.8507361825664216,0.2941220913824078,0.0682122077120998,0.4721518807797565,0.03028959512435126,0.20523932120653968,0.7645015240020002,0.2797930598779785,0.05000751150337875,0.3757070295759615,0.01421828033672873,0.5230236287968082,0.40331934094940575,0.24708224336272752,0.5445312043179842,0.14052165555078913,0.8325522003434097,0.6065653212964421,0.35596386698436566,0.4631207822765974,0.009043857255612233,0.8769930296809385,0.9700653693679561,0.5277765300245694,0.8816901127760689
0.9994629809713412,0.6477703145844271,0.9874039095121377,0.5124686029157804,0.0837294314191575,0.12616569261691155,0.25455300509509426,0.47129412194564624,0.9716790878413394,0.9674595314487893,0.7950338231043703,0.06535422396811764,0.7288732432278887,0.7838400702272287,0.060087804506701335,0.993299749016107,0.6627906370045804,0.12655090121236265,0.0868968082782542,0.5226754998630857,0.30814005604440714,0.7709805114471684,0.1103664234340275,0.14837517478997872,0.00358911988907845,0.0864638348568069,0.08077664156850912,0.399527146708133,0.9687994218632272,0.19963926126322737,0.15730919024732604,0.2659081117299692,0.8345931596342773,0.06002375141640412,0.5672178272954794,0.09189390431457516,0.2903053969239044,0.4465163477827121,0.27863723054824013,0.00957616059656418,0.19351505887503342,0.3293479560227453,0.2073220687218807,0.12467068475846729,0.0586113711405181,0.10535311616715046,0.031901138924153555,0.09426201860050341,0.783752770515225,0.5483866853390779,0.024255958684947773,0.08780672222715814,0.05579041273315968,0.8209393974467485,0.0809856267725735,0.01171175814066209,0.15616091640082214,0.18800482569945087,0.15083030440590253,0.7659607267164238,0.3196615842462464,0.23213515926908912,0.08676850794781822,0.11586759969491943,0.0029605930917263137,0.005043438612043614,0.22015329110763882,0.017755418657418164,0.4242238096253434,0.5829430081904873,0.11661130210134016,0.02255422272862213,0.07896542909156774,0.6032222667077134,0.27223599267347226,0.1518082111871485,0.5694095124628377,0.34843247242965664,0.37392949709580187,0.5787378002470324,0.19604771003328525,0.12814382149656975,0.037726374369155935,0.1905214384641039,0.14281982861148756,0.5168878200440784,0.36031170125087914,0.291821088801715,0.1525324764284314,0.24042951079999236,0.20311180308534216,0.20045722090363172,0.2544645021538114,0.1394144106881975,0.22436605004222732,0.16576214354835397,0.10024719742451385,0.6255953155871242,0.26307298994541806,0.0012093692613190452,0.322325895563416,0.22955582104632327,0.3583433198602535,0.11946228085753385,0.06887284492516829,0.1761011223397393,0.1367265586391744,0.6298174285467836,0.5927710471462876,0.1743261370215156,0.1736716614805362,0.40753955783570944,0.0753451878839199,0.4529935274340632,0.06746604776250006,0.04686628481327551,0.5103254517844412,0.2421966515454572,0.2801640941257928,0.27994105558461757,0.22010944127825918,0.26358201014713295,0.33177809229482413,0.027379628230392486,0.011095751580308105,0.011528927246077406,0.39134703112197455,0.07440759230380764,0.27120608129712226,0.05133207686564483,0.13658231378522118,0.0340895853278184,0.08213120079972262,0.5496673816582968,0.1390686605556077,0.050172388723785426,0.6196105352155262,0.4656655753926748,0.0012055582716287837,0.06851045362428425,0.0007495126742686398,0.03643312761186129,0.10509143143623606,0.15233726510077433,0.17332705968320325,0.23277676630206243,0.22120624638486686,0.17618218892918938,0.5707006327302797,0.0029527918037323326,0.5797703272809464,0.0573593587894161,0.03209663711457338,0.18142026735835673,0.00585845441901336,0.09780105624144889,0.057066589565393996,0.13550588434316105,0.01084969172563344,0.24604155119541768,0.01018051270297224,0.5322848441051505,0.20815070814301626,0.10836546090001596,0.20727268705920207,0.09727375323625116,0.3763896280357868,0.1738559891622214,0.1383949479590725,0.06928796113372847,0.006018439411248848,0.5326137469781814,0.12308987218289048,0.6423623626111883,0.2001650319641125
0.9986740450620897,0.6398566142800955,0.9601016820201669,0.9425478616825341,0.476395488651941,0.27084574508167464,0.5290514281685479,0.6118199923628879,0.9801983906949396,0.8975516289841113,0.7445906816206589,0.26149455825700396,0.5106280734287277,0.8977164964288846,0.3792976790152132,0.8986711574270232,0.4836233980801149,0.3020549384036326,0.11441374717764279,0.7170515895907853,0.10146105672983224,0.3196971306647862,0.22407864063354033,0.02438641306552462,0.04158741083335489,0.20633026266164362,0.10676660906858358,0.1377618870136632,0.858591648115673,0.15128658530260294,0.443441257985421,0.20093077441923698,0.5980398805334405,0.25706665450030386,0.22088625677676996,0.17372012999219838,0.26914710885829857,0.18481979806621107,0.09150180566757754,0.3250011329068281,0.07633086006781413,0.7043199588631219,0.4084315293197292,0.09742482500626905,0.4247249607860597,0.03305749024648478,0.22507458131834635,0.2841903390431733,0.5897924088092421,0.42102832067566437,0.0873081796613911,0.10872704836497725,0.06702350472105027,0.4645600806524405,0.6203759092733788,0.17360014168985485,0.3416499923246948,0.13310670805054084,0.09638676418970568,0.6162423805194542,0.08895286106287381,0.15531981718035487,0.1721566965148234,0.28962091580978694,0.10594676315927519,0.18211061023705305,0.22850237235988438,0.043953225092213645,0.44433560437989467,0.7186640945191831,0.19468074393499302,0.029403996312697703,0.4978681765945962,0.13696350051361306,0.21743039681815574,0.22507536802956463,0.06701552333133444,0.14452643849773442,0.3312080088822671,0.30935325906926275,0.3027029718079037,0.12715377048311918,0.1730194085610706,0.13927554267807377,0.29756310742561015,0.05386939800416163,0.6018446449027971,0.11396791142197188,0.12020847511694373,0.1070621301148289,0.5342488378822087,0.14744626145988757,0.05396044979841326,0.3592304085651005,0.15967827140156507,0.5325695185603503,0.061383861375458953,0.36255232981789004,0.39501201046987533,0.12265328709980192,0.21289416976280273,0.7283030455010925,0.2862356044717062,0.25150435361608514,0.2918272565116984,0.057993848724172535,0.5280244197863345,0.7313296272470121,0.32596824882199005,0.16945962521317368,0.10478737937503335,0.11908390576896184,0.18246766146344343,0.2756859025672609,0.04603122534802233,0.05889099174153525,0.3629639671086909,0.12201746486583118,0.12941214362432588,0.12174810470545978,0.33806804535453044,0.1596753574826721,0.4485452794494375,0.2545491245154386,0.10639646600878959,0.48781219421416727,0.22238649030580918,0.2672982574206914,0.06662072270576956,0.38308633780912826,0.07313395574511791,0.06689388231756119,0.20880963797944807,0.1631693423484764,0.3268987526459487,0.16807368850377183,0.29527548585915936,0.4402279294634408,0.010763620265501747,0.07513436891539733,0.010589992279267003,0.11627994385245569,0.044947733812059874,0.2407023534734528,0.09729137659958004,0.36395191583939096,0.07764652383553126,0.0473231870397793,0.19964820373827252,0.016485475551157657,0.35900095178904123,0.045997618741775555,0.19926991564152166,0.18713380395957063,0.05518774662577067,0.23153258499665702,0.21188712088880116,0.6620165753824822,0.22454642353959928,0.11379947154788356,0.07762957753152148,0.1688343753600604,0.1004359420082981,0.16696151948993337,0.1111996038273729,0.11069288222820879,0.13916797336971345,0.11383764403187868,0.28305304980517954,0.04783986099660127,0.048553004137959724,0.5899084029073556,0.017385308553063545,0.4896432101327448,0.4559213979507458
0.9174854648696812,0.28228126712462837,0.7726344373453525,0.7232476063518871,0.31681448503324755,0.050074231359779724,0.062280609147156274,0.17580690390506282,0.19805162626760145,0.08805696374944193,0.8996912016182342,0.16671905075585972,0.8378950695300136,0.12635640119427669,0.5790948531967876,0.15862844994869074,0.6507032667423993,0.5024579206164335,0.009205799133617411,0.6927360127952955,0.17908091427754164,0.016172254356926135,0.0919666843310335,0.11541460384480295,0.0652980408864343,0.13444306000844417,0.0051331619499340704,0.099897156860118,0.20976116138764297,0.05003294175296694,0.12417929328703131,0.017431984071324617,0.09390271231188128,0.16203774167253202,0.35448418903640094,0.2179087838469419,0.004324979101903646,0.07818876954916776,0.23527088403317103,0.6834451351582624,0.0019323157049381421,0.4129167015000699,0.0651073097214633,0.18908821849603444,0.021061181725629242,0.11497302888292128,0.21371619731194824,0.24679062209537558,0.08547603022663765,0.3340528489490975,0.004322601803916081,0.12927637573631873,0.8302151984852235,0.17565855933266664,0.4879843687701614,0.5686826881153694,0.45793720518867903,0.40857742215467774,0.3087382011381814,0.47097158015486457,0.11228952891464034,0.026820731568797187,0.7227899644609177,0.1149877457202664,0.11403674474782799,0.05959999053259042,0.8167324752861582,0.004273129015650016,0.7347923527469449,0.12740488285274315,0.05400794465569243,0.3690328769317395,0.6074480749941724,0.1605506274493987,0.0023902944387657736,0.14804123217065998,0.31505948229610786,0.10900746450882559,0.01311663954119169,0.0038871242420712585,0.11027420795618112,0.11893267360528031,0.02175069712040479,0.8061778068875319,0.18313968516233112,0.009758497032332263,0.012050014230758022,0.06278360621417793,0.16526581899224174,0.6607434683318962,0.07467453377353125,0.21721388889711976,0.8497079893568764,0.01942067589093206,0.14724832787735234,0.05336142930723949,0.008217549067381235,0.019071541142259008,0.12171885103156312,0.08990367830037965,0.17746382662207483,0.4303815544499951,0.0012851379090712655,0.23779579489707287,0.018708370409071806,0.03543375443790629,0.00261775276471941,0.004632269403077209,0.01994624449150724,0.35180582883301503,0.538121223688149,0.0035419163600229663,0.10386848394123332,0.029077720098540916,0.07070039467859715,0.5293734732014093,0.059055993197938916,0.007758668157582225,0.001046393825375171,0.007295087273596275,0.021118431403549732,0.20630000624337438,0.021443550127714973,0.008828279488988138,0.0035039519471628472,0.09196250953066505,0.033279510845412884,0.0727026632358591,0.03641962650640784,0.1143482602054506,0.001013483636488442,0.022607556684289064,0.2684387327194804,0.022011178056213353,0.028400790310446015,0.041210470647209486,0.005491377913215787,0.0766932575835082,0.03871013158614398,0.19522901623626895,0.017171075242251026,0.11206157253486558,0.3904718753445315,0.01801900426941995,0.019148256412346052,0.07973274162271517,0.028581635854952454,0.002133957498663718,0.11349849897424003,0.14738785345407057,0.033752852993562205,0.002114009964317799,0.6761478766041672,0.26244047376631746,0.02132485772763405,0.18502326535821834,0.04491499423149185,0.06522106764907978,0.1610381711088655,0.05945598891017559,0.19173507509446971,0.029199008265736043,0.003480862691319539,0.023007089392488914,0.07765509020452502,0.010025381019571539,0.698147137789461,0.02196445976780926,0.021057842552771423,0.5427181477525468,0.10430269019245346,0.10539278311771015,0.04463822011858461,0.05845074643783515,0.2056987576086469
0.9516506072241029,0.2243934486195137,0.7036685221484751,0.6881058370207396,0.28409216560587486,0.036673728621064786,0.0528072501888669,0.171168939441491,0.15310997576992175,0.049312546326784265,0.9420030724116529,0.22341789456745592,0.8856266976065879,0.12151533390629793,0.6082868752581989,0.1658383843764095,0.6968408196377572,0.5564247845009724,0.005930705250586005,0.648228240503473,0.1587284894937422,0.017496116957280136,0.07177584493737801,0.0985519978882465,0.056857029294566035,0.11778834881677609,0.004746897513465552,0.07581624758052156,0.1833086509288561,0.045132324415563745,0.12174717858088206,0.01776865922980569,0.07929659700887857,0.1480599958129764,0.42514179956810755,0.2242300205646869,0.004471283938092971,0.06710700858890861,0.22149925425713607,0.7343568985039187,0.0018156989360270466,0.4599326969079544,0.06306170935984193,0.15560255634006134,0.01808192037128631,0.08939819569739824,0.19271819760904063,0.2394145781083274,0.08391978933388061,0.29102806623885347,0.005215901473640985,0.11716239175306638,0.8843163414388293,0.1766558469409309,0.5774158629130262,0.6313167382029378,0.5337876944319201,0.3459164745251575,0.2824374916666791,0.5493693915499501,0.11023014410181547,0.023730601222530272,0.7814693302306392,0.14025816347484563,0.08035669922169437,0.062150800034278496,0.8454465896170756,0.00555819413617045,0.7774102096429154,0.10835296936445456,0.03892191161354294,0.30606264451683657,0.5890573934333888,0.15620579691709194,0.001999988680728738,0.1443850598696449,0.3615389016042498,0.0774770239306449,0.011576096397400641,0.00409213004908704,0.10755096415242803,0.10969604644721202,0.02094931501757374,0.8279975329729851,0.17265896446508333,0.008996307493467533,0.013752848231399837,0.05932599007369119,0.1088497193244265,0.7195686643910997,0.0737125066315251,0.1952528157343408,0.8539882144087797,0.018253549110580334,0.13455546998764228,0.06429101933163835,0.010509822033583636,0.01778891503994352,0.16892284012879935,0.11201934217394051,0.17665472257876272,0.44242592207586734,0.000978554612426688,0.1923958833485278,0.02063952108338546,0.030736939528283817,0.0031363024983949964,0.003984042922476446,0.023707991683023472,0.3170453422110312,0.6044285802527338,0.003527234602689048,0.08046810446869657,0.03014978308220717,0.07259563394802349,0.5436686124166663,0.06467718742602252,0.007789648006567984,0.0008129369358831153,0.00564036943034048,0.01917917533249767,0.12344425384792704,0.016532772768888426,0.009822124203431466,0.0066542214112381955,0.10766104305845504,0.027771446579237448,0.061155069722818874,0.04258146308673383,0.13054405274033545,0.00156500930263277,0.03356322182920597,0.23863777983769083,0.01852697013372588,0.024619187809039912,0.04472379762186933,0.00589028838374276,0.07040118872901027,0.05011098681251631,0.24742249653855405,0.03054688692107084,0.08413753736571546,0.4177079266472422,0.018008524679336006,0.02045811679560081,0.0619621198449892,0.022797521605971927,0.003001941073128124,0.11139657103460285,0.21407469994721776,0.029587790548437572,0.0014671320933507925,0.7497319757759426,0.2771875867117327,0.04335598620158775,0.1660197487542217,0.04862122800694769,0.0482362464664992,0.1250495039748992,0.05004228849740969,0.28951464701395224,0.024834560605675935,0.003909644396808818,0.024287506549189004,0.05934141365378022,0.009870912651197538,0.7532205458907196,0.022520412898848874,0.018476593991198435,0.6044321844491567,0.14391445948891687,0.09508916766394566,0.0692199489675729,0.0550351790449272,0.20574524547889614
0.9332429994304408,0.42113309917487485,0.279612060456781,0.2753492622363663,0.01574247158521,0.02420238883094703,0.17837690082807334,0.1165744658358179,0.44446042485562387,0.0072665573653720615,0.8206396782609359,0.023238473085943394,0.8943135949158616,0.07343092423845687,0.36171862224084733,0.16609876955853786,0.30204954854474003,0.7718040364835455,0.014044953116520492,0.6180216764166598,0.022915573570318024,0.0032960951404648812,0.017027309086818643,0.011697339813250177,0.05316195421768247,0.23755289921280884,0.0013091069694112418,0.011139435237885315,0.036243175472731114,0.03713889347645153,0.08805032656193572,0.0029902563618658374,0.0377729056740772,0.22794310200376894,0.41009323653681434,0.18424974312752881,0.004164714151455044,0.019812168846407248,0.05337064170941656,0.19417575876064905,0.002936626913673047,0.19904324138721205,0.018030530926669654,0.045041765242794685,0.003909177492205007,0.022753172252962344,0.030544152251418724,0.037932325337498206,0.03168365386187484,0.12384778642591882,0.008951035644276236,0.1440425863775203,0.6117659315865516,0.044384191283610604,0.05796623070569872,0.3707472751975808,0.07942158902071865,0.1646601218860462,0.24157638906238432,0.4861732950326583,0.018606712074270063,0.006120450521525031,0.9579076779117969,0.1922742985455933,0.1027515444200221,0.08820590836382708,0.7679447267051001,0.011087812596752162,0.6281342620978053,0.1914093267435843,0.018846948515991085,0.6915400433503213,0.3178089898385239,0.39017582464593775,0.00017689971878627787,0.5142332043540954,0.1398025440294662,0.09041611270371695,0.06276722208831069,0.0008979118820547213,0.018141862890999894,0.06060581627123478,0.03157832744274944,0.7530211690168586,0.07361288407944817,0.0046571399267306855,0.002676857114249013,0.018508043800511836,0.10738498835009427,0.371236575126472,0.06990883513647522,0.19570935366566294,0.552838832714321,0.0036448532544822738,0.12702896254134358,0.016681147867771137,0.10018160226922124,0.009571041637026692,0.04770446546070006,0.041914949359346566,0.03900521865940744,0.10733600696907387,0.0005604988393827805,0.3594883795191241,0.007001933442359572,0.03908559398062699,0.0010834878104913422,0.01417790692318929,0.002662498508043233,0.6075060549830973,0.27969939191250764,0.00136466136464252,0.3688834815819547,0.015424670160643755,0.028362966414677598,0.8651404612007164,0.015038195144525139,0.007572642235362523,0.0008295744835306137,0.005753160012577949,0.002920537762575047,0.053999290527308175,0.01674238973835467,0.002526363270846364,0.008300232996750092,0.019336961946268286,0.019473508777362484,0.30235945576673123,0.03221617875764247,0.08165186151791584,0.027669467315276672,0.4272347205739206,0.22648318873195128,0.002969136475434678,0.13849286578099965,0.1431654655625356,0.0019191634973233713,0.22786030921804157,0.5457701119922855,0.18897675683986567,0.538752615207578,0.05983108053515035,0.27295713326458104,0.012048762751337745,0.1294977579536083,0.34341161993277036,0.006739475004363096,0.002070554961905179,0.046995649192448856,0.6214530871301996,0.008499792068516289,0.001693899147984529,0.6896235648034936,0.6774532588717588,0.48932178319190506,0.47122670170309733,0.05350136587641129,0.0322221047536246,0.16167669593547668,0.02310630321002026,0.6971398995961775,0.005894908871394474,0.0022269199209316256,0.11568196892078918,0.03622027668016839,0.019459421467959242,0.583693826767969,0.018848029848770254,0.08985588835180182,0.32450819782082085,0.47766766641391556,0.1349657400076274,0.05286580344907534,0.02045239438083501,0.10760760549193576
0.7623531392423805,0.1917163677910412,0.35579687391498105,0.18942109496766116,0.20584339817955766,0.2339820687508946,0.33287737295950603,0.22613624322739448,0.1492756995989878,0.09818153827126132,0.955523851764578,0.34429734944345514,0.9524393414350563,0.28695761509500095,0.2736933963523153,0.9959777197353595,0.9839154743540488,0.19665392454329553,0.15847745264228422,0.4865508258107106,0.3951921341024652,0.15891843316772503,0.19827385393817354,0.273247906847428,0.058933330133480406,0.38929253213340587,0.13718567946340632,0.21745618501299657,0.2371221143642286,0.22125490595716102,0.39472056334332356,0.18244686967487955,0.11225557929576066,0.06008994736744849,0.47947483064603375,0.2884282277127809,0.25078309015462646,0.3715356831353056,0.5596407365531076,0.19004222474589444,0.1601470606246109,0.333616127358572,0.05897142221949334,0.3470779441923846,0.09785683296752506,0.3284028119589135,0.39049054313924697,0.12584740303542613,0.28265700797882815,0.2231347869842528,0.10660117498850764,0.10144786336861976,0.1960354338121661,0.0963460405822799,0.3407621184228006,0.17249886092160727,0.48344685137167287,0.5010474477552388,0.5274365673408484,0.3596660252822928,0.31612852695543675,0.17970577887632955,0.3041063061534885,0.407479085263549,0.05231467240566296,0.14759405108204754,0.2588718948089864,0.2752538119881471,0.3483018728574947,0.1287238605316683,0.2860672575440677,0.38714011797077813,0.5597097871521467,0.6880768217051896,0.17254841140145416,0.36840515553684866,0.363491145945602,0.11716160987653552,0.17024547489896594,0.1365814193985783,0.20093754078500764,0.281822761999405,0.032152687707548075,0.24617217005452213,0.12277458554295805,0.09294593477874347,0.09021800193380825,0.38093197599668377,0.11441570399985614,0.4120737360121063,0.30948699763250376,0.19586540083739679,0.16378299955686015,0.15497919141494626,0.3061789223120221,0.24352720531019417,0.1988781743572567,0.40239129831381193,0.29746612481124896,0.14104186972870703,0.3741152556130891,0.16285562177254373,0.05965020562742263,0.12286285511331597,0.2730918445421543,0.32343948308841786,0.14116938345169402,0.06150417813953674,0.4931272934049279,0.2798292674921,0.6969885387839315,0.10707863633091767,0.16725490377351615,0.5550447968840332,0.19535247458117355,0.5111169117136563,0.23956708876545008,0.4454876568115904,0.050339797064137166,0.17598169014162995,0.09140651185069633,0.2847992493107743,0.18173037361390312,0.08706697577151397,0.00630470707749447,0.0354780878201007,0.08085101110966149,0.2087109752219747,0.8878684994232839,0.2972280218838083,0.38376445474513626,0.18840382393805669,0.12745551426301868,0.4834839185749532,0.32334644652841804,0.40164230744355883,0.24738520038038478,0.6659938415597936,0.1972379861083591,0.8141739226496717,0.2549317348108167,0.17872226211412306,0.19262108596881722,0.16222687122891088,0.4410308694341357,0.16409951417136154,0.23267368197147234,0.42895470982898626,0.7207004632788473,0.24861826756850086,0.12247047582630419,0.027897158243497776,0.21673169314841842,0.43091916554586196,0.3021554786219359,0.1314376774006701,0.16488806335307343,0.13183932384429464,0.21641619955854974,0.09707037257325732,0.31397880506382514,0.5756682113553331,0.17772578979894377,0.2886895275749648,0.14169743248680577,0.436725695508015,0.14734924260210344,0.10491541596826767,0.23173135052333294,0.13108203652097045,0.24405682666015346,0.1713036653647003,0.11788273747120645,0.2831331973959912,0.31155048788671064
0.9986046810750239,0.9037906772690418,0.9270801993366092,0.7533017672487742,0.7028126439869508,0.33299742745426536,0.7049862367641089,0.9118830779852798,0.9721236096026367,0.9773015316565306,0.9625416531328372,0.3223821179914142,0.7638634305612931,0.8897652350917826,0.12888779060417238,0.9923403619469457,0.6569734197215825,0.6123018128867393,0.8751577593371501,0.8762769014023386,0.7057078709380646,0.9527732799875779,0.4488892018727423,0.899518713861343,0.003429453321916842,0.6406923677722102,0.7167670145414579,0.7055592712327245,0.7218825700444528,0.8878007601569294,0.7705470855691458,0.8846243872466691,0.9456036631138248,0.19412991199027566,0.7842735723207043,0.07913044325440212,0.9235593784019244,0.966437370249699,0.7578903244005121,0.03052218358339094,0.7925905893016457,0.021809851141734976,0.7317191848418513,0.6923511775640384,0.8006946655051017,0.8009323045961791,0.7838355020498946,0.4642129661008389,0.872388807497221,0.8961513058781954,0.0660926912789143,0.7263897385304863,0.8683637625383247,0.939382301286295,0.10707947784171824,0.12595160974705258,0.502185149442539,0.2563248169124789,0.7870652258720394,0.2723012924642914,0.35743304626502637,0.35440471971532367,0.8897253986441639,0.7558886631799349,0.0032595987601385223,0.027823041724967617,0.8923157410433898,0.46087789373865357,0.33920044927406917,0.8036744141132427,0.769422436220016,0.6590494234980715,0.6388803895565488,0.18698160947094808,0.8930210074731063,0.9215356251866696,0.4569402469983056,0.8866732188961354,0.9117610119347995,0.6988769668657699,0.3977126470831545,0.6985021674446646,0.03494058075400242,0.8862349362948805,0.6752770666301309,0.9431217028811304,0.5098535862693176,0.7978250619154014,0.8570928448964975,0.2091137705748059,0.3317543650906939,0.5661574564858238,0.9069557432113106,0.29429871620932435,0.727398045608311,0.20113257397551898,0.6948495816781299,0.8170930669142955,0.599871484483048,0.0019806085542589356,0.29557089400365955,0.2174314787312467,0.9105418775565356,0.8212987099733087,0.20710390962029257,0.8820202441615075,0.10680736805782323,0.9039877199566245,0.8119095636979274,0.5126884903607974,0.2236668180926115,0.9292792614755524,0.843903403430023,0.40518459711263644,0.038914378036301586,0.3948662540134107,0.2937172270142029,0.9205117435229494,0.9581881153688699,0.7489450491484732,0.9122027104869459,0.6229523448964073,0.8908617919996048,0.01726056028624984,0.05689064991431989,0.0036984231277752307,0.9387234753259968,0.8399168679393649,0.10934155281144879,0.020883882525158316,0.3191506125725557,0.0243380234752582,0.8867569528106816,0.9088934468742723,0.8627553331620396,0.9050984281100001,0.9119464134179047,0.17324959007540702,0.0896540529587341,0.15919802531209284,0.0981682607493254,0.146883468389262,0.8336809245823085,0.8089798476129435,0.8642240496080632,0.7517024448218138,0.8474641297423183,0.42500130607267317,0.1280298265963096,0.14036951581390464,0.16830782844951053,0.013948415189944146,0.0023207591467602944,0.8940342564815397,0.011973002304395445,0.05022526687170697,0.004114288126555652,0.8315335429352989,0.07190947261309896,0.9203139495825038,0.017886685682760375,0.8797778680288602,0.09784673562397678,0.7599578220598963,0.8455061764222521,0.8700124208815461,0.7013192014068611,0.8799468667567042,0.9021823016800967,0.8830813815531734,0.02295906680250582,0.271780027174609,0.06588895591546805,0.8553750351186968,0.7805410148168312
0.9986046810750239,0.9037906772690418,0.9270801993366092,0.7533017672487742,0.7028126439869508,0.33299742745426536,0.7049862367641089,0.9118830779852798,0.9721236096026367,0.9773015316565306,0.9625416531328372,0.3223821179914142,0.7638634305612931,0.8897652350917826,0.12888779060417238,0.9923403619469457,0.6569734197215825,0.6123018128867393,0.8751577593371501,0.8762769014023386,0.7057078709380646,0.9527732799875779,0.4488892018727423,0.899518713861343,0.003429453321916842,0.6406923677722102,0.7167670145414579,0.7055592712327245,0.7218825700444528,0.8878007601569294,0.7705470855691458,0.8846243872466691,0.9456036631138248,0.19412991199027566,0.7842735723207043,0.07913044325440212,0.9235593784019244,0.966437370249699,0.7578903244005121,0.03052218358339094,0.7925905893016457,0.021809851141734976,0.7317191848418513,0.6923511775640384,0.8006946655051017,0.8009323045961791,0.7838355020498946,0.4642129661008389,0.872388807497221,0.8961513058781954,0.0660926912789143,0.7263897385304863,0.8683637625383247,0.939382301286295,0.10707947784171824,0.12595160974705258,0.502185149442539,0.2563248169124789,0.7870652258720394,0.2723012924642914,0.35743304626502637,0.35440471971532367,0.8897253986441639,0.7558886631799349,0.0032595987601385223,0.027823041724967617,0.8923157410433898,0.46087789373865357,0.33920044927406917,0.8036744141132427,0.769422436220016,0.6590494234980715,0.6388803895565488,0.18698160947094808,0.8930210074731063,0.9215356251866696,0.4569402469983056,0.8866732188961354,0.9117610119347995,0.6988769668657699,0.3977126470831545,0.6985021674446646,0.03494058075400242,0.8862349362948805,0.6752770666301309,0.9431217028811304,0.5098535862693176,0.7978250619154014,0.8570928448964975,0.2091137705748059,0.3317543650906939,0.5661574564858238,0.9069557432113106,0.29429871620932435,0.727398045608311,0.20113257397551898,0.6948495816781299,0.8170930669142955,0.599871484483048,0.0019806085542589356,0.29557089400365955,0.2174314787312467,0.9105418775565356,0.8212987099733087,0.20710390962029257,0.8820202441615075,0.10680736805782323,0.9039877199566245,0.8119095636979274,0.5126884903607974,0.2236668180926115,0.9292792614755524,0.843903403430023,0.40518459711263644,0.038914378036301586,0.3948662540134107,0.2937172270142029,0.9205117435229494,0.9581881153688699,0.7489450491484732,0.9122027104869459,0.6229523448964073,0.8908617919996048,0.01726056028624984,0.05689064991431989,0.0036984231277752307,0.9387234753259968,0.8399168679393649,0.10934155281144879,0.020883882525158316,0.3191506125725557,0.0243380234752582,0.8867569528106816,0.9088934468742723,0.8627553331620396,0.9050984281100001,0.9119464134179047,0.17324959007540702,0.0896540529587341,0.15919802531209284,0.0981682607493254,0.146883468389262,0.8336809245823085,0.8089798476129435,0.8642240496080632,0.7517024448218138,0.8474641297423183,0.42500130607267317,0.1280298265963096,0.14036951581390464,0.16830782844951053,0.013948415189944146,0.0023207591467602944,0.8940342564815397,0.011973002304395445,0.05022526687170697,0.004114288126555652,0.8315335429352989,0.07190947261309896,0.9203139495825038,0.017886685682760375,0.8797778680288602,0.09784673562397678,0.7599578220598963,0.8455061764222521,0.8700124208815461,0.7013192014068611,0.8799468667567042,0.9021823016800967,0.8830813815531734,0.02295906680250582,0.271780027174609,0.06588895591546805,0.8553750351186968,0.7805410148168312
0.9987095856493727,0.9070251625733555,0.9293811614547385,0.7505585696582057,0.7068484248138271,0.3432094997739759,0.7102022575495043,0.9138770260873585,0.9740855252393245,0.9788866820360252,0.9628574091171026,0.32779768360615613,0.7587512099784002,0.8878009300006974,0.13091074233081018,0.9928037500803956,0.6517761615077292,0.6116389174637155,0.8849297644084885,0.8803520484963528,0.7044545800403549,0.9539121697082079,0.45251020913902884,0.9000635907611153,0.003223263991992783,0.6449477489152063,0.728638851057064,0.7166039301170847,0.7258199091398005,0.8897261408262889,0.7706035218487308,0.8857771691513894,0.9497476981998848,0.19883617447207108,0.7826829775696232,0.07849927069621286,0.9252509378625112,0.967653777972665,0.7557017677438866,0.02957270923116186,0.7988267868061002,0.020899897546735456,0.7341309518519317,0.6970580125026818,0.8075748863975922,0.8055072009899537,0.7935746845455616,0.462764950470207,0.8774844547406263,0.8997069103138519,0.06008490021981321,0.7329964855145799,0.8663524503691186,0.9415308430567046,0.10611658331591085,0.12091233716816792,0.5010042912492859,0.2623598494634675,0.79489677964954,0.2615306615291985,0.3550322441589848,0.35549227546875495,0.8902550474288123,0.7617349169936753,0.0029798280148770158,0.02841955372473415,0.889548526335849,0.4664383985354196,0.33377135021662535,0.8080204096427952,0.7820964431807437,0.6617611812672759,0.641897943548378,0.18604146958031476,0.8973203358136121,0.9242413088784727,0.4549515167273532,0.8930632582883258,0.9140296447237195,0.7046772283787466,0.3957297602405641,0.7058767426989646,0.03508489037126565,0.8845672462783066,0.6784741784854041,0.9448475282592121,0.513556234385876,0.7996222990180978,0.8686730137712397,0.20189207884400154,0.32935254319008556,0.572000080061121,0.9071348677227918,0.3044512468028445,0.7400156453255822,0.19173615407839772,0.700239494534044,0.8252017951733847,0.5946570598413371,0.001952674996025028,0.29991060572717704,0.21063327058617973,0.9122093065285736,0.8279133970530312,0.2060164100430166,0.8854152918723696,0.10760573775099185,0.9067369433640795,0.8137013210256508,0.5234588373720745,0.21782665927807116,0.9310591547875804,0.8534702952074957,0.4035040513449491,0.0379506251626224,0.39264751683504623,0.2924460217085667,0.9239240612772498,0.9613614878566776,0.7592263824381011,0.9162740475068841,0.6290440430263545,0.8902446485693642,0.01705543113501702,0.05660177306002569,0.0034948711472522986,0.942600138889525,0.8460205083043055,0.10930830968646296,0.019749958437654286,0.33077270690650773,0.023785622398188877,0.8930444451723532,0.9130521478672853,0.8700940633953219,0.9093303190852748,0.9145150385315711,0.17715310139631396,0.08906886032433847,0.1564391853173567,0.09682523160716604,0.15230610658311386,0.8343183220008364,0.8115846957933724,0.8692464184062709,0.7608573561931022,0.8556902211800959,0.4180979061884705,0.12522527436410766,0.14456597807213473,0.1683100655817663,0.011851982844098724,0.002295809435642194,0.8944729384869585,0.011352768269867362,0.05350660207311216,0.003979119161974143,0.8336843671187866,0.07135948977643947,0.9241277281422161,0.017463749125327544,0.8851474668730572,0.0990332430298333,0.7643574255494255,0.8497504012531574,0.8735745229225198,0.6907795143044908,0.8858700247895198,0.9061441659093404,0.8804019990209762,0.022104290047462376,0.2745437263203835,0.06351085558516097,0.8587112553622717,0.7902487101737528
0.8756716289735418,0.9965318244325612,0.9928585650446322,0.9394990348118579,0.9794281916415378,0.9796586079718762,0.9632645051382197,0.3142227881776163,0.9756044343471962,0.9909622832585093,0.5534959200179882,0.9620017077502798,0.5274350787456269,0.8882637900331681,0.9518654649702749,0.9991607179539174,0.8530678765810618,0.8922383415765514,0.9530141893185263,0.2699904538701018,0.9655267572524504,0.8260750264879088,0.9801606628839591,0.9553093020250439,0.08500106878673333,0.9702852126915475,0.879832118443879,0.8824031969452846,0.9239898317316456,0.9096678971944095,0.9084487132586497,0.9093266047447358,0.5374555148434781,0.22594453466520625,0.8122716051491126,0.9891943862565066,0.8742110740687655,0.585372695114836,0.8529381801947937,0.9810812030584956,0.25542375374525644,0.9278151238480887,0.8852014048077592,0.8809380134934568,0.9558285093080379,0.9431511893313123,0.9066289658220589,0.9778703708310075,0.8402084824107116,0.6594967485967452,0.001366145697061213,0.2396494225559563,0.47423473937258276,0.8424717346152537,0.9896027092306373,0.9825650741008988,0.9790301423057483,0.6104702757719689,0.2730097199042256,0.8933266181262122,0.9097957219381974,0.9199917166897132,0.04756792943039842,0.9262448390902556,0.28345590287076505,0.9672347439579849,0.05844130599524517,0.8776645672638469,0.6334453484338266,0.32512831827649136,0.9482615459506765,0.20755940172822393,0.9373134837578158,0.4187094004127346,0.967221665048597,0.13316380210094036,0.8701244001775124,0.23917621114066817,0.0866355232982263,0.8750460164816162,0.9591260652664597,0.8028425291457294,0.03714058448143705,0.074548491923178,0.8171779131967057,0.49682170734003483,0.985282114789007,0.883820968504099,0.2771040777288747,0.829492590277693,0.79524399225019,0.35303574742593136,0.5042960110513224,0.9791816106668577,0.8700768794952395,0.9431178925107877,0.05930022160201718,0.8977021411669575,0.6446839056025475,0.9415849415255043,0.8413042689709799,0.9864673428650753,0.5221858727593198,0.2651409586040304,0.9543764513528121,0.3510186691999438,0.9764524717811618,0.16616502098713626,0.8336961048708115,0.4645888519130694,0.7360514824727156,0.9283806281116594,0.18232828909370813,0.5447686801591627,0.002805357377780146,0.13193517068012442,0.77009672455125,0.14531588106197177,0.3006137952849513,0.6133581312398979,0.933013798935947,0.7530395734996642,0.11974708290969208,0.9784423093810479,0.0005116104311637922,0.9862882747312336,0.35140312147666436,0.5733311817041405,0.7699813301843608,0.5533768722093868,0.002414560466815735,0.004712871800665707,0.07937648951717892,0.664605149579973,0.5355437197239898,0.013481582663556844,0.9094586159211463,0.663122021026378,0.004490763500568088,0.4890467420102047,0.0017331373287951285,0.11723234446536687,0.0659763827869502,0.8865306092029778,0.10702924068757518,0.4919981968910862,0.43255009244030096,0.043364347301367366,0.3833575603082177,0.00326823311396462,0.8359404861538587,0.004424960207535651,0.008539071137935072,0.29168494276841556,0.016127949329833323,0.3017716935467123,0.0004996001669878395,0.7775295278937494,0.18166427507941318,0.37180488643310017,0.010890488937870708,0.4774229776441511,0.00824094481842555,0.11731409919525906,0.06839319016332736,0.29330387466370467,0.17220604004586698,0.018718185685034985,0.1047492677618534,0.07995093961668967,0.016911188400223227,0.7595346267698158,0.0007428983503041046,0.701902807252916,0.9529917057213559
0.7635732754824096,0.9757412730400701,0.9714621203292283,0.942318780317733,0.9937893977239804,0.9813027253102135,0.9619410301983701,0.5612068965242019,0.9359186312552193,0.8854062332129886,0.6807166984610002,0.9488686221235784,0.488595426431805,0.849248723729444,0.9075529444659274,0.9978169859840664,0.710099680160632,0.9558488676526,0.9950711601758456,0.572606867038678,0.9130049750766834,0.898077917352498,0.9782318956298615,0.7976944446296046,0.45324971271683046,0.9834205091982808,0.9479139201548697,0.9717529674450313,0.9559496278466149,0.9332567776523292,0.8921662327066887,0.8918876059756514,0.35506445317040725,0.6388196879284993,0.6298557931299342,0.9858302214121494,0.8472445248813076,0.6055212282653781,0.9014546403828312,0.8297684113820136,0.7788045963567554,0.7586557534998519,0.7823840895299234,0.9124227218707871,0.902299789279237,0.9802194130880065,0.9765535817788131,0.96371865871575,0.8154917723258777,0.5838682767513168,0.019541374780936666,0.53277448492992,0.7133033842199785,0.8325944725469123,0.9567912091948548,0.8642213405807795,0.9136243148879973,0.7076271779129565,0.8187848527330167,0.8792948684274562,0.8184714949160355,0.9819112604794417,0.08465514690862667,0.9097397603847112,0.24640606950433155,0.7613974340598166,0.19876727723688598,0.9539329825333801,0.8737658213916237,0.4602833006890615,0.9551256663834059,0.6155336613190111,0.9175710464593183,0.7149991397661282,0.9428678257284429,0.39523981102994127,0.7211591008671733,0.19853290699449916,0.3473379148924555,0.9167469112051514,0.984835299215309,0.9361312841114925,0.07294727281420436,0.20641381814987902,0.6864680779586342,0.6203442634013283,0.9092140839139902,0.9204485212894488,0.20318213155235695,0.7939701828204561,0.6450764527825479,0.7098236696006954,0.1659708395114417,0.8625201695801222,0.9525601608876485,0.8656689694743949,0.6922052383980422,0.7049778821279381,0.7197807709106253,0.8099366218166775,0.8485102167767423,0.8670589396013173,0.4030403376997497,0.5667933129457599,0.9897410242101458,0.5351490225906285,0.9375402849363852,0.18044763786138318,0.7476616671296665,0.683717348623556,0.8846745566731855,0.9280162030364298,0.5395853790876052,0.742218195093582,0.026530905776603365,0.5206024499168544,0.892646889293758,0.7596025766389584,0.40860553624349677,0.47816700574959986,0.7882957195101804,0.7746053936756128,0.3589167502901613,0.9538825936530241,0.05011957400583673,0.7841562260047238,0.3233843845703883,0.6205611123638209,0.6163565384104206,0.328105776814586,0.016182184319709785,0.0040661439756925575,0.47379833175547376,0.3811317908266393,0.4973389533279295,0.15034141660011935,0.8247067117933039,0.8126923890003848,0.02250686239767126,0.1902096161162959,0.012118751320746968,0.6742596468970342,0.19474314825169134,0.837701609032376,0.5320738158588202,0.7811776829661242,0.5392702626060115,0.44465103134603534,0.4156028182557918,0.01480091651622326,0.8172620325368348,0.010250600547583037,0.022721943804217912,0.3198669945790617,0.2589506668901413,0.5634088792288566,0.09482428112638326,0.6714850790948343,0.32392420707234576,0.38807369616594833,0.10019935116786413,0.42510055754544324,0.013028462188864214,0.49443270280687895,0.13757406605117606,0.48187349275794816,0.1193881288861645,0.23198434181231142,0.26235056643156834,0.34219916108125437,0.031036009587428668,0.7399439909197285,0.05291546974908403,0.5643415697343619,0.9594932510669284
0.9273929631393879,0.9925997404605365,0.9914042104645804,0.9564812616488925,0.9829761284333983,0.9491359852989979,0.9869472561139399,0.13539908911958126,0.9939766304912842,0.9851298523520972,0.7598548296747775,0.969663029909041,0.7299942718509029,0.8580538856214325,0.9300580190253596,0.9990111154018232,0.9077309307623672,0.9678406164885934,0.9917221727203877,0.31463591605219643,0.8768955192078685,0.7880850953030436,0.9736634244469118,0.9559019953106944,0.06491400058252,0.9948131135880866,0.8774557958125496,0.908623051060468,0.9065607963214205,0.9447722550625832,0.9517127484997733,0.8821442795583038,0.521255152022892,0.27203049532940315,0.9065480296623079,0.9647259835717585,0.9374052287928166,0.5453824730691565,0.7971097729124076,0.9856949286465098,0.10454677884673601,0.8004674877283671,0.8773705369419298,0.8877794099741955,0.9751084168924835,0.9857640335035155,0.9678752837725944,0.9708398026995935,0.7642760862749757,0.6193854340010603,0.011034885304711434,0.15377889973326472,0.7019007331247727,0.8853524956923353,0.9883327109909111,0.987877756231304,0.9820390109259035,0.3846166339412926,0.43809852856571907,0.855130820458103,0.9305068881599958,0.9142963427811801,0.28815898328626016,0.9775195484539514,0.3877042854883747,0.9904321016590723,0.07138839116722373,0.9636370633421817,0.5480720253280522,0.21951856336645453,0.9676759143171889,0.3416299776466354,0.9565632025417069,0.2842506971434974,0.9746363378501756,0.27768304051495707,0.8703810833264536,0.12844333370420866,0.23238938562627462,0.8861404427172765,0.9531308224342799,0.8664398492944441,0.10726566570195925,0.10896763982557513,0.8409542682905436,0.3492604567396426,0.9810456786009453,0.9220040330763598,0.078135345713885,0.9011180597544699,0.701823728341377,0.3279933804805485,0.4821441253963869,0.9747837076897148,0.9546910124689326,0.9542121341451081,0.16201179372172692,0.8874520896598366,0.6246694596530414,0.9560967809348162,0.8385946256634105,0.9863789246800713,0.33389456641881,0.40887856550738005,0.955956628528404,0.2336632088167697,0.9676050884708028,0.12618100757206638,0.7832695056264881,0.3831045777641684,0.7653782701424522,0.9775700063836033,0.44414224789306284,0.3269629417546311,0.001767780029187809,0.3260698040542356,0.6770232648519929,0.1210877544400202,0.28131276386636633,0.2642731025338522,0.9251766428591545,0.31064426670892364,0.2454383913003444,0.9809584423166858,0.0032569378775721075,0.9766442649954167,0.24282955428240416,0.7818261905530566,0.5845134748985613,0.4128787611834086,0.029707873252376154,0.04548663940422348,0.09824614753411202,0.27249117667289446,0.674784955795517,0.06903062752093914,0.9430988284015622,0.43681123678392064,0.11105898499894955,0.13416751233504398,0.05813641109477517,0.2010083282266789,0.06899767636751171,0.9235485378520735,0.24965892245211538,0.5127616540125136,0.4525680773922495,0.04497611723491624,0.299778565141329,0.05772832633863143,0.7218812450758667,0.04071968537795549,0.0014583760841772318,0.4018832781732798,0.13936334791839852,0.03054967414458778,0.00044361148099808474,0.8141702282630979,0.27578935252744474,0.37758762224286846,0.05837797465586569,0.14980062005551031,0.016616271097362616,0.5077885180402472,0.1371055971750323,0.5045243264456692,0.19924950285147167,0.022071395995908693,0.2267108776953848,0.29555649301164066,0.11234005797116502,0.20205958067666685,0.001778321921621117,0.3534162964526309,0.9920216200421816
0.8379689716023639,0.9827925532764312,0.9969554286751158,0.9428590723359389,0.9876883155928478,0.9400108293083411,0.9856186195193986,0.1330974718724374,0.996115171679458,0.9926462438906335,0.7963064087536976,0.9709242943196745,0.8233024315966697,0.9043245749569648,0.9516845406713468,0.999128600791337,0.9662203005791996,0.9815273304158367,0.9973971766916071,0.3069165724388029,0.8618823313022377,0.86377213478627,0.9839456504750974,0.9748843368579664,0.08239618386855987,0.9961089622061768,0.9330474180024972,0.9024850728528577,0.9105172920919297,0.9009264903086052,0.9194514322851917,0.89356976943794,0.4480308524087118,0.27772168124130286,0.9123922319432423,0.965443298610456,0.9519034478445427,0.40962252941672983,0.9564449844569664,0.9819344175198267,0.04888666227689218,0.9042092936620021,0.9204323904279913,0.9318634034007613,0.9812001919848994,0.991842026454356,0.9855602021223562,0.9757354351017385,0.7656835388184859,0.6455317923616261,0.009592841184833611,0.29103574750019606,0.880638319584271,0.9066100803865127,0.9835671461777796,0.9803829121724269,0.9773172044652305,0.2505286167526809,0.4591342919696078,0.908553138365513,0.9541505683981308,0.8896349738173399,0.17229396710629116,0.9890394718897547,0.46792962159584783,0.9898179728173019,0.09200611547784336,0.960843733910741,0.6810643224863631,0.14733158387577774,0.9731145285048841,0.28341975451491297,0.9586244721272469,0.10058845144405491,0.986167958441278,0.04207107738012494,0.9098855712828836,0.11959245256005971,0.22332355960670094,0.9603035346100179,0.9479398723639851,0.9392618359172155,0.03564963374128525,0.07444836244739221,0.907004157389397,0.1878535049279612,0.9867933978839928,0.9614796804886797,0.06726694387414672,0.8859345558773233,0.8508925468770321,0.2834815777093496,0.721442954892298,0.986330722033546,0.9622783891062685,0.9733721462160739,0.1618218800390221,0.959323783480392,0.7986363350130259,0.941614164654519,0.8825556101361203,0.9790433016406481,0.29760056007621033,0.3330065741763482,0.8981640792553015,0.22341647127679323,0.9383952627054327,0.09808657133832016,0.8616321085468107,0.33551429867365495,0.9039556016264169,0.9778863378293999,0.1930072929012881,0.34107496022961886,0.000996007361054473,0.3844427641473212,0.8086409300061196,0.07388169340984917,0.16733485291259595,0.17700185934269208,0.9690372151650105,0.05424879767700817,0.30952229376056395,0.9581350431030272,0.004520753112476063,0.9698621115354853,0.0313647114936229,0.6160771313421852,0.30773189945557894,0.583455937436806,0.12713474805099598,0.041179321953342056,0.16134066823217588,0.13463687346923858,0.4539225735925974,0.03888740144116726,0.9667432560364029,0.16175947484978265,0.1381592456627679,0.15362979445246652,0.2019581445112295,0.3471341332115756,0.09451682342386526,0.8605043322358573,0.12832140691481217,0.12558670694666094,0.3837430688415693,0.09570655236261699,0.20480955035329093,0.07888337442477661,0.8586813558702667,0.060311969066409225,0.0014453635462988671,0.28995537690452,0.03908433468936014,0.015698126888870515,0.0007764923347628032,0.46053939750367906,0.24705470032981566,0.21239209270670678,0.04364138028793229,0.07143098810741234,0.031469866191788785,0.2731500689222347,0.11928857399821462,0.15380729671779192,0.1626968401958134,0.009585643609174221,0.1405465946108009,0.20097168197951318,0.06561041285732562,0.0702134852162831,0.022467604715160346,0.2251316934855541,0.9947504277964337
0.8112570837397635,0.9021912437944632,0.7558378345823333,0.7552357700231392,0.9493513572357054,0.833948200611279,0.7976369917017636,0.5719710945158707,0.6611994442267392,0.4076744783437124,0.9439559251567762,0.7820473673723304,0.9252480252532373,0.6505462847329299,0.8288700066232034,0.9933332361841696,0.8544937561885848,0.8707365646563229,0.9683666610365663,0.6174346456175853,0.8239406065443727,0.6486889629028615,0.830772422159683,0.576323924855537,0.3727190177562632,0.9392274485875595,0.8133954825627728,0.9334714000328579,0.8188922622996323,0.8369877796132215,0.7114013281960276,0.7896783041595463,0.33707743411014823,0.22279996205041974,0.7425497842478083,0.9382401512001044,0.7850388505145829,0.5187231899229676,0.6106572331061094,0.6800306606705073,0.5715533872748142,0.604977356460817,0.6134591157310862,0.7649132125933444,0.8058367358809725,0.9566123180358546,0.9385828715916825,0.7236714751118951,0.80586538614539,0.6105610715187111,0.09415378658727713,0.24911705954494073,0.9442367164045052,0.7254348928132692,0.8918358387043709,0.7783663089960464,0.8451125116912812,0.8104565488907407,0.8725814895960287,0.829428400505277,0.5048958558898843,0.8692261427803568,0.21536348857633308,0.8207909016525348,0.13176611159128984,0.7173220705602168,0.8547437656682357,0.9121673311195918,0.8550671811480134,0.48413267334532056,0.7095966034127226,0.44297819146890166,0.8068294548873574,0.6595787107190885,0.7652232832001836,0.7321809048031668,0.711744126695376,0.3015827770130074,0.06747916164263328,0.7144574774694098,0.8999248191720094,0.8609638451388487,0.20669423217295996,0.810972334493743,0.6957367462478398,0.6224794948474891,0.6595635635753118,0.8224697671538627,0.4553447381845363,0.5948295335389541,0.43603343390373733,0.7344009448154459,0.6845590266239622,0.6871616134165992,0.8692228545323893,0.6506233500843996,0.3540634652497966,0.5283308232695995,0.8291750475571495,0.7233996047119721,0.5016165198537265,0.778150382701198,0.07380862817551374,0.24190058700189032,0.9400824852153031,0.7500671971415123,0.8533239728990218,0.09703828581422333,0.7481442739018247,0.7144959093557428,0.9283732378554177,0.8174950105979879,0.21224587891135852,0.7394258549333247,0.15404362955333742,0.47654338832982757,0.8156175103533023,0.592989530874671,0.38021113027114556,0.5900806614131766,0.5820398886703534,0.7951298634681986,0.14356638744960346,0.9248207271901843,0.05403550825846942,0.6724459043388434,0.7120485302427487,0.771830040206374,0.8447715493105867,0.45657444165479044,0.0374837408836543,0.023985049868267144,0.36011100017805153,0.4707826202136049,0.6568190189736731,0.19386920502055086,0.473068925859449,0.8361226728799229,0.060346921233292376,0.6898516578877967,0.03531064120972349,0.3282849832418727,0.2868371490799983,0.7031331536067762,0.8526890015322742,0.6784134934415058,0.4242025692431863,0.23586576665727446,0.4400772744414576,0.09816174690622344,0.8067004529820297,0.01817250724576657,0.15014546306121668,0.744487430048185,0.4517669807076123,0.7168287815192422,0.3249305474068666,0.6947612714638023,0.130966211536045,0.5709328175705659,0.34590808058655964,0.5443274867576222,0.02834876758845921,0.47538754957715923,0.0850945439562439,0.7198274022111046,0.41712991907413044,0.2929681235009689,0.18090226623194358,0.28857484831236946,0.12084974565841428,0.8653991074264812,0.07384176793951448,0.5907965940182986,0.8881776250504734
0.7859122782619515,0.9179134644929889,0.9082722047593355,0.8349682879377716,0.9718107703258702,0.9368535167998497,0.8689325470534711,0.38729108112896726,0.8528630093781967,0.804042313995769,0.9409219865849315,0.9555021011903199,0.9567739006248602,0.7672561470742721,0.960357184760849,0.9931024584553191,0.9660000586630906,0.8911949906998303,0.9489325544932462,0.5272068518841396,0.9070470342909918,0.6094740026394256,0.9456903761851752,0.8430047923553534,0.3809489899830521,0.985475654936835,0.7353772809972613,0.8978288830753077,0.7960046520910175,0.8478333149472127,0.7599627083217152,0.8985350646422956,0.40003028588558964,0.21188119305885672,0.8595715226908457,0.9811583748561438,0.8770008608432498,0.48876155207665606,0.7090873752840051,0.9677648189002407,0.28626326083295356,0.8898784393640986,0.8399016372720675,0.8284910975074637,0.9259603032848994,0.9731500368534617,0.9598560146989994,0.9351607322897391,0.8573076903804464,0.6669064818416562,0.08445757264055934,0.22459544874787574,0.9488571490518198,0.7458353599282783,0.9927116365657589,0.9788000375667134,0.9857669611555054,0.8251351492235816,0.7073710110917552,0.9180313298811935,0.7943191441884893,0.8517403787254916,0.28863256786237557,0.9577606316023649,0.4895741204516831,0.9110648002353017,0.7240796608920095,0.8814968728930717,0.8081212355325775,0.419436478042848,0.8289681460118162,0.29953825008532214,0.9430090763691938,0.5135267676345182,0.852836225619992,0.5331556201244291,0.8773718730421177,0.3441353871944629,0.05484255316526625,0.7570581693866153,0.9523401957293867,0.83357835390963,0.09838337688052366,0.7205587515054183,0.9332765820704191,0.472063663867194,0.9619484951847215,0.899251550773159,0.5116024426032576,0.8002907233686588,0.7920688199232593,0.6497823989378917,0.862296444760536,0.9438713606317225,0.8893385932930484,0.9248074361020492,0.09294933274657585,0.8536843604100536,0.8965915787654897,0.8432014725956475,0.6848798928620472,0.9859153650090804,0.1783485643830357,0.2376947376542378,0.9654752583065325,0.8056862850982177,0.9394112572272103,0.13444116400172634,0.9140125747700926,0.5805750889603337,0.958390435276953,0.8452691926167271,0.13712766177834182,0.7841294017154239,0.38891388388530024,0.5021657708768326,0.8796960384882949,0.28731733055186265,0.24524699708085973,0.5937464486906502,0.9063116878040253,0.5187501613485245,0.12982458439652797,0.9507244050421291,0.006661579037649986,0.9286754767297062,0.7020708940278066,0.8047612750774259,0.9577104940981844,0.7233022569228061,0.18167921794491323,0.049563803953911995,0.16099732463051172,0.7552763322121929,0.7710090508630665,0.1571202523518005,0.806896083414962,0.8798570075450843,0.06081506827825817,0.9225693718324411,0.10725530433933796,0.27961694296995765,0.37229531549656436,0.8808262106066184,0.638479601929148,0.6208051249081259,0.4530909677592957,0.09872538940636834,0.630974003010949,0.3285060765935677,0.9011759822930155,0.019792488586985554,0.3780129775588467,0.8108898665755843,0.25083136237540077,0.5771272781224673,0.11432226933918643,0.8780781258283386,0.5440250214146594,0.5848596866931015,0.36196418444193607,0.6656596263528174,0.28232602880880137,0.36125031846675326,0.16225391906409298,0.5085230964476198,0.6720144039423513,0.19536303679071326,0.294892492970542,0.3299513301205446,0.22739957526311808,0.9152395580816213,0.12344414634923916,0.833019467743357,0.9804047731425629
0.9971573847922397,0.9623351950665194,0.5892421547572279,0.4187462475943944,0.674703174146219,0.4310404614091498,0.6245941382351978,0.556055002606708,0.5814797854695098,0.25586986855991534,0.992846141386612,0.839475881979821,0.9671749223836014,0.483240869837116,0.8054570412945418,0.9991663047762025,0.8338654911907051,0.8341299207838536,0.7431957864094498,0.32089413929089716,0.7506232315760569,0.7010047961104593,0.3772304914938427,0.4930781493963753,0.014463628291366371,0.5716453135118267,0.8185381893917373,0.7453014647536089,0.6573284155463818,0.7399056591807202,0.6779129370008969,0.7106826774622026,0.5471135799073822,0.04662718768819644,0.9129187928429978,0.8576086914000819,0.790319852410694,0.48862558212880863,0.28150224691879533,0.7403714026673622,0.36215323056448956,0.589969045138898,0.5145390293314352,0.4427532346015208,0.755813669544588,0.6763381047710657,0.7490198576957376,0.38175170053320095,0.8569193195544144,0.5574465580881269,0.004283614767966923,0.09483124334554975,0.9658295785153184,0.8176200509615975,0.8931636182263247,0.7863860865070544,0.8630805151772463,0.5604378955949813,0.6476510484874284,0.8072421109711944,0.323248919155472,0.5077080937726923,0.28719062982102467,0.822510700110845,0.001657002770911971,0.9045783553960159,0.8392734535204469,0.9536840041399587,0.7943547803326294,0.32035251399687875,0.4109251133719672,0.08115884867829071,0.5525661404477439,0.44994421672528345,0.7462638092608327,0.6976821479522219,0.8243921360262185,0.18872288715801544,0.013913143791379694,0.6994160748626912,0.5369660840151222,0.7034631395181594,0.21618413097302705,0.7638503609561896,0.4095018701233928,0.6724507375846577,0.6804430142411578,0.589504565784595,0.3430203007951254,0.5367868110727891,0.2139013079440335,0.4224340343709091,0.8201697293330991,0.7639553936241383,0.7437142929342639,0.420036800089169,0.24789431490735214,0.5584111873701785,0.8750481954238336,0.9162108396827162,0.3650544285835593,0.5789279712166615,0.019840198268230583,0.052345222790225375,0.7254568181069544,0.46661982119076006,0.9350813300482319,0.05295104703752204,0.7753423792368364,0.6328386958955385,0.8366377905826387,0.8414839410085774,0.07047532523464367,0.4941717339959729,0.004199279186166551,0.11381216431156854,0.5971538959790043,0.3579413322883583,0.4404877167362,0.6431222842228101,0.5058358624026953,0.5808217597475186,0.013705514362474294,0.9579220817017502,0.060294734215847065,0.8579554154753842,0.7800005736350619,0.666512991857087,0.8423012802632462,0.3681431070740508,0.012675179400653755,0.05002840966217169,0.1664960519254974,0.4468886757792937,0.6238840738029617,0.06431370284695621,0.4641649341622189,0.6148804895202225,0.033614201830717054,0.8181651459290887,0.014673566982203274,0.018649538569564965,0.11974805615219494,0.591811524459655,0.8288581533480603,0.32186593293102633,0.2859785797183571,0.12145490267419647,0.16907863314014546,0.05354147269150545,0.5526145866234385,0.00016067329326785755,0.0685924078255816,0.71634620847218,0.487765936979957,0.6966638809995519,0.0075461706805463975,0.2869315575350183,0.002296828640702234,0.5344393771752862,0.24865855716108481,0.4759853966436847,0.002657795916227548,0.2582378614198118,0.009653069120270457,0.8058359450449716,0.37887970359515843,0.09911501210188549,0.03986274360128517,0.10066360921806355,0.08496071308593489,0.7620226668168439,0.0024066390880553468,0.45931278703404715,0.7061268869109651
0.9998445556330555,0.914807982096017,0.6738987083545985,0.8447602917595288,0.5964832016686399,0.20949621995033327,0.5952084118078469,0.8443903676948485,0.7899731289302048,0.6045655517566108,0.9870669259176165,0.31859733441473304,0.9760586060859247,0.7659884727326469,0.22075867237126082,0.9725146513362953,0.8625359672237801,0.5074303661421988,0.18754657445993603,0.1982893180260445,0.48148464134302593,0.8487631453710957,0.20123469668100977,0.3758871516553552,0.008593010928985272,0.207868152410109,0.26751444053377116,0.6518148109294185,0.9290177679617874,0.4190571500037539,0.634040188534917,0.6979109380268338,0.4531672770992696,0.1416752291428769,0.7036612920353491,0.0543411492328815,0.5615888859025095,0.46649341309197623,0.27207527960801803,0.0910679461613731,0.5624193256428618,0.09447865291922772,0.37716823458710375,0.3343967027929312,0.08653526857110394,0.36583988919917065,0.19861370134807654,0.14294085026933404,0.47622311429887654,0.4131922082625724,0.08571353888666475,0.29900695260719373,0.7116655551695303,0.603004163500565,0.16744285991278932,0.018107041647029778,0.2758234601859289,0.2023547042274815,0.4608693512916482,0.7342999233667741,0.5137332176018201,0.37062926659897727,0.8055241399508675,0.26847124988023,0.0027165324046587464,0.0059796417703019316,0.9413164399716506,0.044460841215256244,0.4730297012872181,0.6205369764996405,0.3073450627888875,0.03499246856449637,0.1433682758808423,0.47159459319795777,0.2253640306463549,0.723970250769246,0.606772970234065,0.8104238691797505,0.8087224416571568,0.7861088695054905,0.4121148951007869,0.3036237924138224,0.17073220382067839,0.9468299790860712,0.2921717319585696,0.6967391167593212,0.46587014498025686,0.779836921870629,0.596146910050134,0.5726279431858621,0.6152974077901169,0.3460456021142547,0.8782079676430949,0.1825222725786076,0.33573840514149594,0.4821531083850639,0.30607486907550735,0.6649809387870477,0.4919605727000725,0.004945473561864778,0.7173839161627115,0.2985393694515275,0.8252532204622759,0.322207970413124,0.516962249240694,0.49784026621936106,0.24489588292859493,0.6469063511134259,0.8499119131574101,0.2788529640383857,0.2513944123680123,0.6615011036490104,0.5614211018314558,0.8170727020695927,0.1962238165758876,0.1999620355359493,0.6471427976109696,0.6397588882059594,0.643144092515728,0.5361737473351292,0.5458832145811764,0.4421257695348906,0.8476886380020161,0.013789991977739887,0.10777076491174423,0.1103593585270633,0.834449414458269,0.3008664032344246,0.14913246543789982,0.17715645559323562,0.12462619176946013,0.05814861383321344,0.3364249796815506,0.9058749833301966,0.6591843574258532,0.6313427868345584,0.795199164684579,0.5877895040270414,0.016036992185546828,0.2647990077005411,0.07943934632441912,0.036418034818678904,0.7591499609434662,0.41186832615298336,0.7590202949860702,0.6511805329105836,0.5305358894945579,0.5191462496162147,0.7386860845646894,0.12490832686935958,0.7776036279258292,0.02900398995688543,0.4566756605851254,0.49812261748833336,0.3173620977984481,0.2718910772298675,0.06978834571001108,0.5104706387553783,0.07726675725076473,0.6734924544902304,0.5040642475485005,0.8939768982716725,0.10633070906331864,0.538731827397853,0.6470511017958007,0.34731935315575535,0.7735083367142701,0.8591665078996965,0.8356142599210961,0.3146871493774341,0.16078222331258601,0.7197420575047747,0.06574239163261109,0.7772914803180683,0.5040144888393555
0.999905488004311,0.9092210966607821,0.650429157618743,0.8274398868582735,0.588090917296619,0.1997450308956419,0.5878184862810673,0.8502053285844703,0.7932812611934772,0.5689546550453054,0.9907374177954905,0.3761463196787115,0.9792262802947381,0.7526565889382015,0.24002860252929473,0.9770288340451866,0.8689033268808036,0.5344676661693649,0.18663771685914324,0.19627591669588387,0.4585458160915495,0.8618747767459689,0.1845490022224198,0.3575346807932197,0.006822006831275863,0.202243103880436,0.28859472913627265,0.6455648236383985,0.9263103188897883,0.4168022227167766,0.6314376148526487,0.7059595302328022,0.4802542430629514,0.1437712275232256,0.7310244343457944,0.054236948038607055,0.5806350299676555,0.46823728478868204,0.2582371303291759,0.09534999723197732,0.5775985848801923,0.0939474967011468,0.38008658822333424,0.3189720180489254,0.08857861242609742,0.34812865966169637,0.2109673036436312,0.1386170853628008,0.5023969997320389,0.41066625354413494,0.07454481234310481,0.3039279259260532,0.7498305722501205,0.6263904481802527,0.191950508520584,0.018529960131056043,0.30675201552065623,0.19219321996041488,0.47337187735590996,0.7402450077568563,0.5044811102143159,0.3578948427397928,0.8323750922147037,0.30955787465042056,0.0017704443309518622,0.006460477082577835,0.9434012111755576,0.053567132176580816,0.48871608761549895,0.6137441577824543,0.30692995180845245,0.031156360373116903,0.14236294333706695,0.4634567776643894,0.2286244230785484,0.7394121061155747,0.6281809372333426,0.8044586650226089,0.8092574774867388,0.8018281505751392,0.40355250254621716,0.3119075950483491,0.16934807373750058,0.9486601761485578,0.2917834423521118,0.704553056450839,0.49279872303804784,0.779086422863368,0.5927545349271154,0.5816450123830063,0.6071351545495229,0.3432615700939327,0.8806781231217744,0.1957685443530977,0.35938496911903406,0.4715937900143723,0.3490616277493637,0.6866988490822283,0.5293972989087881,0.0054342342674224215,0.7271111124535222,0.2832496205033947,0.8112960686559942,0.3156850953832842,0.5261525784789993,0.4987673367115484,0.2671792082362507,0.6466869651788363,0.864947189810994,0.2836722904391422,0.2628574059223194,0.6760544365387465,0.5700891096279508,0.8174523603369267,0.18853495643884838,0.20116919895140267,0.6553912880621656,0.6669406615369756,0.65892935392434,0.5361184802009061,0.5647627699752035,0.3789804112297792,0.8263465157533382,0.014163456106072395,0.1437590702253442,0.10575737145989404,0.8442876138576668,0.3041916880706412,0.16033339108458264,0.16843841828906786,0.1698497121596447,0.06741641245332747,0.35343791603085856,0.9087018640795231,0.6767402882909359,0.6699729908996711,0.8137259000069219,0.5921034147848127,0.018147211229321954,0.28679434226135997,0.10208496467903391,0.03426483513071663,0.771991443523156,0.4220017584348401,0.7843152396205353,0.6463694320279051,0.5399828113893681,0.5469522214796936,0.7241405740550558,0.16522561804804864,0.7648551308079943,0.016073080897850603,0.497845186300109,0.5109467882369463,0.3752045393092434,0.2912168555220556,0.06730409224920855,0.4775586234947943,0.0655353017640564,0.6811138475510371,0.560584200220559,0.8976972737037409,0.11571470568901257,0.5609184649377555,0.6304388371299097,0.3635050947509358,0.777682472941058,0.8769669079660549,0.8413579044499326,0.3301190732232824,0.17459261865213024,0.714409572189265,0.07555592772688886,0.7830464876550967,0.5396633578337794
0.812540395843238,0.8776254930076285,0.18472254274854563,0.6904662415795062,0.9267611296537868,0.1410107902486741,0.13152786337758307,0.9131972248206295,0.06409539390445142,0.23164534156301206,0.8153128715339322,0.16250912145482305,0.5418515919806598,0.4093112668898717,0.2695310731794171,0.45925795277678194,0.26747743982994715,0.4059617503390387,0.18289663272000328,0.4142145960410751,0.6619225891076302,0.5656819697743569,0.08957257306553171,0.2992718013854585,0.3557880561329868,0.09050711233045021,0.29985040934401014,0.3423642412000141,0.35014963007818134,0.5304938539802591,0.3378543810850352,0.45646104951462996,0.33747641252415733,0.45472497868569905,0.3167354795038274,0.11250774012270613,0.3518435533228623,0.4119164691213877,0.3508742700918837,0.041545619526499475,0.26650565759129935,0.14885766675697715,0.3456490429738264,0.2392616967393252,0.06656567411851107,0.17018145871378307,0.22844277559613257,0.20528790783970996,0.20224715312137606,0.3600841352581253,0.007270384969336643,0.7192188205847123,0.6328320113247274,0.3616347620736064,0.055979723733620895,0.04860740815561747,0.04373811536096896,0.23578588347855936,0.3237649794194861,0.3829052416408114,0.3102994409592968,0.12657108813784135,0.30877455985469626,0.06538390399105772,0.050340070558030824,0.010162769108271321,0.8389170165522029,0.09847112717714537,0.49059759707835654,0.3725419868134209,0.09030993915815841,0.4025350065661138,0.2752939838473613,0.12814671402097003,0.1292509286096626,0.3144578633031328,0.3579628846777877,0.5051712839337992,0.5110333586590472,0.303180336681623,0.11073159687838846,0.5876098967155735,0.007917503741797824,0.6294736532588806,0.17253676996098677,0.307745236281093,0.038352889356066726,0.09915406259007899,0.5883007027416047,0.0894825716655449,0.1617940791343276,0.23695002730254444,0.5579037805010364,0.04198190176572536,0.16745331884050524,0.17493779963569628,0.7773341871120536,0.2550660413296513,0.5436501128753344,0.0508632863291239,0.14776292777063105,0.07465738787612816,0.3859501108578268,0.7127208152763337,0.04970865241403983,0.13449569950663898,0.010445331820342168,0.2230146160507205,0.16695989746221296,0.7435547400224274,0.23965799138749666,0.04095673817339625,0.42979883728527407,0.4220172698551538,0.024070360689879656,0.6867332853667454,0.42475399090178473,0.21854415338908278,0.2257272796793447,0.17655644578980895,0.24277443217219385,0.3491274905504235,0.5517349943661544,0.0038789691816946826,0.10707593318874066,0.028836514265402482,0.05991460915760537,0.25867768646145045,0.043651567191867406,0.15427110044020065,0.0074379268466858856,0.003803615851471811,0.7071893353202586,0.17198168687025367,0.10298715284736454,0.373796113735209,0.28294479166892617,0.15179415407574118,0.0874523566381101,0.21010079328695658,0.06538393891176761,0.4473895046971045,0.3710556802663349,0.09923418278064093,0.3319261940221993,0.2377342594175199,0.45870246380124186,0.2876829907666094,0.0792003961803967,0.08631505394150504,0.24606152697452477,0.0019175257150252003,0.04472898404373295,0.2555428244820226,0.04903995189525147,0.28430349235604757,0.1371278786773521,0.07962084283538917,0.04959569290827688,0.3296100650146892,0.14981610853021424,0.24768776840147655,0.0018029556589242604,0.3506544642757876,0.14329152253377958,0.2123825505790131,0.2412830199915832,0.20178398242175033,0.1949317929269397,0.6286947746667669,0.12833333626265742,0.23310436561783077,0.03298609758420064,0.40400400219047927,0.12747376168469263
0.9345189873643351,0.8987247334709011,0.06632760974979088,0.38226465882680943,0.6399707207642538,0.10277902778162126,0.29438511060947375,0.7795217215569474,0.0742534341177918,0.2346252141346767,0.7204399451292107,0.20086456086500734,0.6485479376515852,0.368885246591113,0.1574927879071471,0.5629138748834931,0.12977453146287793,0.17893430216581374,0.040942587961886,0.2827224683503741,0.5087728102265003,0.3394650355667148,0.08620647816270036,0.2902945565549265,0.20786918436727275,0.07667887807424305,0.0890038248338915,0.2322818329935693,0.15644949408979383,0.43334170096752817,0.2927183235119297,0.3204350448044095,0.16576969343397813,0.22651499367934183,0.1800220331799947,0.06226895105303988,0.2282673491779718,0.41335161506277285,0.1750119629600397,0.06594739925266387,0.2703667325847777,0.10595429196595374,0.10819810635785,0.3819702010099369,0.022371700793228033,0.17177223407317282,0.10601010744982192,0.16448055140147377,0.19075720526099565,0.4250757146540429,0.04065747613065289,0.35963096121585003,0.2102774275560864,0.28411312489647456,0.09360852390487229,0.04075223679850681,0.08063714158403386,0.2644217015242268,0.32536097549621285,0.36110522341985707,0.3146375011885557,0.13458715790858033,0.7190690726551148,0.07226997071311325,0.025233972518887218,0.004592343154549852,0.4892215730117702,0.045059330466616705,0.19886498051590965,0.28099275684102315,0.07289553261434985,0.3444225272646247,0.19541910444760152,0.39241126804241033,0.020912872034953782,0.5956822014491429,0.2705271046376231,0.4790075326763556,0.47195453292582973,0.08068961810812239,0.10932342753140893,0.2636003766781201,0.0039152695454823735,0.44353835378239065,0.15268275984129404,0.2634536830134413,0.029048980719741765,0.10389367271743408,0.38385081360627504,0.23723018101707943,0.20334607212937786,0.18952506082324988,0.4938035076455358,0.040821368904617114,0.18465285402731882,0.1840751567569517,0.45587686559196505,0.17356157497717828,0.11897932050351423,0.008616024996935107,0.25049822709703784,0.15710401754614042,0.38044680485219795,0.5202920575830517,0.1653112546740143,0.14912286036262049,0.010702377276260411,0.40412722820477015,0.17198108937467468,0.33384523770446517,0.11479776650647724,0.03192948716907729,0.6958526057075388,0.2571318377045739,0.22318152001916644,0.5070089232682362,0.2880628737526955,0.16191418007025124,0.10920301631142278,0.1114378244035946,0.08066709380950667,0.5698330537523716,0.49507414415126827,0.0018888266417815447,0.00828327819746043,0.01097089148169499,0.13815255851577424,0.13299687509717514,0.07632552562583013,0.12353108755534316,0.049436959736688206,0.06761873458448465,0.25549833686646517,0.2545001117185887,0.22630429827775492,0.4546402950334468,0.14880912017562872,0.41663508877561095,0.21568545722030433,0.0925989847070081,0.40102097046697527,0.19462527265723978,0.4690510896388761,0.06325536241388356,0.3099931796528996,0.45947232094610047,0.268704581183268,0.17193766298532578,0.20632701424534192,0.48098940652131256,0.08988308302070724,0.001542242510172616,0.1497920449806284,0.3484342228215398,0.2673648246443518,0.1363000802879654,0.03854087183245034,0.1586739298005245,0.3836820139532911,0.27116081046802387,0.5983150168187614,0.30174021608616197,0.004703003086309577,0.40471806747484207,0.37887722718197725,0.19322787915517217,0.21992502285244023,0.38074589166853595,0.34565135889691656,0.7170211451638073,0.38671087985209457,0.09750953132733352,0.011453872280447457,0.3109894820384509,0.13413518826152188
0.9998552189585872,0.9705207632580121,0.2557428510623432,0.5490629307435081,0.5457932646020877,0.22435979239789688,0.5177281487591382,0.8652887832715095,0.41048926600811386,0.5025452126268476,0.9880503797024673,0.3824744677326371,0.9409205771206826,0.6642307267492714,0.31521188383045023,0.9905114512389653,0.5107873717157883,0.44731318164740713,0.1205161579186029,0.21880343812401926,0.7341679142946667,0.8280454658288221,0.20494520027911414,0.6022560710483821,0.0021413525588904543,0.13386211170645265,0.42991105109926503,0.464726833864311,0.564406341405116,0.6384591791979344,0.6433846435502683,0.6020476809004854,0.584818847108348,0.14044588821938786,0.6773593085683633,0.22171221646811987,0.6583698883266937,0.6102713158416911,0.23519458887416836,0.09380139261463125,0.38905969172221105,0.13237415309458794,0.259423961377519,0.4722176723664017,0.1751203682388788,0.2728148044897605,0.3689587194893828,0.16854621303460046,0.6850154978511723,0.6010971412232393,0.023135670643466708,0.4460025314502079,0.7570321485650499,0.7785842468791456,0.3455734382627258,0.07300428879838179,0.4685691362975719,0.3260064689035202,0.3146398363310146,0.6915860015422627,0.3642434251570149,0.2637216646542891,0.8033712273442849,0.46007491448842786,0.0003435461602758255,0.03517294102058855,0.8004411948911491,0.41877745808858824,0.49511858379238777,0.45434617758700396,0.23265216242742567,0.04878703784380891,0.43860172379963386,0.2267454451639824,0.293655523507427,0.6945142201838169,0.5483216626534367,0.6182547130617083,0.5028782187473495,0.4991649526989732,0.26476175891631576,0.43166903609678486,0.032960353063306205,0.7438687447359831,0.24445976561604257,0.7390055197152987,0.33330821255697524,0.4432396470442216,0.5646652949369494,0.3774505340718973,0.2944905194314791,0.26015881793826956,0.8337524657837502,0.27553238041655403,0.4954183120754825,0.2527775013856705,0.387341328838839,0.5699516552659589,0.6819745339595642,0.021148129953251278,0.40381153215849774,0.19374468259488517,0.4872175815294896,0.31496282505333284,0.3713876410105767,0.3891797310235146,0.19537126504999155,0.4946213274477431,0.6777032175322114,0.4374397064856037,0.36566853843372105,0.40397379276463286,0.5630799013182406,0.5943302786362096,0.053096894883364304,0.20611393210126522,0.5079309544889063,0.6792172806144685,0.6181256181805723,0.49319602929327033,0.4584877090619856,0.4936621703053279,0.394581881936325,0.027629569449568202,0.07281414221480799,0.054310507088457624,0.7330388995544566,0.26680644467492004,0.5055108096012453,0.08870209061845268,0.09050985115694175,0.028474694668049326,0.30770538783286605,0.7563499963508704,0.4863400562286081,0.5241260970884118,0.6538145491964781,0.4862902660237854,0.047443644547422725,0.6322706887255359,0.2592981892670502,0.020744631019854153,0.5231303623238451,0.4446456259309991,0.6162808410260976,0.4777944116833117,0.5030797014407234,0.4087844000488929,0.3746891390698009,0.2579871770405975,0.2592601159170725,0.00021974017820645877,0.33063777792304977,0.5391353302561364,0.30152860732478104,0.5346913270540267,0.003207635400529175,0.25670801657998604,0.03986223106370179,0.5705771980456718,0.3738637621354923,0.7894856673729141,0.014675324031704127,0.3349406245237242,0.4577245997564789,0.5487622811499765,0.5893677868513287,0.6395623748901217,0.4027061849627052,0.38134931214929135,0.1258826392651403,0.5394387102232152,0.022925523890591392,0.6882214864060888,0.3410052635589451
0.9987077783115584,0.9733320475678203,0.3058820193832976,0.6752267602306172,0.5579493824050376,0.2303110848293945,0.5200461557540493,0.8301878383663541,0.3207994329785248,0.5625252560920924,0.957487116506426,0.17736967007987314,0.9122857497938651,0.7385370835313199,0.22136841206150784,0.9757912108840032,0.4834944375752438,0.35305147651958046,0.08692439087122004,0.20033114348800968,0.799938454080859,0.744211405277423,0.26596314494194456,0.6649884646116717,0.00660318756365694,0.13998889096182937,0.28436794305742924,0.4346091130385808,0.5812564965711524,0.6276367857094106,0.6526457202960094,0.5554203474288657,0.39793756730937013,0.11918388297363301,0.5683638414288013,0.22937813796140677,0.565566752987679,0.5653408725426352,0.2965895136821096,0.08933292775428307,0.3008315227003367,0.15775393427440512,0.24106568099702608,0.5146778786263612,0.13848761937366774,0.3074089425707631,0.2563933870091922,0.19188611685328896,0.5474066386695727,0.5712917860611347,0.060078214983390034,0.3907477846125997,0.6182668909760151,0.6742415958964474,0.22798847294008773,0.08053894127092638,0.33904217324275976,0.3504312304212759,0.23787604365221032,0.7155347892740207,0.40741425170703405,0.301404965025338,0.6694690672155333,0.26056027290965145,0.002488931217404285,0.024263847398891775,0.7964428272652782,0.23963383959792126,0.46174312336733436,0.4522876020559437,0.18387752962701917,0.07102130974179101,0.4327116207339992,0.25378855292315317,0.24258643181239578,0.59097374982024,0.4720068449036782,0.587481865431694,0.46989765695641444,0.3824888024776284,0.29859080107816643,0.3617299099281091,0.03356795900053102,0.7303490767472518,0.2346262677751521,0.6824476480247474,0.2388049637448612,0.43577078196233754,0.47602458796560104,0.3883908910079265,0.3318689767492346,0.25003091866428145,0.8200000137776617,0.18357445031134834,0.3365889527867122,0.33697240430970127,0.2147209196029084,0.4206362813231576,0.5725135044002252,0.015825831702331393,0.34122703000534704,0.2729811836504775,0.5533658626585956,0.29827829806419237,0.34604240881810777,0.3537552748901242,0.13140918403059162,0.4621048284111449,0.5580279586516569,0.3726389706652992,0.34663741678870774,0.32095892337032195,0.45276039952063984,0.5990490257307893,0.06998737066119592,0.2078552052283392,0.4803457892557119,0.5254770883317601,0.4695628376407423,0.43589115631799635,0.3385979247545418,0.699434588451766,0.5460816943050145,0.026299604164778837,0.022870237951833457,0.08008336672376257,0.6098716087243341,0.22056113001779926,0.42621106313929036,0.1343201266037651,0.020104447756395794,0.017594217839730582,0.20411051645103317,0.6884387767201751,0.3507221381962527,0.3207811312805629,0.5148051405258944,0.4416681085865472,0.031053025958038948,0.5538153386229736,0.11729223900597308,0.021969278808325478,0.45150131843932806,0.38956132618350975,0.4388735748418435,0.44591808008305606,0.40091997218699804,0.3386709571325201,0.4677983374255177,0.08136686410946715,0.3144777677790384,0.00417593656183052,0.2178328836855179,0.4863512836712245,0.1716717429228296,0.3781291643143811,0.004263958763145724,0.3465202332488695,0.07704452140713808,0.4829164547827744,0.2201116094642596,0.7223968376394211,0.009768038345868828,0.24546611167726387,0.49073033342843375,0.4496805992905958,0.6176357061207997,0.4381902859536373,0.32214957610068984,0.34499746673312054,0.10465640412808322,0.5494374499620471,0.015538848063389924,0.6347127540420217,0.19240255288626437
0.9991053194936168,0.96283318293267,0.2605952434296233,0.9303844192376309,0.9026468499763894,0.21804716617241618,0.34145516256787006,0.8220311364745386,0.1791916232428299,0.2555504048361869,0.990864718578213,0.32668726080437493,0.920431778480349,0.7076712836840153,0.47576139560318165,0.9119409697751558,0.5379101053908808,0.6786363888254648,0.16115435736980155,0.22576729771006385,0.8467895809893495,0.7946957716866572,0.22297365627109114,0.6208896279017125,0.011235977245537427,0.11612463385995068,0.605481142410242,0.531472632928482,0.7853203488912402,0.8306375794805425,0.7430956749223041,0.7119946634836111,0.40102003909971323,0.18442873304731466,0.8056018149223587,0.2709489937444885,0.7790504756219635,0.5646968708993898,0.20326622062001834,0.20114089767825505,0.3559962661749527,0.15146777842662337,0.40548663354336467,0.3300067074170997,0.36847009785308527,0.3120227674503364,0.47998818201722976,0.3414472889390012,0.5292837997798997,0.46800252112271107,0.03339371601300812,0.31746720212063106,0.945131003675317,0.7305120299710934,0.4605848869940488,0.23906400619884174,0.5259263754330248,0.21905990295424738,0.39723970597766783,0.8054659411683512,0.31854774499324706,0.35454072928906344,0.7108533674333469,0.2695167856292218,0.0027853846907533605,0.09768961085209778,0.9649663103540249,0.5522552644449213,0.7694442801661225,0.4477130846105035,0.1794957579229726,0.06456227963544858,0.5562316632529715,0.13724246774215695,0.5414688179634273,0.7577023438402085,0.5402475076366205,0.380799586175006,0.4024549770233994,0.577574703699227,0.5101227099624526,0.6675601170473133,0.1516247581264921,0.8863327073971793,0.19679540043704127,0.6885913079537361,0.33335846660790674,0.37203746040818886,0.4392401711880013,0.4812637707672833,0.19930331659504005,0.2157668768118942,0.8223284009004029,0.15335225974222957,0.4406293202390813,0.45009505458003185,0.4914430925754291,0.3711635517207642,0.9039558996301295,0.17968636212435665,0.4314991643230864,0.306642056685272,0.34133490798062155,0.43268631547322367,0.3629568100925286,0.1722303755609465,0.2770785089376466,0.2321557669696297,0.6533988430389376,0.673699671023314,0.5753242973088885,0.47699071247561275,0.41781757282387577,0.494908045072224,0.025693130368884723,0.2653852262961568,0.5173089264451661,0.6683811134729316,0.6324063826623594,0.5153376855385059,0.4501195949106688,0.6645742927060421,0.3896029631583728,0.13623394455476953,0.4046353993983913,0.3282013470322523,0.759398033390301,0.3489331802636264,0.2823548321704634,0.10143918588956075,0.0017726478589076234,0.0021591093506764646,0.37041076982447296,0.5316218989561763,0.3025900766880414,0.42619249677829557,0.6337496184335433,0.2349110348233638,0.02251714382224011,0.5666783034758617,0.017041418835502087,0.04486408593516018,0.43593985233945576,0.5078457718531181,0.6095049520303806,0.5837361070501716,0.42166656632018135,0.493130076819211,0.18115595506683496,0.025916254204812764,0.4298274603381409,0.003079774563424805,0.11329809282631775,0.5781566773485961,0.20216865538817974,0.5353099367914501,0.018928168179268363,0.38031296702730283,0.010653026663118455,0.574202681938509,0.11033479160087503,0.6424987539835972,0.0033303926030280114,0.4200853449673353,0.19622688959421047,0.7460102045749302,0.6912888193939739,0.43998715484427914,0.4091363747427562,0.5055920511880211,0.08036324013206628,0.7484273769402086,0.011841721159461702,0.6613230770504568,0.27054806689543565
0.9994080444381953,0.9665448110999892,0.2470238762777915,0.6271606656760541,0.5286674693345919,0.19135825506571366,0.4888929646548366,0.8336304955561751,0.28863873763351733,0.4434303755496613,0.9771916106034703,0.2505103473478087,0.9370212081851588,0.7201570506293132,0.2518033035600681,0.9801387054063956,0.5251373424267808,0.4049561528257369,0.06913932744314402,0.1814373973187721,0.7720094315383105,0.7705897941450431,0.2202908816908434,0.6258221020692482,0.004901272601712931,0.1266686892488243,0.2958769872178985,0.38831534354034125,0.5493600461679623,0.6116128524609361,0.6474368235213085,0.566968005334359,0.3982224663056766,0.11481189227066661,0.6376927871758856,0.23260950994996304,0.5879087274210041,0.544687505616309,0.2742243476615549,0.10538955127697035,0.3059421131650969,0.17134289071855058,0.23978824389033956,0.46599928845150235,0.13135841529214592,0.2614758217501241,0.25646932881139056,0.18340880930926917,0.5690255762177845,0.5417820892550358,0.057882609819133866,0.38140110944751743,0.7129561001137774,0.6951299578637421,0.2961604272306173,0.09365849942248795,0.410985857445996,0.30493648214772395,0.23392929743236324,0.7546320272338205,0.3962923932644477,0.2766424401001716,0.7406958895624894,0.3252266640036931,0.001345516652939905,0.026688517702640278,0.8194453229886093,0.30459733667889594,0.5081644598619772,0.4209114450988756,0.15707270750969704,0.05526607899747832,0.4205698874534249,0.24468827977829685,0.2281323488319598,0.6049299611911616,0.5217666884995522,0.5278259307950299,0.45349381993317606,0.41091044924040876,0.2884803955970874,0.35865144339852056,0.03260059260875246,0.7523577934589378,0.22734033266150427,0.6803059949018352,0.27204499518184155,0.4266599517354841,0.40764546781831157,0.4333235951266723,0.32305568837121384,0.23441025829231818,0.825902875690878,0.19068962382369076,0.34575647409803223,0.3524495224952655,0.273546249648812,0.4339848312785869,0.6554291085313254,0.019704052604291818,0.3508738437271262,0.2645299695486679,0.49410860757983016,0.2627961576941898,0.36657903804465364,0.33634888792495055,0.15721796860222825,0.44135069532636606,0.60964173169094,0.35800523337549794,0.3944045928442418,0.3340849154601102,0.4230684515674483,0.6045187478423222,0.06799570404463427,0.214277799367973,0.5021545370822708,0.554105502181153,0.4514482588800874,0.40134966299651514,0.34268265682646737,0.5653465672031764,0.47306923616376695,0.02855199441313626,0.04345080459177991,0.08391256962929092,0.601884723906659,0.20602601911689647,0.4681600897066248,0.13727607416431092,0.03534083711419753,0.025300931589031662,0.20162359035588648,0.6744045137361501,0.34940038339537444,0.3674461114961037,0.5520236555115473,0.4333504170276595,0.040149109590036994,0.6192373184410528,0.1922100980336452,0.017476116507646938,0.48369304392467843,0.39885922552942166,0.48164512049864633,0.4047733203527396,0.37920275692492234,0.40694145010556126,0.44762639137373894,0.13388340193807377,0.284589576404507,0.0019402221338836517,0.28391558038224946,0.5086758420069416,0.2825743195155391,0.3823804483665905,0.0043019042425045196,0.2822203831673067,0.05669558979803047,0.4662118636503447,0.3197982232846509,0.7115297230394444,0.011369551811817981,0.2673459605055673,0.43463935396103975,0.4640619054817723,0.6579112444846158,0.4780304893313083,0.31496399679832077,0.39264701792334483,0.13561047166357645,0.5277305396010938,0.022904067673755312,0.6339358191593482,0.21421463095134075
0.9989168470852291,0.020187610304236242,0.5681582871867137,0.3513923403580579,0.13608587107545295,0.06366332222400284,0.46662380849807916,0.3539966490437967,0.8723174529939545,0.1592266221819648,0.9858181819524492,0.876693093126201,0.9322840591168231,0.465677577310884,0.07884545297871187,0.9963266734286815,0.9895733670402896,0.5639931522796647,0.5351326678900983,0.39672062240453126,0.03366163378902351,0.7439680616773933,0.08613812539941083,0.1208732456905959,0.023966535347487803,0.42966742585478207,0.42216551970892846,0.22617478611002337,0.4911540057856445,0.38476016467239776,0.39859144908583477,0.6211550280657514,0.31109469007339235,0.04728183014863074,0.7979817569181703,0.013752156786088003,0.7028392945775386,0.6936991112668943,0.7473282642061466,0.41967625920978363,0.519881814442587,0.05379937182519711,0.3060999635671011,0.23856998319469022,0.6601394640701921,0.3419087539152191,0.53355221610785,0.15888346095207315,0.3159172424201623,0.16713214553719405,0.3287803496420657,0.0738272530583569,0.39119980661534587,0.18256092303069596,0.3428724897490217,0.13194886216797463,0.5353428965849155,0.0665492874805328,0.8664456946832736,0.1654835938798154,0.20350383067294975,0.14195421158395977,0.7678709869273839,0.7833057123701627,0.0076818621496892656,0.31802244500018817,0.40845582169303973,0.34388653385054935,0.1746891670422737,0.11934191369945037,0.588065447898407,0.6381667664171228,0.2674416944247343,0.5315654002968644,0.7746846573449591,0.7825185941904672,0.3693310010408504,0.08599505502278583,0.8515254995506794,0.7049357360810068,0.18761605525622715,0.3427412864291215,0.07485220847222457,0.39785873051774734,0.14996397553623025,0.13027508261727822,0.2951850049915009,0.7981073605816,0.02707068796357822,0.2583984787194116,0.3465107893939532,0.3085905372097617,0.053469235997777954,0.17730715374784187,0.37304728916335284,0.4101829895317353,0.7537740089117639,0.8687616541051993,0.48688548059449865,0.18213402096139913,0.4791700020077639,0.11795531643858223,0.30697206261688353,0.20431061027445674,0.23463230040231173,0.36874941033722375,0.5416709885908012,0.23877310005034477,0.9165046057994386,0.07945944165986643,0.1770094269862631,0.7307216934435457,0.5166683443571067,0.46431263202701645,0.01649602800479817,0.37925934390096916,0.20203553157557777,0.8015560821148007,0.20537840330595103,0.07188946136087106,0.5345824858324192,0.02400937022376295,0.5860044454565904,0.171085900352846,0.6198006591434492,0.09402732088257112,0.09845156875356195,0.4227870748020828,0.24912243556591743,0.29552469848832275,0.9533192880559083,0.9494331163444559,0.5790056200159197,0.769854400424958,0.6702399658552336,0.9204797324008342,0.90673897946022,0.3405913757020171,0.6772705193771256,0.04562028310930832,0.7339177174365601,0.11419615434706537,0.2661923621518974,0.41562648075434033,0.8516174594215267,0.29865634660065704,0.42916033770698847,0.6433339045332646,0.44650668540466176,0.6259334565537525,0.09489969844593699,0.10441246056482065,0.007446052139859582,0.6233704935084391,0.8596166604237101,0.0004635207144992052,0.2650399978867683,0.20648897026194687,0.0347124203684016,0.23723407083624018,0.6410618690479422,0.6733541341008841,0.2759878165164939,0.883587508936859,0.13526979564483463,0.81330938819741,0.0675861177816696,0.42318232354608004,0.8472003761239674,0.4621188562115144,0.7057561194923916,0.011223754297346926,0.026133446347360062,0.3806856377610739,0.8754001305230544
0.0335916568372763,0.9848464168523924,0.9602091458640502,0.928244880588022,0.9475879454485655,0.9671545577074577,0.9532061427065005,0.14410619668974345,0.9721454459157334,0.9684392231601854,0.024963929655056123,0.9522761093212597,0.04693078883196509,0.8981358553995489,0.9191760121423866,0.9642892684905692,0.07082564866343302,0.7808117520891624,0.8899282555945099,0.5252630641689733,0.3573054891513905,0.05344290478972956,0.9404343385168032,0.4942031817361309,0.8317905717385617,0.9557912232910816,0.5439799985479972,0.4707157033177331,0.15419780592259655,0.3787381981013398,0.8907543518377591,0.38441266794270157,0.3024194388292055,0.868258041456658,0.06986967825998533,0.955905495780076,0.12571849472929683,0.30039932467846264,0.43681698226003274,0.8716564212025143,0.6086049754696128,0.9182931193722397,0.5215228420595086,0.814362844716792,0.8730107727774095,0.24445548758459507,0.2972668289629401,0.9523738116821313,0.5547558263432099,0.2698519816688867,0.0009251495445470095,0.12902276611688457,0.022406984504624323,0.12478932356971009,0.7401037168682555,0.9638378447476187,0.6132359074591017,0.2980865509788594,0.19281932425781753,0.24329349776690914,0.39857197601553035,0.42902414877458506,0.04329254285875001,0.7974912554678697,0.9230714136959561,0.94187722550913,0.006301381487713604,0.47402759768050007,0.1828085254778916,0.4200163495956841,0.9542518151741213,0.7491688431945374,0.6739909357689303,0.4994877434013723,0.09313934849503502,0.13354561903181242,0.06993369382305696,0.39803598048574573,0.11779369654433018,0.17749110983193875,0.4799512098948458,0.22164900126669201,0.006872155607814489,0.010726480795418367,0.8761272278312358,0.30446412639155124,0.8795891037361889,0.6173816262916304,0.512501462624708,0.30569008844419293,0.8679411707134241,0.4618014822458122,0.03134680379354451,0.9190019694555741,0.26689575738591853,0.7674287776328811,0.42273642566754815,0.13186746189291135,0.18101143631179567,0.5832934373998635,0.416205805843273,0.9510891384255126,0.0938547013232685,0.3256774910462176,0.8161631115814915,0.5838653396893498,0.8239386747944221,0.6684313528471966,0.06685448431009587,0.2904722808493277,0.19296580204590943,0.7899621549934559,0.3752600563093121,0.15136949865656094,0.003357736620703923,0.29902485432180537,0.21654573793349888,0.030946453881809197,0.3913027816535897,0.30339351114742563,0.5102416144741299,0.4892817888789732,0.04968537087361362,0.49769203034560044,0.00018710949505420282,0.381239282077255,0.05024459099342574,0.8357389807965223,0.05341929613885238,0.21669467692835268,0.012111350687722264,0.03264117763419803,0.32236209069738503,0.043851304038120244,0.8056484887503512,0.040474804838515184,0.12816458368322625,0.5426514313534314,0.05866728670060732,0.03079788221935824,0.01891780815007164,0.558276256868778,0.023944830532819598,0.8263958082654373,0.05373970883445791,0.36378959399038896,0.2681067088283591,0.008965787780030222,0.034326100413375533,0.023648197814244553,0.09594713704561654,0.0010028675717916541,0.0032179937463693584,0.434371474020958,0.029424411556070777,0.6076361990765289,0.003863174686202784,0.2634253118288239,0.9142316294878567,0.4848481809471377,0.03827546517329928,0.03615236025143513,0.002278444951610293,0.11796834635696024,0.023524549147303772,0.08817461730798279,0.009654251683473248,0.014128660009675127,0.076146986597746,0.05751182951630732,0.03783754354186834,0.3425144705397553,0.0002593495020874845,0.19562902798713847,0.9205999729159983
0.022801975548763228,0.9948576635229605,0.9670729406035936,0.8287145742113096,0.9814604869118576,0.9550963466311957,0.9855285902912839,0.16793946654121772,0.9795022448652593,0.841424609933035,0.018761157803131003,0.8717493069109887,0.022981353858613343,0.8499173889044429,0.8054051508330653,0.9841075957553728,0.025451290025759837,0.9429151349721359,0.9743025204276984,0.5735924225396435,0.7467818351202063,0.13510055112759345,0.9228391819533488,0.29393555040304165,0.9003012433456627,0.9811200579690665,0.586554133211989,0.5332429068769455,0.24767476482793868,0.4224071457075488,0.8986085319089129,0.4040130724977738,0.1430436178117007,0.8358694330841683,0.07942099036001751,0.961967596532052,0.2933279774196202,0.20287947910694726,0.6854148188814814,0.7678494310175495,0.7593708439759608,0.9431911480483388,0.5007429891145472,0.7516575694308257,0.8307047880480642,0.4430886790788101,0.4124802708956408,0.8760141393111767,0.607662645747339,0.4589747686274161,0.0007753635667499898,0.24193745558497784,0.017245965590888535,0.19254628230433118,0.5929014059088752,0.8827557508326197,0.3907464685098829,0.5259301868670541,0.346843266016802,0.15798678335134375,0.5705642163960385,0.6001886495584364,0.04251928070849441,0.48215300771766,0.8729659078381489,0.681640789889644,0.007463663673744921,0.6299327711461197,0.11370968794779875,0.6698387972571862,0.8054176078955665,0.8722749514892975,0.4197812461407769,0.5751405130378322,0.08934729531408586,0.28501748020390927,0.24756238743371592,0.6278749552453137,0.2926229857298897,0.16740143840506153,0.6230608128132334,0.14917481116266124,0.007715064474886356,0.010613032576831721,0.7349179181747313,0.14903733083150977,0.6352082304686286,0.4560104665891664,0.72587776129319,0.19485408952329436,0.5918667253357298,0.5966534211147209,0.029841421824471706,0.7798483308190202,0.3185029260851259,0.49600635157106354,0.31126731118070083,0.17755433884145888,0.023606308606604915,0.4427043808032435,0.4164359653935947,0.8389673023485247,0.284922359302118,0.3767558745272452,0.6931173534494299,0.6204966790049462,0.45781024580077845,0.7584775879601937,0.09120492321271643,0.30670766671711036,0.039291140027742616,0.25752921346318886,0.6865435483556013,0.05767101967674238,0.0031325598242178837,0.4579703239271868,0.10732792177692216,0.0802324047068777,0.2765988474253014,0.6836295689649295,0.26324273029647705,0.5789113703039462,0.06055597543713982,0.45028621689227943,0.00018389835431796125,0.4422734657817671,0.233295805714115,0.6687717501816728,0.03571043052659223,0.2884985855739981,0.008989829122486852,0.0224581901312624,0.20950808343615127,0.05767594841921486,0.7774376013001976,0.1675860273515712,0.040845841131139995,0.31445950250936394,0.041922971799626195,0.13331534580913584,0.014039895180178931,0.7127249904129396,0.09379679327887111,0.5967242115345875,0.05102332081447401,0.636718035102052,0.1920516590642825,0.006220005253445656,0.19524581780142736,0.016335633452104294,0.33289285025293147,0.0007945357371670779,0.0023890989074839236,0.6630591387081666,0.024919581484298833,0.7616218980227095,0.003650111305276588,0.5819638332052549,0.7599871509567568,0.1480309501763397,0.02930522368751463,0.026728290218068232,0.0020681088661921414,0.23905692665970005,0.016311646614355597,0.22451022189809164,0.007156126110919541,0.07447069037896914,0.08449920302408712,0.20569677084006127,0.024915153469149125,0.2693114975749412,0.00022654326913296795,0.06427456529666742,0.6051749960811958
0.022699044850053036,0.9949729443208346,0.9678340667410062,0.8292156697502391,0.9816707886309531,0.9561806340093605,0.9857258739783782,0.1690270256171805,0.9801439060099756,0.8474020665724629,0.01833759836243329,0.8707033314108095,0.022437419788636774,0.8495168250725578,0.8053034303470553,0.984320512286474,0.025085111957983776,0.9423733040530964,0.9753470491721614,0.5780755889649383,0.7476696908764398,0.13545995600150046,0.9239221873878456,0.29583398845716025,0.8994466710385227,0.981326584403033,0.5910181552248046,0.5398690036773481,0.24995696758565053,0.4247508116989015,0.8987041319390668,0.4045061954355524,0.14666082503818512,0.8375312791760033,0.07831906515652022,0.9618288178734936,0.29430707709517645,0.20560686306973633,0.6854868605520863,0.7644636504763629,0.7616350624634766,0.9421488900315848,0.5018922247513732,0.754585929563051,0.8331914690971879,0.44787771559823647,0.41744044121707446,0.8760403488283031,0.6106867118308498,0.46356525957402117,0.000749491762726416,0.24439141685866936,0.01684996397023195,0.19402126081876014,0.5885395884896455,0.880347191843145,0.3873578304573984,0.5307799852010987,0.3508115795010595,0.15436348064637329,0.5701312493365208,0.6017715008565463,0.04202570157507747,0.48173984081205057,0.8722713269273056,0.6824284793440172,0.007345760204453704,0.6286117142508045,0.11209456422308207,0.6731356136894241,0.8105791567075535,0.8739581983549686,0.4213939048244475,0.5750976843264882,0.09093188414225165,0.2872487912264076,0.24552542433397992,0.6354911370026839,0.29525574434673485,0.16807564398479954,0.6228491719588769,0.15081759214168647,0.007736016284718812,0.010503817871898972,0.7362394399548519,0.1505430430133111,0.6347484849744016,0.45735847793520107,0.7348642125088019,0.19125774162622944,0.5913454055658329,0.5994953195597629,0.029814898655673723,0.7824159233400686,0.32306205412506434,0.49009853426929534,0.31037382804260427,0.18006281883331868,0.023105458377601033,0.4392237054804627,0.41777676118538487,0.8372881183972887,0.2883916097357924,0.3822213811094843,0.6918417184780813,0.6239555338724878,0.456404819580042,0.7611528439417113,0.09082507863860463,0.31047944234062197,0.03853285401980072,0.2588978279787157,0.6931787621588948,0.05748781866874687,0.003108130337527223,0.4567711498841641,0.10678095253224378,0.08111662819102942,0.2829981497666133,0.6890577104705263,0.2666359778374734,0.5869180712926351,0.06111444051543703,0.44837685325484183,0.00017863360221238438,0.43686361056748857,0.23791986536743343,0.6731171729299519,0.03546759328458655,0.28421384495030455,0.008943496886952739,0.021949435753268246,0.21335709312792367,0.05880529916377357,0.781293915911863,0.16886089126047832,0.04105053071675475,0.3167999872552668,0.0413869965918133,0.13121149866217907,0.01364127555979048,0.7177099511315977,0.09348374722679009,0.5977665100890258,0.051419669937344724,0.6423148793210575,0.1961994255820949,0.006086142488703482,0.19437644274522872,0.016163075003049567,0.3341921181562804,0.0007739828509507905,0.0023459711396346568,0.6626041351544283,0.023846119226029874,0.7657029288394955,0.0036063742348030037,0.5862519274899802,0.7619087628195116,0.1507437052182847,0.028479606938131227,0.02726168504621176,0.002064791478770781,0.2397466369185667,0.01664795188593071,0.22604182568731707,0.006983604986995378,0.07540443268578334,0.08585137250683321,0.2028710267553741,0.024299889540075326,0.270977281307115,0.00021986015603873773,0.06485823371919398,0.6086655360493476
0.10679722171810926,0.963865481706399,0.9090775547726959,0.5116646691767639,0.9571975596335642,0.7848374185042807,0.7298719312797524,0.656086733620248,0.6079403112435788,0.7243999266960129,0.19998634159720938,0.8059906759044545,0.16536843537734122,0.5450946994231003,0.6793789769463057,0.9900933191469022,0.40905629061946447,0.7971256643456909,0.9065203852394679,0.41041063815681894,0.7670523659684519,0.6871019746059015,0.6935927370019466,0.4661647601438137,0.7743261923624161,0.7833703212915487,0.6932343441213973,0.6854220216827945,0.5598254027959909,0.6053511415698554,0.5620165882515493,0.5967199972955274,0.2530113398384997,0.44644359279414353,0.33830471583965677,0.9110867079262429,0.3609177346085754,0.33681764585116875,0.8687787548837435,0.5673213587520525,0.3672218585061312,0.8143711445250302,0.6158532405207152,0.6186616032746841,0.34404838472365523,0.6704716920271482,0.5513679952037943,0.7848171514513643,0.4099556462077022,0.3425583305499445,0.0006854306136389451,0.5771389157103622,0.21811439427699686,0.48310552033731813,0.5145010682009187,0.608261178835459,0.254749822890067,0.4173237754628921,0.3308389899966719,0.5874896558310846,0.7133067985986278,0.7136363221291407,0.013744789417993565,0.4480788961410343,0.34679797867594053,0.4253714928979461,0.04613452446856163,0.6278552368877796,0.5769046997180766,0.20904541951250954,0.5874395726758478,0.6870067753429258,0.47533141024533526,0.5322265432635027,0.538527923141667,0.04359446415892791,0.6592280463811587,0.11989611937754627,0.10937566073291144,0.6573252308379465,0.5446777955667799,0.7207130933955334,0.0036658180513691845,0.0427414192081021,0.33202142004378815,0.2142179615779564,0.35982781880065473,0.37855873831269443,0.10994312224744344,0.30276649934982497,0.37682002512565643,0.37829837764629226,0.09468475121247227,0.528401253277249,0.4787830057392826,0.5583159005160842,0.6880035092899488,0.41523774243262845,0.27097469612737984,0.7908385895033058,0.3446164750202791,0.45514355845757853,0.18406155508301036,0.3458021461824273,0.5877663158523433,0.15490835847065443,0.40381255265220745,0.07519674285087859,0.18742681207542208,0.5681810556051748,0.44737768474238243,0.31551801702237714,0.13666353875071502,0.4387125845826695,0.0008631910617867307,0.4975983979533539,0.646546534655875,0.07138659265196168,0.054815000301162334,0.12233503267205077,0.3485645513510696,0.35694362933017176,0.12951086188256128,0.4942090276193704,0.004244173170531909,0.5561725808956084,0.005906878016663553,0.28282055164797965,0.1254402646909125,0.5233937657026244,0.004943221105837475,0.01201678899228876,0.370028304811318,0.05493866819434888,0.09187424624074811,0.015490978942844125,0.35416080687237556,0.36996770503391524,0.03715939989146309,0.07844599415610919,0.010371900099374482,0.5297375119501747,0.046467379328098114,0.2039840239585287,0.11863587736399488,0.10754576564930371,0.26770497370886426,0.12270314080921874,0.10047098713855235,0.007848087232923188,0.41360535286424405,0.0014321958750203416,0.0024333584185156705,0.07785736085431169,0.060505563292386995,0.1427898095265914,0.02029807691149279,0.060675621859814205,0.059883890744413526,0.09986373143083764,0.06047638842165302,0.05410416468286173,0.0004385067748806862,0.14774377771479896,0.010322657669038416,0.0775774319865059,0.02359027023783776,0.009671677976801225,0.013438205058108527,0.19703677242202083,0.037636285486993735,0.12086678285870563,0.004462736875983701,0.1577409492179164,0.5249391436768772
0.00626838003202772,0.9828645463395465,0.9887075715822967,0.8888400998030872,0.9376305609098337,0.8755712799651375,0.9433089658140302,0.7291471740073237,0.9745604661606154,0.9051094074991197,0.007636824352788464,0.6357040524179877,0.021135341888501906,0.8547355851058452,0.23664376624993466,0.9868304807205764,0.11319745764533158,0.9710967996776377,0.9722205243045084,0.7878631157176046,0.8600537596112168,0.5645886041940764,0.8776062605693886,0.6646509150695172,0.9665787160055231,0.9596849489106071,0.5581883203604,0.6320145908202316,0.7270618162685927,0.5806721044259052,0.7508289229194421,0.2967640808386613,0.6452067752984488,0.5282100278044088,0.02677376136627059,0.968122842755404,0.39599824493960484,0.578854427827707,0.9500485631416004,0.09376449375521807,0.7457398169704098,0.9489493745301846,0.5102831976635983,0.7814177834540654,0.303820574856293,0.7364446844671846,0.2527468866840605,0.8402173424670186,0.5319483541555913,0.6177262038800274,0.0008337114499634473,0.6148165911486538,0.018332822624193983,0.46522137184578366,0.10476281548949695,0.682663618725101,0.10559667959102248,0.7282775424388274,0.5442271777809611,0.06087483059394735,0.7849894016540769,0.7628560146833547,0.011813794906642245,0.3100061101480691,0.5348712073696205,0.07749484681776592,0.006498231203617511,0.5476579659956087,0.21153637458464808,0.538840304743567,0.8180539229065256,0.8774699067325358,0.23367208125685754,0.3158058153115513,0.13157271513378024,0.04678899391341222,0.47064236728361614,0.5699481394834728,0.4330803215406128,0.5130162683373073,0.5675066102168208,0.39500716406488623,0.0054370306295861886,0.008218502484856446,0.6565760899296147,0.6192420190481251,0.2387196743887965,0.42233554093433295,0.5357497564232535,0.05334005284217266,0.26599594490792366,0.5557485616560788,0.04143818058848259,0.39059543961020754,0.33143678659863957,0.15408466324045714,0.2806972695557062,0.18436169829557214,0.028903570696403397,0.27403915283423413,0.08313195548607533,0.1356676264092111,0.7892224306467244,0.6014846342535184,0.6115765165102282,0.7381570629567619,0.0821360128855436,0.5126022670497538,0.026977794590881506,0.6385342073045824,0.11046641879166214,0.0713307666979342,0.24293531304781013,0.36377954883743424,0.0024420222986171808,0.5813591960466947,0.4356513731186957,0.0400167187350327,0.45417297656962036,0.8291979442068718,0.26580305284919425,0.6038953890173719,0.15130413214947722,0.08134354709084957,0.00035511158371792265,0.1213080165278901,0.019636527517730377,0.3572319164591679,0.051209866407972995,0.3066649803388737,0.016335142533724915,0.017732625710085895,0.14728933817139092,0.11570584699195378,0.12792834224196462,0.07855514880870808,0.07350321928069867,0.33596247538979035,0.028172831153285977,0.05678321967278509,0.018614004632839437,0.7464803488644514,0.36919424351169544,0.12630110724118762,0.03405679050219476,0.21924777774458612,0.6903704523773605,0.02625899563082738,0.5721107793104162,0.015674264922821618,0.26451997215978523,0.001457415448370128,0.0039914650115684255,0.15779128115996913,0.022662422899087233,0.573705938001236,0.005294839389506173,0.13014624134527947,0.27056013794137546,0.23248114981896129,0.038977744692941727,0.028014542601748283,0.0011325587579955664,0.07716843560491607,0.05358677152852091,0.08578829306739556,0.004234550412523161,0.0731537710203802,0.01718246706128876,0.5879531613971809,0.025177505314515822,0.0390695874946649,0.0012180969417066106,0.054303852751662364,0.1917938781201978
0.024622987923656407,0.9896942651706727,0.9855428810888767,0.9018816468764097,0.8230881049478477,0.955345360266311,0.9429827444122382,0.7678707215093025,0.9675547790901379,0.9578458663754404,0.017530925111714838,0.7077027695829236,0.04756655101825032,0.7127368804216486,0.4171072598158059,0.9940515826263526,0.2880343524941427,0.9554546340123382,0.9692639597186876,0.7517746667737443,0.5797911543176988,0.7027798265305164,0.9375606833466086,0.689863315640826,0.936293857180209,0.934978447373859,0.5698376834294072,0.6031234295185096,0.8825747363401921,0.7332861832314845,0.5127044767813321,0.48641020411578434,0.7188654314313969,0.6958196668801271,0.12019788085388526,0.9729232793742479,0.543911293110576,0.442413779375176,0.8134814779489383,0.2506178829049315,0.632297828142648,0.9522717688719855,0.764720437106024,0.8267231626317668,0.37237633513634893,0.8229670618737928,0.3852765618775642,0.9719012384917558,0.5346667069187512,0.5026293338373098,0.0010444069175028661,0.8048495504775424,0.04581002413239729,0.5383178429579579,0.3059664213788168,0.6799180006067762,0.23348253163249064,0.604605120114605,0.43559762724139456,0.20467241574424097,0.8136216769633573,0.8161300325552856,0.04742948917258473,0.592225736427339,0.5354729033907774,0.25104233877559495,0.005252850621408433,0.48793367142374744,0.3097314940409843,0.47852374567987,0.8167782473942464,0.8211853585433473,0.2927285273657551,0.4502840372468926,0.5266987742301145,0.08478252795645089,0.5907921902284925,0.44072361848637914,0.22303400093055284,0.6857518206190264,0.5589058532076888,0.5847336169374625,0.004518399050490601,0.008973929427793275,0.6805399969886521,0.13105356652761696,0.5935576385858303,0.29468153953506443,0.4857109914864511,0.24759964417086633,0.637035191943029,0.6407001697688962,0.10138739407881214,0.6376496281846471,0.4125676427066598,0.34571382231462106,0.5218409006940531,0.38194992921186405,0.16954968269741486,0.6384562406253413,0.29689039088718644,0.39442998725793904,0.7345249846218094,0.8643002331637276,0.8554615570911658,0.559255880779802,0.3285055952209983,0.6114629830345342,0.0468025098685927,0.5561718743868989,0.37321270181831134,0.26254493452188815,0.3675823510515253,0.5137226511971034,0.004233928328747714,0.7415116928801675,0.631816455859105,0.029359208061616165,0.2371828812467184,0.6972398724484906,0.47334173792612766,0.5034016427710513,0.4552057828845386,0.22173585976662635,0.00032015264383155874,0.45424927211283533,0.0031085106932638635,0.4751123809698567,0.31122756443414357,0.36189982758808914,0.07478866342197384,0.06055831494057067,0.3730999280261608,0.19530777228753682,0.2579996470781111,0.07478351252261611,0.40769489284859345,0.5617820518569433,0.07638246279902507,0.02525306431434665,0.050457677601358636,0.7713247923090929,0.44555563138178533,0.24365553282017838,0.06425515416752717,0.17843587567232733,0.7016662555890577,0.07107735482647125,0.3787506025911832,0.07277411299885284,0.5844209296384109,0.0009095056512888116,0.007938717991584675,0.03413459468359835,0.028540662125880033,0.6885052557166014,0.00682606276515905,0.05910875911840056,0.5259335981079978,0.297580526047419,0.09051490880877931,0.10517822132286334,0.001311926588476277,0.09605999151294643,0.23624755298976055,0.185417240743019,0.005031078772213958,0.05246496201540327,0.02201422403156374,0.42221663170688867,0.07139620556009316,0.1052980168177774,0.0007999598042554956,0.3028103613834981,0.3109394757196282
0.06140922429849871,0.9669907743070887,0.9197782589508987,0.5500619443870999,0.9590769278349706,0.7985432102137592,0.738226209225285,0.6444850635807292,0.6054189438488118,0.7618764162883452,0.14138978685032094,0.7527130105809456,0.1413116096502018,0.5665214815091216,0.6500668197708883,0.9877279143054225,0.3916732291238606,0.7744014740929581,0.908627811592271,0.41600585210130453,0.7866675120825555,0.6592287966013338,0.7217010216039168,0.490938279176492,0.8190323761328112,0.7911398505826743,0.6673374663216002,0.6949014826818422,0.5730543613629523,0.6089844119676523,0.5654517578369873,0.5856996701884744,0.2311550430773876,0.44259832721699494,0.3014672564676731,0.9111562070733967,0.3399941831484099,0.3365047475103626,0.8782682185527783,0.5502756528923143,0.35120965173080887,0.8142810327984501,0.6127619163587069,0.6399620947141604,0.3387849875620419,0.6924661212744019,0.5307502482655699,0.7920352983263382,0.38099301125483714,0.3471592397920028,0.0008115197016899111,0.571610723930052,0.17928534951933847,0.45440096908683264,0.4624151364446337,0.5991443340324638,0.22088702817667757,0.4382984161827195,0.3191441948043296,0.5756551314550061,0.7222134635446384,0.727565534310757,0.01101492495283596,0.3891408418984841,0.470641360509678,0.4029410271557478,0.043853058802196934,0.5705384325688013,0.5566060443856329,0.21590697632137548,0.5913969777817609,0.7186105769448053,0.4784993951631479,0.5420235689164943,0.534968953483034,0.03997625215648563,0.6331510609445642,0.1263853318397536,0.10948820604191836,0.6311906944441276,0.5551818713164238,0.712275256145883,0.0037135875691802927,0.04077958404476691,0.33315940110595094,0.20755814337128262,0.3301980316184456,0.3803384487626602,0.11353508742333689,0.2914207173003276,0.38639511714238556,0.3829803429242864,0.09226776382686623,0.5039251734403666,0.4496479824899828,0.568444906548063,0.6348537898744617,0.3881903424703677,0.23506291513809974,0.7702337389668947,0.33202632037622276,0.47612312655452466,0.2028577737430927,0.3562881572554798,0.5763329500082804,0.15513254332657458,0.3697382397113221,0.07570783883527173,0.16556231095070265,0.5629339034953813,0.42744368007939854,0.29926570168192346,0.13321248378783873,0.43760714012708446,0.0009132922602383918,0.49481722233215225,0.6359022812456071,0.0626455073474434,0.05127177449146504,0.12350755853106953,0.3295165811253102,0.4355665131546744,0.15290348956224464,0.4852189575335116,0.0028208722743146785,0.5680938445339694,0.005469624246602693,0.28064457421420996,0.11422069276132488,0.5395415235715677,0.003188711839169791,0.009856019529401504,0.351299530623664,0.05330428261587338,0.08493232503852635,0.012698851065788283,0.32279932703697417,0.3660188325858788,0.03191605617919097,0.06885478548563877,0.007365846495846597,0.5512410620281397,0.04272092667983295,0.19621832745326703,0.10197194308846351,0.11102183192275467,0.26095501437869545,0.10800921998575236,0.1086220584185004,0.005277814691834545,0.4355263204993032,0.0029316172992624855,0.0019790843930609908,0.07346527517695793,0.04433082230966371,0.13031046062533333,0.021148405228342604,0.07088864497188466,0.073439857335378,0.09692448889857232,0.046089439677643736,0.052112315984570966,0.0003906671918298438,0.13480923820289625,0.01134744693193379,0.0719327097818091,0.022701698269034308,0.008072969296792404,0.012868131995238653,0.18279015957138564,0.033189471925629176,0.12466804805813916,0.003680927777954261,0.152956789074703,0.4833500009913253
0.1126759354010718,0.9772916611191645,0.9770363701274597,0.6270249119415194,0.9794268935839064,0.9375269277890281,0.8449393265652769,0.5084647239148969,0.8810545948683658,0.9650396681344414,0.1705037387252249,0.9617747199978822,0.21334373499466014,0.6605714784786859,0.9178488870618557,0.9923940246662629,0.7364316364673579,0.8149685745457067,0.9150896056579926,0.3829554435746424,0.874478039432659,0.6732324978587793,0.9038337394237502,0.7896530593938834,0.7309937003409893,0.9481053510074128,0.6656393716663739,0.6628259261435715,0.5608270316774742,0.6550666454347497,0.6243913748757212,0.7860196114188884,0.41769609559123255,0.47609414978800924,0.48550189773255636,0.9707909017069006,0.5521804897574593,0.36501995385232633,0.9084877097387668,0.9357081528199703,0.17755797342242266,0.9459776385706319,0.8507332399390346,0.7434582798258642,0.6740284660847209,0.8085011891799714,0.7289017397576638,0.9518031065653074,0.5614070944911269,0.4627231359972827,0.00034350515360919863,0.5936636327062808,0.195905413465247,0.5569683971032536,0.9370161716649243,0.9370282349113441,0.7940552523463301,0.5015510604750748,0.18733132086849658,0.6926636289030699,0.8999525113009106,0.6963981532291181,0.018834613436881878,0.8148353496609892,0.7060675864129387,0.7669288375622669,0.01722944236863523,0.5548401323223306,0.44484797901667283,0.19858374970977571,0.8194395979773224,0.5779298643249547,0.7970164646843376,0.37768698509142873,0.7343022644662448,0.022750224828241666,0.8346354838180471,0.20542019966143155,0.10576704487803941,0.7300270870298199,0.7200117858410928,0.7195384803531293,0.001590793043531016,0.023061134306685847,0.7699468922865093,0.15168526746746316,0.8834824541216526,0.5585360048952269,0.2276153397469045,0.4653673875289039,0.739084028520421,0.32434224740029793,0.2318611203045497,0.9178193027280935,0.6138409152848594,0.8532377966649897,0.30276158775708994,0.8332283538085067,0.34576323149749694,0.8702527954069932,0.5581132335308219,0.9305068350239211,0.42598625793018013,0.41431822917501526,0.7043555275017763,0.23848360692702902,0.6402678246205287,0.12650131823926464,0.4533256704759664,0.48710891111223037,0.5270366411785057,0.39261134269758463,0.1292102722710404,0.4884360145147095,0.0026169662990535485,0.5070537020216002,0.7399097311791826,0.02630103542354488,0.047902817627240864,0.16865405358850163,0.8327848373486896,0.17531581493014328,0.12221872474143597,0.5822766989817005,0.00039858646002786534,0.8496526440664053,0.008447645812187406,0.3911074385915575,0.36164511273106714,0.7097762972710807,0.031321522924210275,0.019806952657348664,0.22526973204554124,0.21624191475622506,0.20416166274629996,0.015077331642739014,0.7462552303122474,0.49851238557623034,0.03335971836898497,0.27203743115744455,0.02584167272543046,0.5504011315573523,0.06630686635238736,0.4655899853874511,0.04770006025723205,0.11560029726735069,0.3802588937581398,0.03725375346325214,0.17708584819329767,0.0354221442526642,0.6165235274140923,0.0007615986807282658,0.007053133220049698,0.11053933501459856,0.015643160851779934,0.11583456184651833,0.004550669710486789,0.19611884500058224,0.34640328328157,0.13982797885503348,0.0490980712289811,0.11532419376580846,0.006066345343352316,0.10730935305914009,0.027273719610457194,0.038437782424587084,0.04703792175272095,0.007524300332597632,0.03275264778389445,0.19481154329260275,0.05787727768737772,0.20422978216532364,0.005590525484251206,0.43094726331397887,0.9029894872735722
0.009662523887766563,0.9913978550756535,0.9827131909594069,0.6823415820219111,0.973615325556437,0.9416704095144813,0.9724178926359173,0.3555463469212302,0.9757538803861511,0.8416227930177238,0.01758693465542239,0.7976122242916776,0.02865018758910331,0.886212167988234,0.7466806645896278,0.9928883175716366,0.07348676099897655,0.95112926299622,0.9713328494515421,0.5639593474046302,0.7634207429809791,0.23744701048684666,0.9048317395111513,0.2770307573746807,0.9150696065640995,0.9824815467834986,0.5344213252384167,0.3992498826871727,0.20356855742466934,0.2243708648369518,0.8722212291239351,0.3773431223415474,0.18786370835486138,0.8673216514137412,0.08979070865010476,0.9769583499265116,0.21474804910514797,0.14409908203378805,0.8934486224217144,0.5731627464575002,0.6548890995817779,0.9763415114261614,0.64784986115079,0.6738848085261135,0.735853552016481,0.3029827268390635,0.3004691210424954,0.8019974248404742,0.5956407792301143,0.3788663282764811,0.0004852893117898014,0.596635020704333,0.0234946323090116,0.1870207354260251,0.35442615808514105,0.8216696785743837,0.20766934553528382,0.511594723221343,0.14616447659630274,0.20454365125050206,0.6572746218496152,0.46666478473000594,0.010545372788942478,0.511648308400195,0.8996533920547315,0.5223063847258947,0.008971211367451918,0.592234706313874,0.1704967476007791,0.6767322128331252,0.7010081711318045,0.852659702770121,0.3664705529818302,0.3891791273730015,0.10454667179027399,0.04563751810522638,0.35436302035050904,0.6474721806825575,0.3178734205770703,0.3089826070439086,0.40229440862347055,0.1300043897649927,0.0028258767457125145,0.010637028287806516,0.7717721704301864,0.1412540935165657,0.6340091822504262,0.4741246790101815,0.6898210405119897,0.08847904092426234,0.6894187753485874,0.6361169398965657,0.03953093936561433,0.7747868671791773,0.1518093593776756,0.4963808337923788,0.4253435666754286,0.240744322689932,0.05865467195757217,0.36305859479083746,0.18886510372863427,0.7052840933578238,0.3644974677577678,0.29457894693435704,0.4015600279734788,0.7263984254770667,0.2999418848507434,0.7236227551067861,0.0773029805567549,0.3276152742965991,0.06465145361979957,0.1736231349122887,0.2857689168577644,0.1767865696468877,0.0008835859936657031,0.5981155047094658,0.18536427634580938,0.0558796938030976,0.18683996332732547,0.5888461866941573,0.36613727161647397,0.17568272953536562,0.0907780648910377,0.26519717904411577,0.00027380707662412836,0.3822281370537848,0.033234790732916054,0.6019681174464466,0.04837444365625371,0.5313081101387895,0.0254335093742204,0.021065755452523774,0.33283198616111465,0.04316991547184875,0.5167893882257213,0.08158959926320143,0.05595957822656046,0.18749845431922868,0.03312009586847234,0.40544741713954563,0.03139991625095205,0.6676654444279584,0.08057099507104759,0.5843793066287852,0.027887863661526555,0.164395131203673,0.21356505434541312,0.012415088695840178,0.2516349486297122,0.01062694821544293,0.4439265948700278,0.0012870563881226384,0.00263654563743301,0.493383828909783,0.012056813768427153,0.7295701503899271,0.004149377061930751,0.23398954985354073,0.5632755225843279,0.08863644911817484,0.021500556190821002,0.01876646962483956,0.0027082986592317755,0.10156871716313941,0.009755999169217851,0.07325372796264328,0.010998024116697102,0.02731692111989523,0.019404566662698637,0.12973056876624142,0.016653894157615402,0.25043180932741993,0.002196185021245469,0.06976541468503723,0.4318765283758296
0.01493219618171102,0.9909261624629,0.981213117900187,0.6577734494974937,0.9729183661012971,0.9391925628799823,0.9718142214487143,0.36538523206019,0.9764366869493349,0.8257513347135603,0.02340529749994428,0.8311968825835776,0.03219673009875285,0.8793905413109258,0.7644770238876311,0.9939838217738755,0.07650003927566637,0.955265415305523,0.9716015769508068,0.5627716150508516,0.748632471959682,0.2551314686434852,0.8968036563253587,0.263809789937706,0.8972589496010736,0.9820157316540489,0.559161780874884,0.3956624961625979,0.19850027671326662,0.22352726481998464,0.8711493751923381,0.3855799639273318,0.20474191491282231,0.8695509074671995,0.09961246636255079,0.976887594962624,0.22692365241281073,0.14560298175473269,0.8872999691994544,0.5825221177611719,0.66819323011694,0.976055025378256,0.6507290808551929,0.6612865858177159,0.741451807748248,0.2901037743766972,0.31638576565465903,0.7969179642741838,0.6189083919452165,0.3782182650485123,0.00041904514722458175,0.6027487779393617,0.027573594360143963,0.20126920977802013,0.3874472239488748,0.8235331040237133,0.2295561066007911,0.49905293908106213,0.152618631639625,0.20741956786107638,0.6496835963852441,0.4550999243595479,0.012314544411431705,0.5557519992394042,0.8593452653174312,0.5398475015030308,0.009227781476202455,0.6330472257155727,0.17770887471523866,0.6722795504507152,0.7030989365695682,0.8394654580649915,0.3653190015011439,0.3822811669460387,0.10675041892389822,0.048960293169756475,0.37210000855363273,0.642306243360636,0.3195124876153948,0.32788945068618935,0.3946660001115511,0.13449086883773412,0.0028041146974981863,0.010948324180286595,0.771900001129292,0.1458366621598609,0.6558078762053415,0.47363482143575053,0.6905869102662472,0.09049130015771399,0.6826802837328911,0.6345446168761824,0.040312133342962166,0.7887847101391872,0.1651490246185389,0.48489793582811036,0.46786339721393777,0.2583698989881168,0.0659778297997108,0.3815678850467457,0.19586174071258444,0.6904751714572326,0.3467484764866676,0.290748207819884,0.4089398752826158,0.7280810610018306,0.32178999732592445,0.7244847202768345,0.0853488326016574,0.3336833727935558,0.06750150687923862,0.1825371722732132,0.29447778863467106,0.17694221109170194,0.0008432610410749149,0.5993137880257372,0.18997717977362177,0.062027005502436415,0.19817728342538796,0.590948728985847,0.3834975190450459,0.1459761327899131,0.08017842754839086,0.26938115975855764,0.00036312332183225434,0.37045127168335684,0.03569337378524406,0.6069753547180899,0.05187948409571261,0.5159428704416215,0.034707049048579464,0.02396595489986976,0.3497034681660856,0.04472975866593202,0.536297554457234,0.09392876798846382,0.061863211069042655,0.19051307603557135,0.03672432914436322,0.4276674458800179,0.039380283793948555,0.6570393540461456,0.08530834333807538,0.5937164355284278,0.03165415507828717,0.1629979961921518,0.22089272138800886,0.013589660865598456,0.23908936331610514,0.014105680046240644,0.42863872408100795,0.0007462559936978931,0.0030324495949347477,0.5046021745276146,0.014855349715207165,0.7475039471762356,0.0039919097803023775,0.21471243749232558,0.5251332458002208,0.09179744399905915,0.02592357697671031,0.01956709912990659,0.0029448478917263286,0.10920315786615538,0.00922342980238245,0.07785444443762517,0.011136474000158368,0.031386265210388,0.0202559983324703,0.1362625680127193,0.017997246310229694,0.2466255032331662,0.0024816031354507402,0.07195297156298625,0.46455417482079125
0.007057829087628726,0.9917849450627005,0.9838471934471977,0.699578510775701,0.9742046675379041,0.9438566054570728,0.9729693741954625,0.34919485745871337,0.9755241889494262,0.8542178908720764,0.014208533147927868,0.7701074513503103,0.026131786899440075,0.890776945361166,0.7333750338818346,0.9920231027252074,0.07105753994027521,0.9477790813195146,0.9715504165485047,0.5663738977441047,0.7739088917353795,0.22551302166510218,0.9106596634496129,0.2873823247795534,0.9258143094934833,0.9828730556578965,0.5182122257253093,0.4040477707056237,0.2079495822592313,0.22555714929836349,0.8730235901103296,0.37166057916461087,0.17793949404028211,0.8661975587541223,0.08290887176996858,0.9769792830679606,0.20660334706412342,0.14374687454933582,0.8976740542391355,0.5648240280884896,0.6462080113882137,0.9763905272954367,0.6461488260141554,0.68392835345616,0.7330121406223532,0.3138370187616731,0.2908305719083194,0.8055845325335166,0.5797987592730786,0.3808410335405765,0.0005326847657542342,0.5933608957289125,0.020777120784253568,0.17779403413220563,0.3302245660057512,0.8191442226656703,0.19221463680326645,0.5222429995055372,0.14242731734798644,0.20096789042520172,0.6625182783669604,0.47553067331618615,0.009397134342034014,0.47980785970464895,0.9216889083661918,0.510038897318588,0.008743652974062623,0.5617214704366891,0.16471069133547792,0.6810255228746819,0.7019297353618917,0.8621647019200501,0.3678291288556965,0.3941258649411081,0.10361648384144159,0.04355148980530647,0.3410588139464614,0.6537229996137752,0.317657558051671,0.29618621162858283,0.4077044459989552,0.12737036895683673,0.0028442346955482767,0.010382409390995228,0.77209599110433,0.13853981292727102,0.6179051929697328,0.4749453448602826,0.6926553042230316,0.08642979104450642,0.6940308251450444,0.6381879096144308,0.03896920291504711,0.7653163058161844,0.14371215153535077,0.5025458747217997,0.39521256090847473,0.22969938811922275,0.053504487447481465,0.34894661107630304,0.18426704221754148,0.7147437645140281,0.37881055995599905,0.29902291196164726,0.3958112748397685,0.7262077413231758,0.284447245301136,0.7240231679832522,0.07187447044722607,0.3246540349108413,0.06226982875168468,0.16780688741663027,0.2818094227250761,0.17650490575198066,0.0009111196696936067,0.5968542008618271,0.18182265033252906,0.05204316473353026,0.18066795586361745,0.5894601937510765,0.3553116661735665,0.20155047085721117,0.09942038963852907,0.26171230378619714,0.00022149510077070154,0.38892482876516127,0.03185115420616849,0.6000143833114925,0.04589892599606592,0.5404562718782767,0.020294034342105065,0.01905234712781696,0.3227685908537763,0.04237535484912033,0.5047474611398015,0.07390571028547041,0.05215587706423588,0.18593349471015244,0.030615639202511015,0.3882709757229011,0.026414386934819976,0.6770236609438579,0.07723985408588029,0.5780301219862114,0.025535197484825734,0.16656696964288567,0.20995618838255223,0.011549962867670478,0.2605011674281241,0.008641575958500273,0.45543157745957286,0.0018830321835448137,0.0023703799859600477,0.4851868625543449,0.010221536895918332,0.7178547222462605,0.0042479826567561685,0.24964237301824552,0.591017388625882,0.0870231714834102,0.01861128026104246,0.018340109614541855,0.002549404343492646,0.09651679352568875,0.010228147557150827,0.07031695186314883,0.010808446624653734,0.02483878173988422,0.018928746652900133,0.12456405978771545,0.015616639012421182,0.2537330612220514,0.0019915924613350257,0.06845228548585794,0.41007402699542805
0.0668518991536577,0.9800531454807774,0.9476317892771089,0.6137064451485446,0.9414187143485823,0.9260095293829884,0.9159129603309234,0.6772089866213095,0.9112918045706812,0.8808304535138801,0.09751243070035233,0.9305945562775404,0.11227427536993852,0.4875660690433135,0.9098193897718768,0.9962318496098539,0.4813411533949812,0.9109873935457833,0.9275937285184689,0.49987698530691244,0.8037096143860576,0.47882872168859175,0.8590179735400568,0.415762628731007,0.7675337184746837,0.954177474182746,0.7800883860851073,0.6139842231114983,0.5022825099502096,0.5437706719692356,0.8330431423241145,0.7012400827417852,0.26642846840035445,0.6978439607126264,0.3941120727286645,0.9703698449847699,0.3269564547475689,0.21965800799219895,0.7524926269976097,0.8529665847381611,0.444861465120504,0.9240527211521642,0.8195650680363102,0.7874763621711599,0.6405764734686932,0.4660905067390124,0.7721708393637322,0.8986398314175447,0.4988116637249698,0.30281386601317656,0.0002459645558414591,0.8139885347389391,0.08025200895028749,0.44790000459231555,0.8216295488591137,0.9206221242132303,0.6080082018636204,0.3241529392231028,0.13207398118673178,0.5494070512724162,0.6413350591681651,0.6208359956632047,0.02279351953169727,0.8308096355832578,0.7847650856036279,0.714303181999087,0.010688794355551768,0.6783227551736883,0.5675045029298191,0.3812409759744441,0.7090185030216033,0.8393422008004756,0.8038826086123555,0.442067237291419,0.2600509900490035,0.0954812538307928,0.41354104637117506,0.2022379175451012,0.13862061557230929,0.6384139872523313,0.7013286680201414,0.6835074560552126,0.0009437437318589528,0.018314722571991213,0.8109244019243655,0.0856271255508093,0.7732816692358093,0.3800238843789594,0.36174590110550586,0.3284316711958378,0.8386627607942363,0.527552546315759,0.16415746461214356,0.873524145100531,0.36041143584043556,0.7325542253779624,0.7220438780320954,0.5712982713901741,0.5195392364375684,0.9286156072605057,0.5292935953527527,0.8581422781250119,0.3345348894315495,0.42910124336476363,0.7534929220426516,0.15477689513187906,0.7619897754617211,0.480607906015415,0.31596633543465813,0.48425432437053234,0.44531932853564204,0.2226307389802698,0.2866519821258811,0.471901600448387,0.0003486678257662128,0.6319019117951787,0.7341531560279215,0.0653223462386177,0.054051968580337145,0.15349885777123692,0.6374175506665898,0.35038119586722843,0.21416086679487906,0.4781504226821492,0.00031602922951249414,0.5965530238957273,0.00775781915708102,0.6759403700578076,0.3114951671901722,0.6788575294274918,0.02040828979928774,0.02288056550554494,0.3942898122556357,0.06027550001103231,0.26924307261114505,0.044377495300822065,0.5302366402656834,0.6024794926028607,0.023651305800401198,0.6871787164848733,0.03571966855610217,0.7079621609300625,0.01411322359247635,0.642568560377326,0.09580654338505303,0.08329411431441114,0.19167094723046163,0.044766442516794076,0.03757701704927834,0.009519435428519527,0.44047919411031816,0.0005360589951968679,0.001100379627680684,0.08430446173705608,0.008050040314847226,0.5655594220984821,0.0049341570246397735,0.16456464746595623,0.24781831057014408,0.0690928729999647,0.018707713877028815,0.06006005044468148,0.0009213908029882578,0.13917330771302983,0.007234395295895378,0.06494605666326107,0.01623188348082415,0.003942198494812841,0.027318213897405474,0.057956230663763965,0.00862186189186577,0.7391753633971588,0.0010120091793975202,0.4847180574293375,0.8261982928234902
0.008973658032145783,0.9917273565579496,0.9834786109344026,0.6871034874296775,0.9741238429867405,0.9439188744150946,0.9730129121251017,0.35645201939807136,0.9766747517730524,0.8519638469165144,0.016305701950220054,0.789878414129047,0.027236668152581345,0.8868117179559037,0.7436732211967813,0.9928354456716023,0.07167036534850273,0.9498093015623097,0.9728639931597367,0.5702795731072148,0.7668069229757788,0.23553304212611584,0.9077859042100503,0.28162669023788583,0.9165856675394044,0.9828125166057429,0.5368134444394166,0.40854606232618385,0.20708044561061917,0.22678596864150108,0.8725458860253557,0.37672599902127507,0.19142347238610752,0.8688716592659033,0.0866979945350586,0.9768529958633573,0.21398118993555817,0.1467046848350965,0.8944185622469404,0.5653929458791034,0.6566296536969608,0.9757724530687448,0.6488299420743084,0.6804987768209348,0.7396692497272762,0.3106345626883658,0.30389491350810355,0.8028288185828302,0.5961607010764539,0.384905329049795,0.00047403658480140825,0.60004956305731,0.022207319456997724,0.1868305428190902,0.34385244963068734,0.8167238163863528,0.20127628454993698,0.5201577392398022,0.1481613805578849,0.19808508524786772,0.6579038606462365,0.4707013116754948,0.010126639817198295,0.5042091524520218,0.9041634631622977,0.5208136960009193,0.008740719989722924,0.5838992357872322,0.1663313649190037,0.6818515320430878,0.710098754940787,0.8571761741310578,0.36874456177436066,0.3901965047101639,0.10669032388994841,0.04578725181425145,0.3482485070247525,0.6583672242978443,0.32137554236393423,0.3075026817556216,0.40318688492253957,0.13130850007845388,0.002839788100659774,0.010441396338386111,0.773378100747303,0.14251032137570216,0.629945555321177,0.4760457203560323,0.7028434527286153,0.0856754706822634,0.6898287154453557,0.6400780031724423,0.03936383218597812,0.776131034183063,0.15348711336370877,0.49011715069135464,0.41744718119041463,0.24233078119781334,0.055987613950767304,0.35580225612221306,0.18894523451592707,0.7040442452077991,0.37267118698600393,0.3017942324024101,0.39846214673662456,0.7301036675189478,0.29502268433648116,0.7274647369497842,0.07568030106780202,0.33199621836205606,0.06257988149082548,0.17366346813552713,0.29310548166151906,0.17609439225781687,0.0008805523160121182,0.5963465831165301,0.1834861847450614,0.055828615754762306,0.19173983550957277,0.5968092683549522,0.3689811127839886,0.1874297860788718,0.09365516830667218,0.26251227880303324,0.0002519099225521177,0.37701838658887227,0.03399817126932842,0.60759815022483,0.0474141536360494,0.5265748592445105,0.024062682133795716,0.020012178373634365,0.33724184231180404,0.044099702387298,0.5213826089243456,0.08072911203906212,0.05546325458553325,0.189288074333694,0.03202085835267899,0.39604594491019757,0.029163611264802464,0.6766342074187925,0.07948961763664,0.5843591125166406,0.027640937418192724,0.16920984016951027,0.21854818760273192,0.011886789752601552,0.25219376737620547,0.010022426426781519,0.4482763603789228,0.0013514976679099339,0.0025167235800311978,0.4909508601986676,0.010983913247213466,0.7327900148587171,0.004106420199015113,0.24146086930222865,0.572661775079609,0.09052013014443994,0.02008011402516497,0.01915800047419926,0.0026675051252106614,0.10089463035615208,0.01012050436209135,0.07337122097114093,0.010619228996616235,0.027214821990233933,0.01972752212379031,0.12610930519732566,0.0158989739999484,0.2531951460836024,0.002068993918971639,0.07028674622209104,0.43173419226149895
0.027355551921551213,0.964623607656257,0.9699316916268769,0.8708262498116445,0.8736723053118323,0.8582498358679205,0.8444862534132819,0.9084968908280376,0.9103420772933326,0.9432451630347003,0.03096797270201363,0.8196496595974633,0.07135358911557611,0.43444798719929484,0.4877322585428658,0.9918199999443654,0.5795377237947078,0.9397545751845848,0.934855116061521,0.7501333058634041,0.8959466099803781,0.7760319163215227,0.839941505989174,0.8017397145751741,0.9164003085424314,0.9031707483597862,0.784330748792223,0.8157297872290618,0.9179187032534698,0.8541515300036068,0.6905183113703117,0.6122974781785582,0.729765042912987,0.28437342146672334,0.13388809922364864,0.9589293566071302,0.5209987767078325,0.7015751900454911,0.8809631309280169,0.29140386170729315,0.5436034466635502,0.842006793585959,0.7192677539045267,0.8759804445216246,0.21932178304907457,0.8623808684340077,0.7196940366280385,0.922649192125591,0.41460011106253475,0.5456872386597841,0.00046224010604622843,0.825317433403562,0.050904982096554745,0.7389110847039095,0.4466162150854561,0.8355136778857475,0.370149574647531,0.5750377351588503,0.5102423413302963,0.22122063543308385,0.778743121685002,0.8654052073859728,0.020964483129937074,0.6328234565343871,0.41387476267875656,0.15185673864153995,0.007253507339273903,0.5892586543853385,0.6100774131987188,0.26646210475062815,0.8323608013155296,0.8820164586173169,0.6878796646525054,0.3721036157483281,0.3166277651125586,0.09274068132131445,0.5060596757065603,0.16756347531678847,0.21189750977632726,0.792356330693314,0.8255772093611001,0.9028211044752119,0.001845468282423087,0.013428241847991648,0.7108700717231207,0.47680748547374874,0.35614048353235295,0.3351147523612796,0.24428656315532774,0.2081001070256719,0.466533175391662,0.4523305778213967,0.1675486999977304,0.5482195147056192,0.593711086657473,0.33607259509582743,0.5285890931110756,0.4703081115535646,0.30001769778628606,0.8844374716976414,0.2965260482965272,0.29459683437918216,0.7876741992029741,0.7445982730926198,0.8725104888877433,0.16585606373113332,0.37100848223963784,0.27630969219186774,0.11839865007969226,0.7742949665680179,0.567414846524291,0.0903945973897173,0.24743833408514748,0.7023034512185621,0.000998793626220989,0.61186527376543,0.8994802460592607,0.0427476128770028,0.1696943404094617,0.3912910885963611,0.5130887522397958,0.8410575449527417,0.36620259827717394,0.17756774314605203,0.000281439677884094,0.2496287639238202,0.004416247995170627,0.4386470960790097,0.303608748654928,0.4577198315651463,0.009102820524787569,0.015876000055412787,0.1789622157260096,0.15727113530419334,0.04637599129911045,0.036882513114723015,0.5758005200849164,0.7689473405020619,0.017377959317751327,0.14414308575430676,0.01544104908381877,0.7979178542751716,0.08131787998150122,0.15164438490354049,0.10286681985953817,0.12144007942994216,0.6627634607017238,0.07972080529239192,0.14191776758591795,0.010025737780683157,0.27788179280955033,0.0010504287566427274,0.0013721202546548225,0.016500561065980242,0.010940660589677093,0.38084167091894905,0.006402078277249182,0.10180483842371012,0.10311975609550274,0.1882647765549621,0.026005402274203275,0.08756121182836281,0.0003494611282917125,0.0992645948950047,0.04456174619749224,0.07245044898606474,0.00586574459477957,0.009675872377154282,0.023950001503083275,0.3475352521263794,0.011366029634076555,0.2643046594227308,0.0004591202813519402,0.41479259234819094,0.5694584625961042
0.03293699392553522,0.9642285380786852,0.9692128675124095,0.8654425950042903,0.8730558753078042,0.8575441022761664,0.8441769592453608,0.9103857806737471,0.9127797982222746,0.9418330947456559,0.03464339603279586,0.8329941942383345,0.07404056324271854,0.4269201621739961,0.4982490902241885,0.9924549287868649,0.5822565937546957,0.9417316197019057,0.9364822458363632,0.7515722349482531,0.8928508153071385,0.7835158998912798,0.8356780184790715,0.7977982947598492,0.9086203256789144,0.9026656013883957,0.7932934512758931,0.8168782965987109,0.917362674379179,0.8545245609824214,0.6897364570510695,0.6161974207951211,0.7419551769890801,0.2874547339102365,0.13887537037660694,0.9587949885651403,0.5293951515443465,0.7045643239049949,0.8780434611338942,0.2928055490579298,0.5517290860952822,0.8399014242400089,0.7208849763935904,0.8741697916828426,0.223159687988593,0.8603742030580938,0.7284392196127818,0.9216574813449528,0.4267212854747279,0.5478351605956725,0.0004255301646622094,0.8279457259294011,0.05386566501576111,0.747527990319784,0.4596653220266742,0.8345884568194024,0.3815973347300663,0.5721826569707217,0.5181606902468826,0.220022766237715,0.7760263590911695,0.8634180579599523,0.02228696406975154,0.6505618622962075,0.3728293900574496,0.1561487672127634,0.007281964107347113,0.6067364101591567,0.6132725853659333,0.2662798714046175,0.8354348888115221,0.87816679471768,0.6881705019355729,0.3690931526985783,0.3211015082890863,0.09601453204063388,0.5130294472735014,0.16862350675568097,0.2135902542705106,0.7990099809705735,0.8234809921636269,0.9049149569908632,0.0018418794540866286,0.013524522023589789,0.7116819309591796,0.48248031994461754,0.3655598201213784,0.335569652490613,0.2491152955984662,0.20785674167448634,0.4628210024687525,0.45315720692405836,0.16873481617809358,0.5591301915551479,0.6069626577071309,0.32877971547284607,0.5468655661595134,0.4829222884678684,0.30922567315887595,0.887199676213802,0.3012979825963555,0.2868572008639303,0.7834598407564533,0.7454093966663828,0.8736487270589296,0.16746756505074245,0.3808306012660785,0.2782613534194116,0.12317432085962769,0.7780338886995297,0.5697412373189463,0.09294481636482661,0.25405075329671717,0.702024233320032,0.0009743752742625665,0.6117728418538597,0.9004038502176004,0.04506360951021201,0.17672362885940104,0.39542190514961395,0.5235563162573276,0.8301411410326832,0.35364393122719745,0.17833942374992862,0.00031376233354707997,0.24334588220065384,0.004624384808933161,0.44351452873434644,0.30969489131642,0.44822349227039343,0.010438189535840473,0.0166034089367468,0.1857277419490406,0.16093037675456537,0.04847354118901771,0.0395578131600104,0.5878891918957707,0.7715047651381343,0.018073012407812946,0.14793918855635904,0.0168323165153265,0.7966536116415486,0.0832391368720647,0.15414318649417483,0.10871369205635925,0.12234915187520136,0.6701317748718703,0.08184438649895266,0.13797156415723552,0.011294091041677315,0.27304532268194404,0.0008148869230938679,0.0014452222512426143,0.016806142035702156,0.01171274268326506,0.3934107202876225,0.006253896372871181,0.09826386402104098,0.09751989556737996,0.19263851809783547,0.027800278879551846,0.08995569862775181,0.00036230121174996076,0.10268461816078396,0.043976018352235136,0.07474740770994474,0.005821723143558715,0.010371851630390798,0.024626847186860076,0.3510895772570338,0.011604805086917122,0.2634400824930894,0.0004768368557999672,0.4196049700456524,0.5855595508182783
0.05973257408126546,0.9693791353483336,0.9257044912542514,0.5538482727180009,0.9606009715315688,0.8121074862057075,0.7472190954019867,0.6500734080478915,0.630696136812285,0.7888663482909181,0.1311821318359083,0.7455459836440365,0.13126041056701745,0.5644730288225848,0.6488749343028128,0.9882062624444252,0.3796208857214228,0.767993511627052,0.9197070773341895,0.4309583533461684,0.7897067428485367,0.6608412579818406,0.732380978058086,0.49906951238462094,0.8153170554653072,0.7973759741020183,0.6801261566935654,0.7134725466923829,0.5832121511878209,0.616602082270849,0.5663851801001146,0.5870825122648676,0.2482416042540321,0.45245380902438187,0.2901891269520523,0.9101388090304084,0.3430185037045156,0.34899951627769293,0.8786016546308802,0.5343599408576382,0.36025815884659074,0.8044385159106592,0.6162909447115688,0.6523614580497193,0.3519597285053568,0.706443623344184,0.5470562368739916,0.7923339579276154,0.3902717257635492,0.3612428511229014,0.0007282401349141886,0.5822451897969174,0.16727003849852118,0.46149526208983443,0.44640862292809336,0.5804726379160899,0.21214419860376663,0.45470202855512143,0.33155125472974295,0.5530205079397651,0.7212471564069829,0.7321898542596361,0.010529243403013441,0.3864898574132394,0.4685085028530277,0.40531114990072653,0.04163166715938906,0.5645646835256211,0.542924351731327,0.22456018712705217,0.6177888428915174,0.7293620319235928,0.4840378534669517,0.5421093203738653,0.5507427373110043,0.041301989325580095,0.6240589289681351,0.13899999998435067,0.11364927021438899,0.6342802164050477,0.5546919168052191,0.720733061551402,0.003748321871738049,0.03940473136920106,0.33819734994436246,0.21390545930405505,0.3280694734867505,0.3846243177586833,0.12973066969695965,0.2756537389544838,0.38493000652104203,0.39237281453742545,0.09195825324088237,0.5157627121709103,0.46614290887502774,0.549413562395733,0.6303505397655127,0.40105646528816336,0.22148540104283318,0.7613520660500631,0.3357893320878806,0.46641648502367794,0.212556371441948,0.37433515040479576,0.5712179048959082,0.16162431285891218,0.3646019207882469,0.0791837171293366,0.1629921679027576,0.5771401789696917,0.4106559364756693,0.3038657019725115,0.14542195902440738,0.4348350948320364,0.0008910750438207137,0.4907575814619891,0.6312567072850239,0.06480186737898998,0.05654013769744926,0.13285210734886113,0.34192230319811073,0.46443118656017374,0.15773993744344555,0.47863591960013313,0.00253861686767789,0.5504732702974218,0.005940786961291446,0.29392005048322695,0.11162638229244493,0.5226524894512974,0.0031022433300926,0.00908521936206464,0.36844719098396944,0.05680718566999804,0.09071038433447524,0.013021303448188259,0.3258560570352668,0.3742805510981633,0.030462728432020587,0.064867006600562,0.006638464997192971,0.5716699136059118,0.04214134415066121,0.19830730305732586,0.10409574656465942,0.11928589361304176,0.2780545279840603,0.10092160105786618,0.10705522301408435,0.00504635473215459,0.44080387553624856,0.002734245150788859,0.0018542936603316818,0.07290849385776597,0.03813624807335035,0.1387256662617839,0.0203553325869983,0.07510264770988213,0.07621355342508274,0.10321127402386421,0.0417243584933603,0.05548294156518858,0.00038754246177167705,0.13598258612974054,0.012170734600909774,0.07376355384348303,0.020947576448512063,0.008401920208808719,0.013604112610535592,0.17404482931778167,0.030483376272440542,0.12784186050289098,0.0033198741186183764,0.1570306002789629,0.49446499319424353
0.0062892885564200425,0.9845734055677696,0.9898887033064993,0.8898800615724516,0.9407429852288502,0.8881470441851408,0.9467310359221,0.7369617227589598,0.9782035619060189,0.9218791394679439,0.006947936198656559,0.6282632816157836,0.018952880443415143,0.852363529900738,0.2370937010956715,0.9877815991237822,0.10643571452173275,0.9698669780564049,0.9772726541171236,0.8022402931594426,0.8622063760717006,0.5695909589745473,0.8847865306410417,0.6735372305653132,0.9646535829521443,0.9616685104584661,0.5814129696205463,0.6611765553629294,0.7382378345020928,0.5918347000463556,0.7516708121809099,0.29925616708310626,0.678120924036941,0.5430857146217078,0.025094783994111327,0.967548531379144,0.4024473579715337,0.5986234079408038,0.9499506573317071,0.08647611781406518,0.7575789439223602,0.9442115255376644,0.5160073811436167,0.7935757952893964,0.32263723008642514,0.7535233870640935,0.2726732645346846,0.8401256550226791,0.5485787819780279,0.6385002651986974,0.0007017834136340491,0.6302788547046261,0.016545025383289724,0.47791542932795106,0.0976011460364431,0.6582508064482911,0.09994558278268992,0.7458993430075241,0.5657692877503092,0.05377150777155684,0.7832157243163916,0.7680850562962563,0.011247812632158414,0.3105100551699361,0.5217889276009343,0.07905522582226289,0.006027167340827476,0.5433726526449715,0.19931855919087224,0.556406102291343,0.8408152942618687,0.8845328563679525,0.23938436499065843,0.3152566816762861,0.14275928476643132,0.04939771854077899,0.45859685244242576,0.6078403858534418,0.4482710341340369,0.5201025468723871,0.5659837521067175,0.4105053254240801,0.005506317511662411,0.00783066463111339,0.6639375927808367,0.6331002882104751,0.2379902046038887,0.4287140437860589,0.5899116794624375,0.048054210199885844,0.2636144786802097,0.569683796131665,0.04130994555271602,0.4091266283972662,0.35550731154118137,0.13947997086271782,0.27866543214627915,0.19794761930541926,0.026260659149266584,0.2615901481058747,0.08538711061764727,0.12835847098639108,0.801798404907543,0.6277424646364862,0.6051168998443405,0.7517355791139347,0.08053902568850556,0.5303097453751945,0.026564425689532795,0.6583351521095173,0.10145987059774719,0.07389072286015771,0.2719839322411659,0.36003297234414594,0.00234506342907414,0.5757468253884549,0.4293097583697219,0.042548087086420605,0.49340706378791294,0.8458085837174342,0.28340197072313167,0.6382392129197147,0.1564121185289057,0.07869506697013653,0.0003138111642675169,0.1101741442578558,0.022261963634749058,0.379603930961633,0.04977938780570788,0.28485714795877787,0.016231468288414864,0.015987811040292864,0.1624270448978334,0.12650240448617198,0.14104318086834694,0.08247446463659897,0.07566733373641513,0.34798148193451933,0.02661384051685148,0.05249298508534729,0.016427056487197507,0.7676740560843202,0.3659023524173127,0.12887802566486523,0.03563568528657535,0.23984423710531338,0.7175351688821773,0.023813535233680586,0.5645825869759857,0.015137934082830207,0.2693279474448486,0.0012442664545511749,0.003686056923566891,0.1568360975134992,0.01853273105681833,0.60144375584332,0.004984912805036504,0.1393170116233386,0.27892676981626585,0.25178365288823157,0.034363386190960486,0.030883305572035682,0.0011293222101824726,0.07882195640070896,0.0587131500084971,0.08947969556848355,0.003765666770717434,0.07828309495947455,0.018701612092935967,0.5683086099863438,0.022414750251359944,0.040582490800380996,0.0010619452839979399,0.0568520479807034,0.20422248967328754
0.009149299382120018,0.9924020947918668,0.9848581606726536,0.6880595366336522,0.9752052015029017,0.9488696846998106,0.9743784223402449,0.36439716983555026,0.9794854661905803,0.8722191595310174,0.015262437535930685,0.7869066267292856,0.025027366768135363,0.884980139379652,0.744762749318592,0.9933089758550718,0.06808112365638952,0.948273049052927,0.9770018010182258,0.5879230102503773,0.7689002149305663,0.2392242568239084,0.9121264707793255,0.2878275520411849,0.9122268338937075,0.9835104772568254,0.5570636205826425,0.4339959455343368,0.21468804658183374,0.23345740524814237,0.8729167559544465,0.37934225805249067,0.21152898857685418,0.8744559903750632,0.08279724903348192,0.976504724929328,0.21818374071980678,0.1553722273917475,0.8940309295402655,0.5477086435078826,0.6687944866246164,0.9738695183693714,0.6532200030701929,0.692887579614173,0.7534876052167597,0.3261682654673182,0.3227097826770346,0.8025484947767034,0.6102297422799532,0.40233660244409875,0.00040911232954696686,0.6131938214909599,0.02054296573374836,0.1938208422231834,0.33058264069842824,0.802802792998901,0.1940583489222432,0.5383137630592065,0.15770261861920784,0.18155338022096237,0.6556735329518079,0.47622973574767086,0.009783132208099017,0.506384037327653,0.8990367047030531,0.5259203721080341,0.008226223600551785,0.582039722868451,0.15822356193405476,0.6942007759832853,0.7366652442076794,0.8633713181810228,0.3747755243937564,0.38943506231299563,0.11442144548017985,0.04800753489103183,0.3399217849311306,0.6865287617761149,0.33259155639866433,0.31320820166505076,0.4016685522984731,0.13764822859382245,0.0028687451277793216,0.010046435299893549,0.7780776955470753,0.1487439770818579,0.6300219004933716,0.4813813423165392,0.7392761884920178,0.07892318197945722,0.6874160252725173,0.6506767499720405,0.03929275811870717,0.7874962984238363,0.16577243921159002,0.4657412655550008,0.41702724660415524,0.2565319311287138,0.05208880774470774,0.34460918628151166,0.1929233157870513,0.6924264657507883,0.38695192573093184,0.3211938612290571,0.39340944885838336,0.7415898953098745,0.2921846735623965,0.7389115000514316,0.07505758681558812,0.34826218407866094,0.05824184450008255,0.17853629419992395,0.3200184937032774,0.1741730506565933,0.0008501409119539467,0.5918281790795619,0.18049510346843617,0.05890143795090221,0.2130745865489215,0.6208030782587942,0.38672594817158973,0.205029234248123,0.09597996581239186,0.25698036956670395,0.0002300190718820012,0.35579697069353516,0.03773701030107023,0.626470677917224,0.046442444230462926,0.5044811979274457,0.02422525519003899,0.01847301623770687,0.3594912687965266,0.04781927413553673,0.545196416425925,0.08447414586697942,0.05704784304139485,0.196238900056878,0.03068341364636578,0.38064479867544143,0.026574030517113694,0.6966385046654124,0.07881406411803574,0.5893315288742766,0.02883693559770579,0.18305101589231035,0.2377123512499595,0.01099431491443415,0.2469836935619795,0.009844017240660146,0.45269109739451374,0.0011622959449795586,0.0023696660407094908,0.48989793109625074,0.009367501804815019,0.7514793868540594,0.003901734355632158,0.2527108495201684,0.5796606195661302,0.09803069222626141,0.018199753460507975,0.020806402291937927,0.002669759550232966,0.10290777906434172,0.010926375501113564,0.0761715388018034,0.009652723619423677,0.029010540877616783,0.021181713164505865,0.11921484294455131,0.014480488083097801,0.2592473381106034,0.001857086931786898,0.07302675406105251,0.448838878290915
0.11567816016461481,0.9693605782686437,0.9224016652000853,0.5108310338645445,0.9606321630901505,0.8161251531323143,0.7505113965425849,0.6729862722372282,0.6709401209502984,0.7866904044668225,0.1836251365630956,0.8041625240610354,0.1437794210601031,0.5339767287433437,0.6842898683833647,0.9915525381409824,0.3830102696560119,0.7880827179146512,0.9323015911327905,0.44678995292201723,0.7697527612923835,0.6983260857873272,0.7142317850635491,0.4799228997522622,0.7492286144611052,0.7972655127176825,0.7300589786874183,0.7295326409258471,0.5820281614772256,0.6236004853314555,0.5634441827709132,0.6031651954605236,0.3072706010675757,0.47253135283232034,0.31830026326143596,0.9084719309254814,0.3746543017158765,0.3689244798069716,0.8669978514121082,0.5318551927671075,0.39524315627180634,0.7887595509192343,0.6255612092749386,0.6447730691851379,0.3795336854688516,0.7007502204785786,0.5974438458278608,0.7835968106596087,0.44224669854856125,0.37713410056344304,0.0004977474218209816,0.605253677705278,0.19431286459732713,0.5090286468532242,0.4879036540823168,0.563450888314851,0.23997877375862015,0.4528287989807767,0.3665884411664325,0.5334429156171133,0.7083411757457144,0.7218319755355871,0.013029482314648441,0.45746350518183454,0.3110143418030518,0.4376621269042343,0.04101941144520812,0.6286964894283203,0.5480551602786271,0.2289205116327123,0.6520879360367406,0.7070225423797241,0.48847535838274964,0.5297682460614228,0.5791035574828568,0.04844873352567167,0.6439302301427468,0.15028149024204612,0.12012317434397374,0.6717532739755232,0.5405605603404059,0.7435772257651494,0.0037399352810719203,0.03969988299981795,0.3444976211917401,0.23285725480675068,0.36245486170669805,0.3889242439732769,0.15222021183155554,0.2658690324845777,0.37057015579213476,0.4008038006492429,0.0945491471595254,0.5647014657924567,0.5287464443193437,0.5069569329085978,0.6913868231505323,0.4562528512225739,0.2436479409522294,0.7751367372139281,0.35786091852711155,0.42520767386079683,0.20215859749159715,0.38859961024251016,0.578021094196783,0.17166308699337496,0.39979443634059647,0.08406082806234359,0.1864712234135987,0.6051248204991335,0.4100863809767732,0.33216917078261077,0.17114310455031465,0.43200580569652236,0.0007986797186068107,0.4880892460082689,0.6378163571932165,0.0804688369966772,0.07131175925168115,0.14655329223609118,0.38663764167992654,0.4052973837653533,0.13415037148929482,0.48000011091028894,0.003634869651054733,0.5079022749389195,0.007432487983056649,0.317870721612544,0.12149248974014093,0.4761227152510567,0.00519672764539936,0.010326669007031497,0.4202729090602641,0.06501100855508087,0.11056535215461176,0.017418068393946388,0.37114461724837455,0.392194616084389,0.034443542068501254,0.06998171226595573,0.008758765935566024,0.575750729181321,0.045934690742590885,0.2116544208398248,0.1300055056842225,0.1277958814366751,0.3149448790716255,0.10722083019883319,0.09475218289370596,0.0078082876357278555,0.42083927976156,0.0009872221481568083,0.0021835392387722567,0.0775969597994685,0.04521061487452829,0.17071509355243933,0.018219659082975473,0.06739118225880104,0.062277694868666696,0.11783562718688805,0.05078188786120346,0.0639902187862217,0.00044344012565664196,0.1547307490718538,0.012010702251171615,0.08433120815877279,0.019450217021886988,0.011236611125369458,0.015648745977829896,0.17790931381687586,0.03142986884235509,0.12773862203522884,0.0036230280547617007,0.16987437140116848,0.5640796471567826
0.01730037665383596,0.9947546971463532,0.9669844640201709,0.8377849643221107,0.9812663242412304,0.9536528919938657,0.9852513516161319,0.1614224078142596,0.977420012995986,0.836680142931355,0.016396472026564378,0.857074378859544,0.022534454145715282,0.8563737970665528,0.7954175594912191,0.9816636729029917,0.025637417081545263,0.9408801904911486,0.9713835241225193,0.5633648814471076,0.7546117186222462,0.12702785926984902,0.9244152961548134,0.29857258605365433,0.9139999554831256,0.9809403986894527,0.5592729913889666,0.5194750012479118,0.24602314812854228,0.4174732401832819,0.8989547679279365,0.3972345773614183,0.12643269691938488,0.8299221582636543,0.07660509749356063,0.9623807262935815,0.2813257624010732,0.19504997353243986,0.6942068208800038,0.7715213357642274,0.7463604564051779,0.9460869164592581,0.49582894873087763,0.7515140552027488,0.821688144214445,0.4415198000516868,0.388564719575387,0.878221844877931,0.58455883339889,0.44822816606535437,0.0009288354556375662,0.23296424896318624,0.016395331246214957,0.1798609875626802,0.5807706592796321,0.8876271234265533,0.3788162339527142,0.5223785380670374,0.3297154035545618,0.165520449922179,0.5770741634296952,0.6037374920327123,0.03958670836316245,0.4538012557700852,0.9000535525833947,0.6694240929029677,0.007615699209408089,0.6061868706732517,0.11432467335033535,0.6647160408731783,0.791246590178604,0.875606886528716,0.4166453242313876,0.5799696527884357,0.08436897627078065,0.26982747963569065,0.24308451690515565,0.6125459425353041,0.28521568534699054,0.15790117951331661,0.628534189882687,0.1420195647792992,0.007703360048140156,0.010678132488295442,0.7315722347587826,0.14235192595830382,0.6215539950954446,0.45303913682539637,0.702614000349308,0.20121451928109418,0.5981533015770442,0.5907654315766625,0.02951558256256184,0.7637679515885856,0.2935059383222392,0.5180954555756007,0.2893586503418351,0.16281640144134985,0.02293069769009155,0.43823241552352976,0.40591695986784954,0.849101169401459,0.2869679336403951,0.3663710100528411,0.6919012316817705,0.6106428331760025,0.44444013891747347,0.7513111685739907,0.08631664666999132,0.29379105771042274,0.040010181736076005,0.24659670720142868,0.663740399557358,0.058082617057094776,0.003293660362504623,0.46008194569286537,0.1067421763622437,0.07295725840493206,0.25206820916070777,0.6688598204165026,0.2458085752322831,0.594955872568543,0.06444432965147828,0.45144216073690063,0.000163634933721785,0.46385368481150424,0.21386674722410984,0.6548781576126239,0.0346356771636636,0.3078018118646905,0.007369495397855075,0.02179965013375512,0.19242978433748553,0.05372886202141808,0.7583900438898815,0.1508698628325319,0.03769218645376615,0.30598826713306665,0.04040961510306527,0.13148033377572793,0.01291472673967347,0.7069017004643081,0.09107769148379263,0.5879693262923454,0.046093468047494715,0.6244641207975856,0.1779548114642259,0.006174665390999177,0.20462352493913466,0.013895111804189847,0.33892680453248475,0.0012173025202134792,0.0022759219393324375,0.6574811346924317,0.024193737154307973,0.7397133902497921,0.0038573760240969766,0.5893726936943172,0.7736601834076704,0.13847945572152842,0.027768408720538443,0.024772064508455184,0.001963681045938084,0.22775960583224683,0.016103271424073314,0.21334681727120353,0.007533073530974478,0.06610830369726124,0.07912285636485343,0.2064893611679374,0.025164384743576337,0.26791398560002044,0.00022469721686052988,0.06157758596399248,0.5752645578974506
0.9990574874005508,0.599702899384024,0.9998909805049079,0.9999474823735762,0.26276975251362567,0.510073636652648,0.8763700269834461,0.8841890936237499,0.9993969361465866,0.8269586770413576,0.5419865566575927,0.13303882251440877,0.7533491723751002,0.1667548303616707,0.5866947977395691,0.9118934977773842,0.735840890207521,0.9546952620053227,0.9155188132984159,0.9629422122627902,0.06160281737798871,0.4549490989714665,0.9001037704338708,0.9461489417158129,0.011148487240111818,0.6845137962806478,0.19710592587056538,0.9539187233358065,0.9992083342587689,0.09408841024201155,0.4638428632104281,0.07246965990898484,0.8637420845164673,0.5303547663654544,0.4826233433214542,0.43348284082161836,0.043279096817589555,0.8549607177573729,0.7561320221558347,0.009423407128014203,0.1234860770831463,0.6876624380908914,0.34990424732324765,0.32599805029065354,0.09092665321276434,0.7594717026014052,0.8134811518702202,0.7838829664187635,0.26217866964788583,0.8959432856566433,0.003432014214372729,0.6679959147693588,0.3194551084872901,0.6219196846425314,0.08748479580016423,0.008688804259842873,0.5621565481950059,0.7230972866200059,0.8421124333259993,0.14267808727805453,0.28299970483514075,0.6264583062111562,0.16546915080394592,0.49323708063151384,0.015467686902011057,0.002032559795425561,0.17359513105067337,0.0021054493515666856,0.141436890972031,0.6202182070774175,0.47634851594874555,0.4871614344264126,0.4118908764630292,0.4515256290721464,0.09584724041210567,0.14474040853968598,0.5086114906335449,0.5440914601002934,0.43796787490205014,0.48015222517201633,0.5776008840327244,0.4781826377231322,0.0579220116735921,0.14835260264664477,0.5211270841898678,0.33504337938810524,0.6544003699558885,0.7684616082183778,0.2680377839381144,0.5037238452302618,0.07609759694143725,0.7786734421226313,0.38776457662190167,0.025816726285492007,0.7317407035389795,0.03606304688932878,0.0777285267125331,0.6813881205969784,0.31203717509562123,0.0006273398335678781,0.6007832574822318,0.01827361748574823,0.19174887655784673,0.9396333039015702,0.2297304363088561,0.3769344522850153,0.09585148873786645,0.23514392650417645,0.32292409911509995,0.5106565445762747,0.6177783604607047,0.32401023014570624,0.6841308615002609,0.7235357299827622,0.0593780042073607,0.2881911585451967,0.7141047782527745,0.782275117164132,0.2751513677506842,0.2509980152521807,0.41833468819192376,0.9091773553115787,0.8339844094366972,0.0033575847483075364,0.11011001120599435,0.004573281323088719,0.12499671290844246,0.399389250049552,0.007939514259506768,0.0032906734575901555,0.04342774718491542,0.0022750630071609575,0.8716393644619648,0.8922109968658698,0.09241273244128283,0.15322575842183117,0.6717388539023468,0.05656667945081814,0.0009422277775913911,0.002717577285507052,0.00031282203342576913,0.8181608569894392,0.35553045623952045,0.09563640919025893,0.03043925105346309,0.6651558362375354,0.7021761856133811,0.28648115603149227,0.7625830707118224,0.007098471011534805,0.44727480280529947,0.09017396644289387,0.02018252004885822,0.029244020380329704,0.00021370609000473717,0.24622878338700396,0.027886079499918504,0.07538553589710222,0.5391771285873818,0.6734728398434782,0.0011476100482359244,0.7856468342921439,0.10145402255183018,0.019845721745094677,0.8901293897678036,0.04341960954633044,0.22304550696359643,0.2676064166865038,0.11705703832774905,0.31825509286071313,0.0009481139134995627,0.2057607611791039,0.2294423877079122,0.8309792833135234,0.6058805452405013
0.9990574874005508,0.599702899384024,0.9998909805049079,0.9999474823735762,0.26276975251362567,0.510073636652648,0.8763700269834461,0.8841890936237499,0.9993969361465866,0.8269586770413576,0.5419865566575927,0.13303882251440877,0.7533491723751002,0.1667548303616707,0.5866947977395691,0.9118934977773842,0.735840890207521,0.9546952620053227,0.9155188132984159,0.9629422122627902,0.06160281737798871,0.4549490989714665,0.9001037704338708,0.9461489417158129,0.011148487240111818,0.6845137962806478,0.19710592587056538,0.9539187233358065,0.9992083342587689,0.09408841024201155,0.4638428632104281,0.07246965990898484,0.8637420845164673,0.5303547663654544,0.4826233433214542,0.43348284082161836,0.043279096817589555,0.8549607177573729,0.7561320221558347,0.009423407128014203,0.1234860770831463,0.6876624380908914,0.34990424732324765,0.32599805029065354,0.09092665321276434,0.7594717026014052,0.8134811518702202,0.7838829664187635,0.26217866964788583,0.8959432856566433,0.003432014214372729,0.6679959147693588,0.3194551084872901,0.6219196846425314,0.08748479580016423,0.008688804259842873,0.5621565481950059,0.7230972866200059,0.8421124333259993,0.14267808727805453,0.28299970483514075,0.6264583062111562,0.16546915080394592,0.49323708063151384,0.015467686902011057,0.002032559795425561,0.17359513105067337,0.0021054493515666856,0.141436890972031,0.6202182070774175,0.47634851594874555,0.4871614344264126,0.4118908764630292,0.4515256290721464,0.09584724041210567,0.14474040853968598,0.5086114906335449,0.5440914601002934,0.43796787490205014,0.48015222517201633,0.5776008840327244,0.4781826377231322,0.0579220116735921,0.14835260264664477,0.5211270841898678,0.33504337938810524,0.6544003699558885,0.7684616082183778,0.2680377839381144,0.5037238452302618,0.07609759694143725,0.7786734421226313,0.38776457662190167,0.025816726285492007,0.7317407035389795,0.03606304688932878,0.0777285267125331,0.6813881205969784,0.31203717509562123,0.0006273398335678781,0.6007832574822318,0.01827361748574823,0.19174887655784673,0.9396333039015702,0.2297304363088561,0.3769344522850153,0.09585148873786645,0.23514392650417645,0.32292409911509995,0.5106565445762747,0.6177783604607047,0.32401023014570624,0.6841308615002609,0.7235357299827622,0.0593780042073607,0.2881911585451967,0.7141047782527745,0.782275117164132,0.2751513677506842,0.2509980152521807,0.41833468819192376,0.9091773553115787,0.8339844094366972,0.0033575847483075364,0.11011001120599435,0.004573281323088719,0.12499671290844246,0.399389250049552,0.007939514259506768,0.0032906734575901555,0.04342774718491542,0.0022750630071609575,0.8716393644619648,0.8922109968658698,0.09241273244128283,0.15322575842183117,0.6717388539023468,0.05656667945081814,0.0009422277775913911,0.002717577285507052,0.00031282203342576913,0.8181608569894392,0.35553045623952045,0.09563640919025893,0.03043925105346309,0.6651558362375354,0.7021761856133811,0.28648115603149227,0.7625830707118224,0.007098471011534805,0.44727480280529947,0.09017396644289387,0.02018252004885822,0.029244020380329704,0.00021370609000473717,0.24622878338700396,0.027886079499918504,0.07538553589710222,0.5391771285873818,0.6734728398434782,0.0011476100482359244,0.7856468342921439,0.10145402255183018,0.019845721745094677,0.8901293897678036,0.04341960954633044,0.22304550696359643,0.2676064166865038,0.11705703832774905,0.31825509286071313,0.0009481139134995627,0.2057607611791039,0.2294423877079122,0.8309792833135234,0.6058805452405013
0.9991349582150871,0.06324962573089297,0.9967682444065775,0.04925313135306457,0.11748791488898372,0.04438623130836272,0.1008722980316382,0.8998686018670587,0.9759980783978713,0.9209634472667457,0.9932759884257584,0.19869014370422108,0.459465311217,0.7787527186215885,0.2057784930722005,0.9993149654371721,0.5527195150982479,0.19436575800957304,0.10467374643617403,0.9961870940141224,0.1758037598601572,0.7323007275905306,0.0601394575027815,0.10010764007066826,0.0024537785950212486,0.22514961079625176,0.1463173070589022,0.18426532677544422,0.13593361671204574,0.03178371676258918,0.14940484562248116,0.07764279807703102,0.950019067235669,0.1642775456578178,0.1070978550087763,0.06400348731150127,0.032399118345498655,0.6840583497708852,0.8084672366459666,0.03694929480436025,0.06872040147822159,0.13351568585381707,0.11960425347759111,0.2247566516003253,0.052141273491917536,0.20987857202895568,0.4994692050734101,0.11954040518172646,0.9693880653739869,0.834811343596834,0.027298533740644365,0.5248446737592753,0.6988530214316412,0.930099353856942,0.09136165937729311,0.07186296059866451,0.2702693929708178,0.148148349600107,0.25333789267226214,0.15039088884677615,0.11888323129078597,0.025473247092763378,0.5206411906612549,0.3734292697140089,0.0005693771014914504,0.011035818192909845,0.5026931881988755,0.09685837062523164,0.4639552769002285,0.4632790136943773,0.11414449386935348,0.1067858104419588,0.39045627622507706,0.05191289901078373,0.0705216745490796,0.049473202998061176,0.12004835823751883,0.2149370137037838,0.21460854073393948,0.07983128203157493,0.013591704104356993,0.3568845254459062,0.10515976425246885,0.7141563100142494,0.30397364039220837,0.057203985733968156,0.01696920699065968,0.3254422547316658,0.22635089631259836,0.15755140122697214,0.07479820291094369,0.28559868955576256,0.5762042572029584,0.07132864864453291,0.3175878325839428,0.12289832744378673,0.19884669423678114,0.10868556833014308,0.1754069677699339,0.0037161385242211174,0.0749094886334251,0.05856027364825288,0.05631102156139004,0.455123688368734,0.02922331929613106,0.31334737409720936,0.004021239349189816,0.35651551230537126,0.18881740454569695,0.141235183041307,0.560955158189756,0.08645701640347961,0.0851020154050802,0.04706847037429016,0.0037226551443140005,0.40620073125560585,0.09231974577417588,0.1619699143867647,0.05585757157665016,0.03874779427399119,0.10951443072540715,0.008044127511044665,0.1350201755232814,0.014627806207984675,0.03867709764064105,0.004371394944074335,0.03049683433289689,0.13150918051899163,0.001699252587476176,0.13155798882840913,0.1264432789072812,0.08274448969756439,0.6193256632740799,0.07986477280607036,0.09465934743120133,0.28668134492798,0.15687732603577842,0.011616320681881105,0.06262661456974071,0.2652182638774603,0.24867997182719895,0.08536771996206334,0.6332580154403092,0.08549721792501351,0.1881037118233936,0.03166531432758766,0.1289943923122471,0.2583222832482531,0.022648742668447477,0.18998679468156915,0.006221718984547678,0.00042714280507521096,0.35541624536351135,0.08075754815530611,0.03222473824731837,0.09175188519686327,0.02107845657339323,0.03276875587592458,0.016394360799902155,0.13553873489561816,0.29174526297709397,0.08365438531672176,0.0076818420672565045,0.15239196803225105,0.15969166552829933,0.023052108811164287,0.33124330556390486,0.2702609473820428,0.12020888795502288,0.6983767124268113,0.011273843915284782,0.00635966320451215,0.3070055225557184,0.19789497039344175,0.21297475603318677
0.8717930557153408,0.5939080021542857,0.6121228450910603,0.23353354188621214,0.9831438281547868,0.8751592094589333,0.6493154014027235,0.595425491599091,0.23401290056655338,0.7674778146667411,0.25790911025133306,0.9343884246254014,0.0762101657166218,0.6375394714685588,0.8554747746829096,0.9796439022351816,0.44948064488246237,0.6290275990889352,0.6666953215691523,0.7605855733379243,0.7923292421090101,0.712829529541707,0.8877425795798218,0.8735546924144239,0.3567621299484265,0.4854869652009815,0.8115717436215103,0.6674806890197323,0.6029364101095838,0.4759779601967011,0.6717300899461335,0.6459407223388213,0.6806201757401522,0.7474030036129263,0.5272102275523003,0.5805024640955334,0.346314980565536,0.8352877786746219,0.9445638104798726,0.9376003964272104,0.7669553646882845,0.8442115805361117,0.6830101549781332,0.9144456434169097,0.4736203271508201,0.722784590245791,0.5128256313832451,0.8691225911032633,0.7164366453049225,0.7533847186979332,0.4344392380046942,0.6868960716604503,0.5328559653393989,0.8543672578547907,0.9388782598067313,0.914312710746982,0.9119478087765127,0.7956539130266519,0.5284980884735598,0.7997820125351482,0.4848003652838741,0.9483386533031192,0.5764490687873353,0.7574581219650656,0.47744494974488694,0.15610677356987487,0.31894594925233866,0.2914668023954057,0.8856075847331981,0.663603003468022,0.7603266878288001,0.5134475285732398,0.8391415430091791,0.652596290357446,0.8091711616441669,0.05558302641415184,0.16586427235239262,0.4268376154165336,0.842102092956586,0.4389712088741823,0.8225192550656749,0.8153612674635793,0.013711784952309548,0.3959974627604851,0.6684383407516664,0.6467683945068843,0.8115455664312639,0.6244416986765482,0.04082987145892818,0.8687555316954771,0.7142119995661339,0.738371741623419,0.38030706238222317,0.6675774791934553,0.6863987266112064,0.8902151106018777,0.444583503095042,0.5121186578923932,0.34947356873881424,0.18039432138307845,0.6698853641747669,0.8035009950217461,0.4260522510897838,0.8379686941132565,0.8272586789968139,0.2024998130261404,0.6544627096742996,0.11332982529697348,0.6721444011262598,0.6625064205617027,0.8150559771359707,0.45064912477763297,0.48117114461827964,0.5705747983469999,0.5420587007095483,0.368151614493812,0.5548370024980873,0.7753102398490694,0.0648505703074232,0.6146650281711334,0.7160919661788698,0.39660860486703853,0.8058284509869603,0.9017533201750342,0.0009186121612198792,0.8188318576958836,0.0034932632319680784,0.24202514324694968,0.1562566310057731,0.940293316540713,0.17512558995451818,0.34471042338280294,0.2523092555537973,0.5961808831979359,0.19129583446740642,0.19103511519694708,0.7234302943172611,0.14048892685888695,0.06365654927304555,0.17541427377020877,0.069102617978718,0.43002020113107375,0.32978418114892927,0.6646969606592276,0.13199264297627886,0.6676208084886596,0.6966398261020817,0.9393218417827878,0.8199583110985701,0.06457806491805104,0.19488812571435923,0.04308029356979353,0.6980336840885739,0.11925785060583208,0.05969393411587751,0.01903927008191617,0.07404473134970727,0.35742405592378446,0.9055515887911189,0.5198460974199105,0.44969411368739143,0.6268053797134658,0.1239249579960563,0.23648041037017778,0.7371886964298001,0.20756711226369923,0.7131798473381824,0.23148825232132478,0.17276991438297942,0.7881813157987617,0.31163763571895947,0.08610443347857671,0.13312432431771587,0.6447936262263761,0.6452270306960782
0.9899722150844412,0.7514692030926491,0.9550042617576248,0.991248504119561,0.9497470200359502,0.9166946382396712,0.7361256562906711,0.33472265528025547,0.9229303302047588,0.863133653767989,0.3661578379616251,0.5381878200671225,0.44248226295270743,0.6497303768682264,0.6601609026300537,0.5431216316826818,0.6070161062207328,0.9125263397034509,0.8935012950950776,0.4122231926596358,0.5759188052210863,0.4936743420564931,0.9579862303272781,0.6330791086942582,0.05439311142127554,0.9075549195990039,0.25868525000550774,0.8775322800181753,0.9600793583675996,0.7796146430247118,0.5209193676284025,0.3041344702286359,0.30865000224423766,0.7948202047511146,0.5202953744759828,0.9161725077136448,0.2116873538872317,0.3351414523622176,0.8413211659641952,0.6621939486215213,0.0327109227867523,0.48666129673060937,0.5427154117592788,0.8909833247434354,0.8492408040336207,0.8805624199116501,0.967131750428832,0.888379026674059,0.32081786046892474,0.5681645497310509,0.04783229856952327,0.7468625435401236,0.6183594669700297,0.6470058395365978,0.9041623409527542,0.6171494209102194,0.855104659005619,0.83201149938982,0.7235201830208111,0.8284735846997688,0.3981177197425282,0.8277074419914041,0.3168778297363565,0.7996990474032101,0.20624330798710694,0.3639491250545081,0.3485235355921987,0.16294982747451492,0.9047505624691377,0.33580493668184014,0.8976410647016976,0.7774430791233361,0.983262346097545,0.18840879620575313,0.6424645129331877,0.24823194752066247,0.41695311140223296,0.23762094245670887,0.5898083514053094,0.3199374857935656,0.9607150618568463,0.7384903888421962,0.011878068228576606,0.21399540038371334,0.5762886037639315,0.16139948192648845,0.5395537310597198,0.7155475236737502,0.24439246091215974,0.4776428012817932,0.3280566721278923,0.7802071608401729,0.2419004692958541,0.3402740296335814,0.9004763290231417,0.20571512708545364,0.08385478785201032,0.6029413267501306,0.7460622342247762,0.1067682349271253,0.5400313685964341,0.7139705300401261,0.08650182853288022,0.7750942276448654,0.5233303002101838,0.24395824461379742,0.1362412384909001,0.04524635084010265,0.23565755730158602,0.6597745620301405,0.6830574625501701,0.14572607965786244,0.7674763472597785,0.5104354383277455,0.19020228690969035,0.6385836861220268,0.6871330454662561,0.6439896616543082,0.04335609318325843,0.03619678553733501,0.7036107586976428,0.6233106655656901,0.49524053261744266,0.1599359747937481,0.14580246873401265,0.15038501010695454,0.11859997482983321,0.2337446932215484,0.7395274113895676,0.05085654065280311,0.03166624748685349,0.0034191649737070383,0.8219863928023011,0.31397970055598745,0.07501796142646308,0.256287431894217,0.49533897443838176,0.6547135214451479,0.019559999810287547,0.0717021110073526,0.029940345796800525,0.630102210347699,0.1886193270362504,0.6229117078457869,0.04303375443331704,0.6751205766870301,0.4613753169247094,0.0192986667039326,0.6614649157378625,0.06015420750788774,0.519866409083161,0.02717814159751097,0.2759281342871453,0.3115593737754746,0.018312537090875127,0.24882793446789905,0.12006295326251908,0.4990282785970802,0.7628898883151534,0.20954889383039554,0.03052913434684354,0.3875072256895256,0.10786481037412093,0.08796276188546485,0.7729476818417977,0.09003416402523076,0.3737982649717284,0.16913670974662123,0.17157076318145772,0.387677754251589,0.04433646228678989,0.6814212107359139,0.44923511045551057,0.5551653930938626,0.9492763184274273
0.9611473376103712,0.8684376310249432,0.9703654047239472,0.9982922208177674,0.6462849853048368,0.9391671395026298,0.8936348543032921,0.6225425020300547,0.9801680119138798,0.831956029346888,0.05492367889395305,0.11174960780045229,0.13394010866450698,0.6952910666770896,0.11574348273772833,0.6255850635398469,0.18557908434376602,0.9815499729976537,0.9615091320494771,0.7743570345328713,0.2051831032923248,0.5408256759554034,0.9721388189993764,0.49732768329569976,0.21732395731364726,0.8843012215092614,0.1974875068384822,0.8470456438998039,0.992892625757701,0.8366619392884316,0.40650425142279717,0.1030191892954271,0.6293936810624607,0.9081465540026223,0.14244738383632063,0.9217737007202649,0.21258528330589102,0.4130189277225043,0.6926159945423147,0.04371868188486702,0.2181062450573024,0.5162604621932865,0.4055621070267648,0.9291642561641656,0.6226031040901697,0.8876549012598796,0.8777061651649263,0.9320162909522486,0.3094321124712683,0.6078151328600548,0.12285003588192321,0.894447938968358,0.25698612110505836,0.6414070978253464,0.23060468261002892,0.1870844952367682,0.33193556579406375,0.880537866494673,0.9004526611497586,0.3557792903694214,0.23966484831902038,0.9008686018819388,0.5657058350820668,0.5912361568782395,0.09225505226547545,0.05710273748375521,0.1400247819554432,0.13995600709061964,0.8446383693295356,0.65039073791034,0.8973639073101044,0.9177201124437229,0.8608754751973539,0.2357789183990765,0.42416615560754556,0.5781439600072887,0.17515437090673208,0.4865728726135109,0.7785908822409134,0.28474358669074823,0.9221527412962494,0.613624535832944,0.03300419360512245,0.09562975233042556,0.4645946397227008,0.14246354141619705,0.19172325865109383,0.4538895778117828,0.5127357301999045,0.2581138950195113,0.22919965158856476,0.9294969409644456,0.10756547197673026,0.07854530169211321,0.8091649049052132,0.022309051425702827,0.2010534794561476,0.16554232389216142,0.5465098501150949,0.031647922662744625,0.2870406933695908,0.10440885123505234,0.2540343700524914,0.9686847048591518,0.7345462105382025,0.568756110891343,0.04368549748892786,0.3413899062665949,0.018934485741485905,0.7229393802546769,0.5398430679342078,0.08861121187043189,0.9302643635190637,0.5355668774064033,0.2703342393576953,0.8314710261153696,0.5733685274846884,0.6830673886505851,0.22706181416124233,0.30139342263731483,0.3092769684596699,0.8763755714774825,0.8460527854757383,0.037784282610561847,0.13631247809886735,0.024606619258735293,0.04905977477663763,0.3041698696646791,0.7014541221534216,0.011814156229871968,0.08816612021641668,0.011521797844282578,0.9082503801564074,0.2923068946636075,0.10338793809469679,0.6643583608901594,0.1957500429906709,0.71252661109563,0.04797575890170643,0.005559252171876825,0.0649007515971863,0.8217306071167898,0.7308737209488212,0.38430231007718035,0.06209536200448699,0.7757088331021502,0.7719408002162578,0.03900175751131508,0.8420798709677965,0.13694481058436833,0.47863135569115023,0.02422110567950803,0.31503018752871076,0.1163783346989522,0.03667071281861583,0.8552463481895719,0.1668544735904894,0.19559117641333515,0.8616488974338198,0.4150159788503097,0.062439794090593005,0.3698322982690441,0.026471414898915947,0.08180017171492483,0.973451654550973,0.369020503581426,0.0576051658481925,0.6168178715651398,0.12403967745644888,0.662220883669362,0.05668446566899475,0.4930867471945885,0.10941274455949668,0.42212504505956583,0.49418672845640993
0.9910708894261128,0.7067162777015731,0.8454773938917404,0.905167197106294,0.535844014193049,0.7254441589060682,0.7347145719171023,0.5064033004282419,0.8442913376384086,0.6501083920732373,0.17633948666500424,0.10195466089310234,0.3830791727060494,0.5522565799117917,0.1150358457035641,0.810994674194146,0.24810688338930897,0.7315357723879845,0.7830982583813147,0.3969349787925664,0.29511745817466933,0.46664785494064637,0.8592625697897412,0.3072508133045238,0.03212200509063432,0.6970586738770838,0.10198043997583361,0.8368505173910094,0.8961120396519138,0.49128684409255924,0.34989423888605975,0.08479290335633635,0.1867973442782119,0.6751770490023393,0.17936612026455753,0.7297089125962611,0.046954440371922146,0.30787463595911757,0.843930818068143,0.0686006684783028,0.06981700108521914,0.2005184851036257,0.13576629467188633,0.9002853875678832,0.285674650922214,0.7593101185801995,0.8433028183017696,0.39296207630551744,0.2345832455965327,0.5407023660275456,0.13862197258826522,0.794374063157882,0.17969049573912743,0.5351452186187626,0.22003401400187633,0.046600243139750655,0.2233846938313494,0.8618552903676354,0.7350672745132967,0.6614218429880586,0.2055664925015217,0.7935519481581794,0.2542303734090833,0.4669325430290412,0.03126974426379887,0.031104941394108142,0.18100488909216308,0.07721436201743014,0.8181280232310986,0.3451115359817857,0.7343460221599498,0.8434047924364163,0.8905697977809314,0.47313982793206205,0.17167544637558982,0.24416100262041582,0.18824501856734768,0.26292333518108274,0.6616335712426175,0.14334418076253522,0.8174211675540314,0.4532662506448927,0.0052991903473865645,0.15793666753817565,0.2006694071959236,0.22757498906124377,0.05783148127344337,0.610227832632173,0.13051471108263848,0.2482445562377444,0.16710070146335093,0.8421820950465461,0.10046853672907573,0.06529658812512677,0.7881140769799571,0.03281878091332164,0.14029427135461317,0.22621108875908222,0.2600292493748056,0.005506941430773336,0.2594477737838291,0.10951616981118924,0.0578566186561714,0.5775556803587312,0.3894299785649472,0.3306246930068939,0.026309593292857193,0.06957191697348226,0.0618147881204802,0.43938646074968957,0.3989352804647607,0.06314112019199841,0.8050737232004738,0.566741256316954,0.17371196021954788,0.5555591170547364,0.5598858662729574,0.7617789609179468,0.02759089036338229,0.01809466317334385,0.14626292200626395,0.7886861401548405,0.6233400699034682,0.023116368369317766,0.08404281562865318,0.006694386117971748,0.047125579338022645,0.09029380863040191,0.5995313923774996,0.030432539192915088,0.07960138666312788,0.020208827569499075,0.8128992409345224,0.16108877905230187,0.04099611069120696,0.21223036788411517,0.11280339520392071,0.7449493422454468,0.034679037349588555,0.018709350954367016,0.11406729126337598,0.4076351399990295,0.15550911728688308,0.23869138604593018,0.0657910409036871,0.5138177603986405,0.3240884956317719,0.04115707136640585,0.7886283192499299,0.061931997726682696,0.21018040969894775,0.03627312951591898,0.25691185646405335,0.18362993764839905,0.0777235059327811,0.19545405598886983,0.11711070003072695,0.16321739761813744,0.710431031346944,0.11368889112075217,0.10455792899564686,0.2928070870363148,0.02769920451953131,0.0642803617947168,0.8200273537363919,0.05853454694664344,0.1803286886093283,0.23407861186654624,0.05587319778992024,0.26549590719878613,0.042861811943298536,0.3121435599358442,0.5071950427162023,0.22057615131585762,0.6227866562524673
0.9910708894261128,0.7067162777015731,0.8454773938917404,0.905167197106294,0.535844014193049,0.7254441589060682,0.7347145719171023,0.5064033004282419,0.8442913376384086,0.6501083920732373,0.17633948666500424,0.10195466089310234,0.3830791727060494,0.5522565799117917,0.1150358457035641,0.810994674194146,0.24810688338930897,0.7315357723879845,0.7830982583813147,0.3969349787925664,0.29511745817466933,0.46664785494064637,0.8592625697897412,0.3072508133045238,0.03212200509063432,0.6970586738770838,0.10198043997583361,0.8368505173910094,0.8961120396519138,0.49128684409255924,0.34989423888605975,0.08479290335633635,0.1867973442782119,0.6751770490023393,0.17936612026455753,0.7297089125962611,0.046954440371922146,0.30787463595911757,0.843930818068143,0.0686006684783028,0.06981700108521914,0.2005184851036257,0.13576629467188633,0.9002853875678832,0.285674650922214,0.7593101185801995,0.8433028183017696,0.39296207630551744,0.2345832455965327,0.5407023660275456,0.13862197258826522,0.794374063157882,0.17969049573912743,0.5351452186187626,0.22003401400187633,0.046600243139750655,0.2233846938313494,0.8618552903676354,0.7350672745132967,0.6614218429880586,0.2055664925015217,0.7935519481581794,0.2542303734090833,0.4669325430290412,0.03126974426379887,0.031104941394108142,0.18100488909216308,0.07721436201743014,0.8181280232310986,0.3451115359817857,0.7343460221599498,0.8434047924364163,0.8905697977809314,0.47313982793206205,0.17167544637558982,0.24416100262041582,0.18824501856734768,0.26292333518108274,0.6616335712426175,0.14334418076253522,0.8174211675540314,0.4532662506448927,0.0052991903473865645,0.15793666753817565,0.2006694071959236,0.22757498906124377,0.05783148127344337,0.610227832632173,0.13051471108263848,0.2482445562377444,0.16710070146335093,0.8421820950465461,0.10046853672907573,0.06529658812512677,0.7881140769799571,0.03281878091332164,0.14029427135461317,0.22621108875908222,0.2600292493748056,0.005506941430773336,0.2594477737838291,0.10951616981118924,0.0578566186561714,0.5775556803587312,0.3894299785649472,0.3306246930068939,0.026309593292857193,0.06957191697348226,0.0618147881204802,0.43938646074968957,0.3989352804647607,0.06314112019199841,0.8050737232004738,0.566741256316954,0.17371196021954788,0.5555591170547364,0.5598858662729574,0.7617789609179468,0.02759089036338229,0.01809466317334385,0.14626292200626395,0.7886861401548405,0.6233400699034682,0.023116368369317766,0.08404281562865318,0.006694386117971748,0.047125579338022645,0.09029380863040191,0.5995313923774996,0.030432539192915088,0.07960138666312788,0.020208827569499075,0.8128992409345224,0.16108877905230187,0.04099611069120696,0.21223036788411517,0.11280339520392071,0.7449493422454468,0.034679037349588555,0.018709350954367016,0.11406729126337598,0.4076351399990295,0.15550911728688308,0.23869138604593018,0.0657910409036871,0.5138177603986405,0.3240884956317719,0.04115707136640585,0.7886283192499299,0.061931997726682696,0.21018040969894775,0.03627312951591898,0.25691185646405335,0.18362993764839905,0.0777235059327811,0.19545405598886983,0.11711070003072695,0.16321739761813744,0.710431031346944,0.11368889112075217,0.10455792899564686,0.2928070870363148,0.02769920451953131,0.0642803617947168,0.8200273537363919,0.05853454694664344,0.1803286886093283,0.23407861186654624,0.05587319778992024,0.26549590719878613,0.042861811943298536,0.3121435599358442,0.5071950427162023,0.22057615131585762,0.6227866562524673
0.9910708894261128,0.7067162777015731,0.8454773938917404,0.905167197106294,0.535844014193049,0.7254441589060682,0.7347145719171023,0.5064033004282419,0.8442913376384086,0.6501083920732373,0.17633948666500424,0.10195466089310234,0.3830791727060494,0.5522565799117917,0.1150358457035641,0.810994674194146,0.24810688338930897,0.7315357723879845,0.7830982583813147,0.3969349787925664,0.29511745817466933,0.46664785494064637,0.8592625697897412,0.3072508133045238,0.03212200509063432,0.6970586738770838,0.10198043997583361,0.8368505173910094,0.8961120396519138,0.49128684409255924,0.34989423888605975,0.08479290335633635,0.1867973442782119,0.6751770490023393,0.17936612026455753,0.7297089125962611,0.046954440371922146,0.30787463595911757,0.843930818068143,0.0686006684783028,0.06981700108521914,0.2005184851036257,0.13576629467188633,0.9002853875678832,0.285674650922214,0.7593101185801995,0.8433028183017696,0.39296207630551744,0.2345832455965327,0.5407023660275456,0.13862197258826522,0.794374063157882,0.17969049573912743,0.5351452186187626,0.22003401400187633,0.046600243139750655,0.2233846938313494,0.8618552903676354,0.7350672745132967,0.6614218429880586,0.2055664925015217,0.7935519481581794,0.2542303734090833,0.4669325430290412,0.03126974426379887,0.031104941394108142,0.18100488909216308,0.07721436201743014,0.8181280232310986,0.3451115359817857,0.7343460221599498,0.8434047924364163,0.8905697977809314,0.47313982793206205,0.17167544637558982,0.24416100262041582,0.18824501856734768,0.26292333518108274,0.6616335712426175,0.14334418076253522,0.8174211675540314,0.4532662506448927,0.0052991903473865645,0.15793666753817565,0.2006694071959236,0.22757498906124377,0.05783148127344337,0.610227832632173,0.13051471108263848,0.2482445562377444,0.16710070146335093,0.8421820950465461,0.10046853672907573,0.06529658812512677,0.7881140769799571,0.03281878091332164,0.14029427135461317,0.22621108875908222,0.2600292493748056,0.005506941430773336,0.2594477737838291,0.10951616981118924,0.0578566186561714,0.5775556803587312,0.3894299785649472,0.3306246930068939,0.026309593292857193,0.06957191697348226,0.0618147881204802,0.43938646074968957,0.3989352804647607,0.06314112019199841,0.8050737232004738,0.566741256316954,0.17371196021954788,0.5555591170547364,0.5598858662729574,0.7617789609179468,0.02759089036338229,0.01809466317334385,0.14626292200626395,0.7886861401548405,0.6233400699034682,0.023116368369317766,0.08404281562865318,0.006694386117971748,0.047125579338022645,0.09029380863040191,0.5995313923774996,0.030432539192915088,0.07960138666312788,0.020208827569499075,0.8128992409345224,0.16108877905230187,0.04099611069120696,0.21223036788411517,0.11280339520392071,0.7449493422454468,0.034679037349588555,0.018709350954367016,0.11406729126337598,0.4076351399990295,0.15550911728688308,0.23869138604593018,0.0657910409036871,0.5138177603986405,0.3240884956317719,0.04115707136640585,0.7886283192499299,0.061931997726682696,0.21018040969894775,0.03627312951591898,0.25691185646405335,0.18362993764839905,0.0777235059327811,0.19545405598886983,0.11711070003072695,0.16321739761813744,0.710431031346944,0.11368889112075217,0.10455792899564686,0.2928070870363148,0.02769920451953131,0.0642803617947168,0.8200273537363919,0.05853454694664344,0.1803286886093283,0.23407861186654624,0.05587319778992024,0.26549590719878613,0.042861811943298536,0.3121435599358442,0.5071950427162023,0.22057615131585762,0.6227866562524673
0.9394178667187962,0.09792442129368598,0.6355922092645038,0.8678992653551961,0.11501712503256749,0.03458578477619161,0.35357769907653236,0.5676221146191309,0.1223831969821012,0.015401390073615642,0.9335990808993256,0.4175435928166036,0.9479703863563357,0.03190865909919556,0.7124798066486085,0.993448501575893,0.9222394616410401,0.06063073855892173,0.028438037109255007,0.4695501801598315,0.28759009083850345,0.07384306443553328,0.17306117583131686,0.8972698612668987,0.025066963047546017,0.0940192528159765,0.185784808743576,0.32035335084402683,0.1298121387328844,0.03101539575063636,0.3929710441357044,0.08280996794111214,0.03627581215001665,0.016338302831205624,0.3822798101443884,0.16356003095008212,0.05082937103037521,0.7541048283604375,0.7145305899506998,0.19727204954848604,0.02271131110309863,0.6914200457700154,0.018403130067787175,0.10940464997947334,0.026725206683168645,0.1586831616482207,0.5315000848798741,0.10039877470348779,0.10943627567386417,0.525538030556463,0.04490966050143359,0.04294950451112058,0.04440852869992421,0.0411972414507003,0.44110539963874884,0.046471288957172154,0.6932296554095557,0.44713597134497185,0.20032299198225775,0.18661609415400982,0.24490126408768148,0.08004195995085732,0.021064544158240224,0.25283353820638554,0.0295381893225829,0.07095236318680688,0.02106399079970048,0.06634141463901753,0.011715132905038866,0.015609408539869736,0.017709547147712557,0.21122493419309257,0.5862538223848349,0.5925826051978091,0.03779616257473728,0.027289310076882536,0.33091640723796856,0.008171342057856709,0.03117365049834806,0.05525195985657969,0.04352933405228189,0.3114215554245895,0.0039004830887618544,0.00983035180250596,0.06375969602701231,0.05324507522183546,0.11968452840488548,0.34500320570442455,0.0022395546186561284,0.31356914830404126,0.03511770624989416,0.0541178508562659,0.026155012283167075,0.03767438379390072,0.23543349408940684,0.50162840458807,0.09041095086161016,0.6975870717107211,0.2551904463841944,0.07026806295998878,0.2731351914447335,0.037747212055207875,0.012262819377008932,0.07844331098654289,0.08351519614209058,0.02726685882613779,0.2472627879357347,0.009621043471199619,0.7906265618011357,0.091132834353678,0.713899847520828,0.029779127073973056,0.07373213797392178,0.567584017516345,0.01678187128290772,0.1260530442694208,0.42764431616176984,0.5051325057614823,0.005232225991383757,0.009304052182379858,0.03523869212031409,0.6041650729672969,0.09245056807325928,0.046613330456928934,0.015313238129335341,0.04165288721499917,0.003963077972395311,0.06362042461126279,0.11056625447783855,0.2697157042743243,0.04122839613307451,0.0761322938585767,0.039129722605561114,0.5828175464884052,0.02457122942782243,0.02178799578041282,0.46702993054602493,0.05645095044159814,0.07819754651396367,0.4232718100873222,0.07043150860386119,0.18276918331708764,0.0025350608704932088,0.0280521920471184,0.03563996491215754,0.07913565486610483,0.06989169885671763,0.8255636111468843,0.4616280633106545,0.03973759943201379,0.012073596646086945,0.06322679884480199,0.009413135932370694,0.04444918456730965,0.056800904163490075,0.0016099036462872086,0.007991400386858897,0.015694994330220747,0.3060228331788688,0.027873719684825733,0.04427439536728466,0.48286338437587,0.012098130897539017,0.042938391352991295,0.02147341169210419,0.07509710258134866,0.036938813333054064,0.0018596641887828316,0.018766446312884936,0.05052629505880451,0.06689459092513987,0.005079647173752292,0.016326739386823236,0.3980615810480743,0.18734601300257023
0.9394178667187962,0.09792442129368598,0.6355922092645038,0.8678992653551961,0.11501712503256749,0.03458578477619161,0.35357769907653236,0.5676221146191309,0.1223831969821012,0.015401390073615642,0.9335990808993256,0.4175435928166036,0.9479703863563357,0.03190865909919556,0.7124798066486085,0.993448501575893,0.9222394616410401,0.06063073855892173,0.028438037109255007,0.4695501801598315,0.28759009083850345,0.07384306443553328,0.17306117583131686,0.8972698612668987,0.025066963047546017,0.0940192528159765,0.185784808743576,0.32035335084402683,0.1298121387328844,0.03101539575063636,0.3929710441357044,0.08280996794111214,0.03627581215001665,0.016338302831205624,0.3822798101443884,0.16356003095008212,0.05082937103037521,0.7541048283604375,0.7145305899506998,0.19727204954848604,0.02271131110309863,0.6914200457700154,0.018403130067787175,0.10940464997947334,0.026725206683168645,0.1586831616482207,0.5315000848798741,0.10039877470348779,0.10943627567386417,0.525538030556463,0.04490966050143359,0.04294950451112058,0.04440852869992421,0.0411972414507003,0.44110539963874884,0.046471288957172154,0.6932296554095557,0.44713597134497185,0.20032299198225775,0.18661609415400982,0.24490126408768148,0.08004195995085732,0.021064544158240224,0.25283353820638554,0.0295381893225829,0.07095236318680688,0.02106399079970048,0.06634141463901753,0.011715132905038866,0.015609408539869736,0.017709547147712557,0.21122493419309257,0.5862538223848349,0.5925826051978091,0.03779616257473728,0.027289310076882536,0.33091640723796856,0.008171342057856709,0.03117365049834806,0.05525195985657969,0.04352933405228189,0.3114215554245895,0.0039004830887618544,0.00983035180250596,0.06375969602701231,0.05324507522183546,0.11968452840488548,0.34500320570442455,0.0022395546186561284,0.31356914830404126,0.03511770624989416,0.0541178508562659,0.026155012283167075,0.03767438379390072,0.23543349408940684,0.50162840458807,0.09041095086161016,0.6975870717107211,0.2551904463841944,0.07026806295998878,0.2731351914447335,0.037747212055207875,0.012262819377008932,0.07844331098654289,0.08351519614209058,0.02726685882613779,0.2472627879357347,0.009621043471199619,0.7906265618011357,0.091132834353678,0.713899847520828,0.029779127073973056,0.07373213797392178,0.567584017516345,0.01678187128290772,0.1260530442694208,0.42764431616176984,0.5051325057614823,0.005232225991383757,0.009304052182379858,0.03523869212031409,0.6041650729672969,0.09245056807325928,0.046613330456928934,0.015313238129335341,0.04165288721499917,0.003963077972395311,0.06362042461126279,0.11056625447783855,0.2697157042743243,0.04122839613307451,0.0761322938585767,0.039129722605561114,0.5828175464884052,0.02457122942782243,0.02178799578041282,0.46702993054602493,0.05645095044159814,0.07819754651396367,0.4232718100873222,0.07043150860386119,0.18276918331708764,0.0025350608704932088,0.0280521920471184,0.03563996491215754,0.07913565486610483,0.06989169885671763,0.8255636111468843,0.4616280633106545,0.03973759943201379,0.012073596646086945,0.06322679884480199,0.009413135932370694,0.04444918456730965,0.056800904163490075,0.0016099036462872086,0.007991400386858897,0.015694994330220747,0.3060228331788688,0.027873719684825733,0.04427439536728466,0.48286338437587,0.012098130897539017,0.042938391352991295,0.02147341169210419,0.07509710258134866,0.036938813333054064,0.0018596641887828316,0.018766446312884936,0.05052629505880451,0.06689459092513987,0.005079647173752292,0.016326739386823236,0.3980615810480743,0.18734601300257023
0.9394178667187962,0.09792442129368598,0.6355922092645038,0.8678992653551961,0.11501712503256749,0.03458578477619161,0.35357769907653236,0.5676221146191309,0.1223831969821012,0.015401390073615642,0.9335990808993256,0.4175435928166036,0.9479703863563357,0.03190865909919556,0.7124798066486085,0.993448501575893,0.9222394616410401,0.06063073855892173,0.028438037109255007,0.4695501801598315,0.28759009083850345,0.07384306443553328,0.17306117583131686,0.8972698612668987,0.025066963047546017,0.0940192528159765,0.185784808743576,0.32035335084402683,0.1298121387328844,0.03101539575063636,0.3929710441357044,0.08280996794111214,0.03627581215001665,0.016338302831205624,0.3822798101443884,0.16356003095008212,0.05082937103037521,0.7541048283604375,0.7145305899506998,0.19727204954848604,0.02271131110309863,0.6914200457700154,0.018403130067787175,0.10940464997947334,0.026725206683168645,0.1586831616482207,0.5315000848798741,0.10039877470348779,0.10943627567386417,0.525538030556463,0.04490966050143359,0.04294950451112058,0.04440852869992421,0.0411972414507003,0.44110539963874884,0.046471288957172154,0.6932296554095557,0.44713597134497185,0.20032299198225775,0.18661609415400982,0.24490126408768148,0.08004195995085732,0.021064544158240224,0.25283353820638554,0.0295381893225829,0.07095236318680688,0.02106399079970048,0.06634141463901753,0.011715132905038866,0.015609408539869736,0.017709547147712557,0.21122493419309257,0.5862538223848349,0.5925826051978091,0.03779616257473728,0.027289310076882536,0.33091640723796856,0.008171342057856709,0.03117365049834806,0.05525195985657969,0.04352933405228189,0.3114215554245895,0.0039004830887618544,0.00983035180250596,0.06375969602701231,0.05324507522183546,0.11968452840488548,0.34500320570442455,0.0022395546186561284,0.31356914830404126,0.03511770624989416,0.0541178508562659,0.026155012283167075,0.03767438379390072,0.23543349408940684,0.50162840458807,0.09041095086161016,0.6975870717107211,0.2551904463841944,0.07026806295998878,0.2731351914447335,0.037747212055207875,0.012262819377008932,0.07844331098654289,0.08351519614209058,0.02726685882613779,0.2472627879357347,0.009621043471199619,0.7906265618011357,0.091132834353678,0.713899847520828,0.029779127073973056,0.07373213797392178,0.567584017516345,0.01678187128290772,0.1260530442694208,0.42764431616176984,0.5051325057614823,0.005232225991383757,0.009304052182379858,0.03523869212031409,0.6041650729672969,0.09245056807325928,0.046613330456928934,0.015313238129335341,0.04165288721499917,0.003963077972395311,0.06362042461126279,0.11056625447783855,0.2697157042743243,0.04122839613307451,0.0761322938585767,0.039129722605561114,0.5828175464884052,0.02457122942782243,0.02178799578041282,0.46702993054602493,0.05645095044159814,0.07819754651396367,0.4232718100873222,0.07043150860386119,0.18276918331708764,0.0025350608704932088,0.0280521920471184,0.03563996491215754,0.07913565486610483,0.06989169885671763,0.8255636111468843,0.4616280633106545,0.03973759943201379,0.012073596646086945,0.06322679884480199,0.009413135932370694,0.04444918456730965,0.056800904163490075,0.0016099036462872086,0.007991400386858897,0.015694994330220747,0.3060228331788688,0.027873719684825733,0.04427439536728466,0.48286338437587,0.012098130897539017,0.042938391352991295,0.02147341169210419,0.07509710258134866,0.036938813333054064,0.0018596641887828316,0.018766446312884936,0.05052629505880451,0.06689459092513987,0.005079647173752292,0.016326739386823236,0.3980615810480743,0.18734601300257023
0.9394178667187962,0.09792442129368598,0.6355922092645038,0.8678992653551961,0.11501712503256749,0.03458578477619161,0.35357769907653236,0.5676221146191309,0.1223831969821012,0.015401390073615642,0.9335990808993256,0.4175435928166036,0.9479703863563357,0.03190865909919556,0.7124798066486085,0.993448501575893,0.9222394616410401,0.06063073855892173,0.028438037109255007,0.4695501801598315,0.28759009083850345,0.07384306443553328,0.17306117583131686,0.8972698612668987,0.025066963047546017,0.0940192528159765,0.185784808743576,0.32035335084402683,0.1298121387328844,0.03101539575063636,0.3929710441357044,0.08280996794111214,0.03627581215001665,0.016338302831205624,0.3822798101443884,0.16356003095008212,0.05082937103037521,0.7541048283604375,0.7145305899506998,0.19727204954848604,0.02271131110309863,0.6914200457700154,0.018403130067787175,0.10940464997947334,0.026725206683168645,0.1586831616482207,0.5315000848798741,0.10039877470348779,0.10943627567386417,0.525538030556463,0.04490966050143359,0.04294950451112058,0.04440852869992421,0.0411972414507003,0.44110539963874884,0.046471288957172154,0.6932296554095557,0.44713597134497185,0.20032299198225775,0.18661609415400982,0.24490126408768148,0.08004195995085732,0.021064544158240224,0.25283353820638554,0.0295381893225829,0.07095236318680688,0.02106399079970048,0.06634141463901753,0.011715132905038866,0.015609408539869736,0.017709547147712557,0.21122493419309257,0.5862538223848349,0.5925826051978091,0.03779616257473728,0.027289310076882536,0.33091640723796856,0.008171342057856709,0.03117365049834806,0.05525195985657969,0.04352933405228189,0.3114215554245895,0.0039004830887618544,0.00983035180250596,0.06375969602701231,0.05324507522183546,0.11968452840488548,0.34500320570442455,0.0022395546186561284,0.31356914830404126,0.03511770624989416,0.0541178508562659,0.026155012283167075,0.03767438379390072,0.23543349408940684,0.50162840458807,0.09041095086161016,0.6975870717107211,0.2551904463841944,0.07026806295998878,0.2731351914447335,0.037747212055207875,0.012262819377008932,0.07844331098654289,0.08351519614209058,0.02726685882613779,0.2472627879357347,0.009621043471199619,0.7906265618011357,0.091132834353678,0.713899847520828,0.029779127073973056,0.07373213797392178,0.567584017516345,0.01678187128290772,0.1260530442694208,0.42764431616176984,0.5051325057614823,0.005232225991383757,0.009304052182379858,0.03523869212031409,0.6041650729672969,0.09245056807325928,0.046613330456928934,0.015313238129335341,0.04165288721499917,0.003963077972395311,0.06362042461126279,0.11056625447783855,0.2697157042743243,0.04122839613307451,0.0761322938585767,0.039129722605561114,0.5828175464884052,0.02457122942782243,0.02178799578041282,0.46702993054602493,0.05645095044159814,0.07819754651396367,0.4232718100873222,0.07043150860386119,0.18276918331708764,0.0025350608704932088,0.0280521920471184,0.03563996491215754,0.07913565486610483,0.06989169885671763,0.8255636111468843,0.4616280633106545,0.03973759943201379,0.012073596646086945,0.06322679884480199,0.009413135932370694,0.04444918456730965,0.056800904163490075,0.0016099036462872086,0.007991400386858897,0.015694994330220747,0.3060228331788688,0.027873719684825733,0.04427439536728466,0.48286338437587,0.012098130897539017,0.042938391352991295,0.02147341169210419,0.07509710258134866,0.036938813333054064,0.0018596641887828316,0.018766446312884936,0.05052629505880451,0.06689459092513987,0.005079647173752292,0.016326739386823236,0.3980615810480743,0.18734601300257023
0.9408809219442112,0.0856614755809795,0.5987574828920557,0.8653675149111906,0.10758836052674967,0.029466722257907627,0.3332636559565777,0.5551308352093244,0.10148619912687344,0.011523059576943181,0.9422179744213001,0.4318182688943781,0.9552275899530209,0.032562015092243005,0.71316115537763,0.9928330280932406,0.9288522475670673,0.06438868152898125,0.021725169199821884,0.44005499485236654,0.2815331681184614,0.07243349057442053,0.1594216176420347,0.891741321802493,0.026664573363672932,0.08802676723321134,0.16824521043036889,0.28397689440266344,0.12115711707467763,0.02919948530034247,0.39136920163590677,0.08178307531540473,0.030177618105627496,0.015115184620844583,0.40550843013124416,0.16695130877034722,0.049342798449952194,0.7333504957696083,0.7142057797027073,0.21734150488613269,0.020978013744603254,0.7174707362901555,0.017870237392046632,0.09988907224447897,0.02387709479088388,0.14267851754888286,0.49824625618785856,0.10028359563695793,0.10158147533752593,0.49561732143657883,0.0554323066538435,0.0395234101698842,0.051312734868321844,0.038810117397659494,0.4697941542605295,0.05356224974740594,0.7122928688042786,0.41629476077086863,0.18271857477653866,0.21517601005436304,0.24708323222480416,0.07697628329561743,0.022726315965834853,0.2545589753750198,0.030826623585229713,0.06937376055359283,0.02331359337164606,0.06855224572907523,0.01298401846258477,0.014190574696525878,0.01432038105400905,0.19542037154780972,0.5758183218184258,0.5929211214124641,0.03348721897889664,0.02545381280508167,0.3466876966587859,0.0066200767054204555,0.028780681083199734,0.05359935759056752,0.043785427629663906,0.2937173350250199,0.003832490977956801,0.010509909187819662,0.061179094201730816,0.04949372057864533,0.12095403188531961,0.3370896883746656,0.0016667354077136928,0.3466043554542286,0.035604743011076086,0.050327712753625554,0.02630206847732069,0.03427323774272447,0.211735868646146,0.5399679596387725,0.09252818069049935,0.6735281646960536,0.2829519615410305,0.07643955990773085,0.266012635068136,0.040798387175650166,0.011006926955900784,0.06824022041108106,0.08651498592822658,0.0248449730108326,0.2539854144039311,0.0087558340968782,0.7953526804398755,0.08205314774083608,0.7399049821729453,0.028453727391113407,0.06109792547585733,0.5729470050266616,0.017650655581683855,0.1295404699031803,0.43668205441973984,0.48555457636553795,0.004259703217081313,0.007911000645114937,0.03157186417076644,0.5526271077221281,0.08736637774638792,0.04887934831442788,0.018382862396673236,0.04774459305338244,0.0033549837734569345,0.05641671474870191,0.11509124365954225,0.29743758854500335,0.04246681238906195,0.0874377658334153,0.03385082024464798,0.5499525902341781,0.021301349567379498,0.02053527974483062,0.4583850902033403,0.05281383696203628,0.08463317509296275,0.4523173892616506,0.08372230858794298,0.16030192378011932,0.00259479878312032,0.027286762676525612,0.03382716143326351,0.0684019993031718,0.0594856214094744,0.8449636290784484,0.47072620479084015,0.04239032960679266,0.011636267272421986,0.07442388229584437,0.010570567773913409,0.04499575000249563,0.0745390127487817,0.0013894475652670897,0.008641061887541664,0.014035146253490009,0.29196041273541046,0.02434931503610468,0.05300167778202832,0.45000289167702284,0.012214202967947065,0.041910511193932624,0.018830303273670745,0.07119876980950207,0.04304190905011589,0.0017021567676433,0.016795966507162013,0.05618945743181264,0.07799716502226546,0.00481101535070741,0.019736056671961023,0.38307377643887364,0.17315377727014783
