P02768,P01834,P04004,P02647,P02649,P01008,P01857,P02656,P10909,P00734,P02675,P04196,P02679,P02652,P01042,P01024,P02671,P01871,P01009,P04003,P0DOY2,P02655,P02766,P19823,P0DOY3,P01876,P35542,P01859,P06727,P68871,P0C0L5,P02654,Q14520,P02743,P01619,B9A064,P69905,P19827,P04114,P03951,P00742,P0C0L4,P55056,P01860,P02776,P02787,P02749,Q14624,P07225,P02760,P0DOX7,P0DJI8,P04264,P27169,P03952,P05154,P00747,P01861,P00738,P02746,P01764,P00739,P60709,P06396,P10720,P02788,P13645,P06702,P02747,P00740,P01023,P01766,P08603,P01593,P02775,P07737,P06312,P04070,P05090,O14791,P05155,P02765,P24844,P35908,P08697,Q06033,P05546,P02748,P22891,P04433,Q03591,O43866,P35527,Q92954,P02790,P00748,P81605,P00751,P02745,P18065,P01615,P49908,Q13790,P02774,P12259,Q13103,P15169,P20851,P07358,P01011,P02751,P07996,P02763,P09871,O75636,P01591,P00736,P07360,P02741,Q9UK55,P18428,Q5TB80,O95445,P17936,P08727,P00746,P67936,P04406,P01700,P05452,P61626,P62805,P27918,P01031,Q9Y490,P61224,P13671,P80748,P09211,P01599,P07355,P01877,P08514,Q9BXR6,P63104,P04217,P01019,P36955,P35858,P05109,Q6Q788,P35442,P02730,P35579,P60660,P08709,P63261,P23528,Q96IY4,P49747,P27105,P07357,P01880,P06733,P19652,P62937,P02533,P05106,P18206,P08519,P26038,P48740,P51884,P10643,OTHER
0.07434615973204585,0.022258265778512188,0.01616093454577312,0.02514250948767599,0.02112560959184996,0.002962811109145965,0.013127470472608815,0.008812193834792337,0.016413600461740063,0.029854473047204604,0.010940624235345845,0.09253746051706346,0.010170728010957343,0.008780863419395888,0.015472308493072795,0.015853188163370543,0.00848680467300798,0.021240415378461885,0.031924609396274145,0.021197619916094656,0.009641672403967435,0.0040109048496887855,0.0042459967076836575,0.01949965973639924,0.010789459024387849,0.0031035429626408827,0.00679607122516681,0.006956475410691498,0.007461854726960557,0.0070573037428019875,0.0035886411569116218,0.015341886849731827,0.01746663671580939,0.0011815651681198842,0.0034699081290202583,0.0032046399751707137,0.0028116462638344405,0.02216276527895103,0.008080614837647201,0.006577637739828026,0.010557464989547722,0.007502491901810926,0.004743489008516056,0.004873299618627531,0.00034569380704683577,0.004178732152818875,0.001489165137290322,0.002891044828683783,0.008220324846489366,0.009995195655879958,0.0,0.0023419848177174186,0.00266452495915725,0.007136583677551378,0.0038777399567757067,0.002343012620824551,0.032040303038746956,0.0028231333620238144,0.004637079600928297,0.010700526932999907,0.0024584066240035014,0.0039050199947810223,0.0027085420068752725,0.0014847600089791214,0.0008391588467404947,0.0,0.002285348354029726,0.00017287346391556328,0.0013652778120845513,0.0077666466947754155,0.009837575626197786,0.0011321185680455217,0.007967815032599397,6.22850351164132e-06,0.0006704493525630113,0.00012037678793500321,0.0016592068714786112,0.0036319605825811743,0.004204465936999151,0.0027661534310657126,0.0033856412978349685,0.001064149991233133,0.0,0.001038036138310872,0.0025459976035872756,0.01432370126033362,0.0007331819406300569,0.001035069500064611,0.0026534939704904266,0.0011401003147387305,0.000981154507625452,0.0010426852666590104,0.001583827152496538,0.0005775963151862085,0.0010747712305639635,0.001381579884601757,0.0006669953854048112,0.0009508159321088432,0.005617968371961345,0.0001432171690457242,0.0010752943842814934,0.0006070998804721899,0.0008116816082807855,0.0007892832869362122,0.0002632040668275465,0.0020885369831987765,0.0008115434045875299,0.0015198831938066457,0.0009012191647772791,0.0018700744829601105,0.000580962576324767,0.00036568572997882124,0.00018256561232981604,0.00022232630437560768,6.002367617108981e-05,0.0007800506753110329,0.0005688806418641389,0.00037271837932320996,0.0018803687792093228,0.0009669548967854087,0.0007055274807612047,0.00019980247741798599,0.0021993085811596496,0.0002691453658078971,4.424865071676503e-07,0.0006533789357021635,0.0,0.0005825094442265103,6.283359883401255e-06,0.0014274166700354019,0.0012881133854550206,0.0022394305184259954,0.0004131579531442874,0.00030932087132049587,0.00014792095803403674,0.001665601588373622,0.00023659948913903967,0.00013943820234784662,0.0,0.0006088510184808923,2.4763913134572282e-05,0.0007017548624435655,0.0006511498080774665,8.798614845368265e-05,0.0004653605092000451,0.0002041207253883876,0.0034363623881052347,0.00016400678960679964,0.004035770235245891,0.0006836299684983722,0.0007023663503151195,8.534863528149629e-08,0.00020809648527487585,1.6875031094152006e-06,0.0,0.001395396934353578,0.0024115259702989587,3.4453755267525583e-06,0.000844613455140246,0.00011763730202334593,0.0008442683958126931,0.00042683544435590795,4.567775526047182e-06,3.383299977844756e-05,0.0005320747034913352,0.00022098148796271223,0.00018879406054311628,0.0002925742851402156,7.865380913865902e-05,0.0010406519389156335,0.00018637205993515097,1.061445349433743e-05,3.4826747525187894e-07,0.00015300200267138794,0.09949436991362087
0.05877656162386082,0.024367722670244094,0.01447126177319271,0.07619966472010482,0.14511317697425805,0.003340954284872059,0.015201995158054834,0.0033672276272796995,0.004082228561016978,0.008235546172220684,0.004085692454635836,0.08730662410845118,0.01897196151578999,0.012909996045240653,0.05810607998537791,0.012513363351637472,0.01329886081300648,0.008049808062047144,0.01406376510290976,0.002403458019872827,0.0062552832740247555,0.002119910067284745,0.009362762783510573,0.0012500802361756149,0.004067562874732356,0.0026655816587086195,0.00822109879707039,0.005598234655127324,0.021971856073569482,0.009537973260981821,0.0006278108211326685,0.011691151635126231,0.00030639698523301075,0.00023094286121834117,0.005277351122707071,0.0018946951317765652,0.005909068441728755,0.00041170445070368443,0.011192312938760962,0.01354923583452203,0.0006002149072188266,0.0023924716271570756,0.002519990218996818,0.004336926711578903,0.0020723322049214796,0.0019826956283762846,0.00287676911170845,0.003592187626666925,0.0016583767057697107,0.0014723993978837929,0.00021970790913669843,0.0016626956654153095,0.0015975853026297488,0.0035776765633911533,0.010021671097365953,0.00529523729794517,0.005062537305723064,0.0019069206770735854,0.014327702944172668,0.003890062372568602,0.0005012927683346766,0.0052699136945983036,0.0020639526562238274,0.005479370965244959,0.0013879045197274747,0.0008788055982307116,0.0006029543100830869,0.0004691815511024718,0.0015490809964890178,0.0008095720491584042,0.007487767557256701,0.002436646008950026,0.0013809466582286657,6.046370133934658e-05,0.0015947966043210842,0.0017556164454359097,0.001688808280762363,0.00036288479019311846,0.0031482532773036017,0.0009011317960682862,0.002742373977606547,0.0017019071406165782,0.0,0.0006998253136279389,0.004271922046312228,7.864449574544032e-05,0.002029053065666322,0.0005089195099028958,0.0006324792513617193,0.0009956087562166956,0.002555989073218661,0.00041715783527912487,0.00041586779749138044,0.0013385597645779789,0.0016967318856829577,0.0072828793679160266,0.0009508651166004031,0.000975274399365907,0.0009190801562035451,0.00015084175724004798,0.0012325086030148392,0.0033382715671574836,0.00022611745246900534,0.001284384416317669,0.0004730892356383439,0.000187729236468505,0.004333328036233475,0.00047373044387047147,0.0013534683683061994,0.0006567655716157479,0.0007122042579783426,0.0020898800083624007,0.00022313730865636098,0.00014182329502603625,0.0006489204630707085,0.00038804851022809545,0.000488558915499527,0.0001300903060286108,0.00022796789985951056,0.0002652421110573733,0.001674052516456961,1.0259951689743692e-05,0.0011265274336290957,0.0011776376353713313,0.0,0.0008328576962230702,1.3653041151960948e-06,0.0007503859644279174,1.8804149058581912e-05,0.0032419991126589444,0.005355428481359743,0.0017118116318467754,0.0002486733058017714,0.0002693299840641353,0.0002512445680264007,0.0015440448881243701,0.00020935698335649506,0.0002464719470906255,0.0,4.2819361586185104e-05,0.0,0.00021341027468129012,0.00019853401923681689,0.00023951986190236325,0.00020445164570013165,0.0010284968352988644,0.0018932160313188098,0.0012636600852904975,0.006467129277079861,0.0004514600461800169,0.000780713904323363,9.994804347064868e-05,8.038239441597841e-05,2.8301622523750155e-05,3.342959190818739e-05,0.0,0.001233185507308206,1.2229587592484735e-05,0.0005887819887251222,0.00022708931429394523,0.0005351336361652047,0.0009212842424183387,0.00016493344947344008,0.00022836818413218794,0.0013163857619476992,0.00017641149343974828,2.3934188990714424e-05,7.830359840796582e-05,0.00019353202724523727,0.0010472003861821603,0.001103331990659647,1.0769861640233834e-05,7.320413349357653e-06,9.164350609786489e-05,0.09320272116330004
0.1979475796098966,0.028457192228286285,0.0007350539412866267,0.012987458891497142,0.1132274080193683,2.0191836666467038e-07,0.000409587847796654,0.00013590786991023854,9.905602573561577e-05,0.0001377021709271958,0.0012956383480998942,3.346256882837262e-05,0.0015927198419747515,9.780650937423339e-05,0.0,0.0012039031575083676,0.00042422046583954435,0.18962970680819616,0.00900805645558902,2.4176606075143465e-05,0.0002363979494408104,4.879700646515602e-06,2.3406445533091037e-05,3.467058686537922e-05,0.0,0.00018831099943861067,0.0,0.00025014501652757164,0.000498927117870132,0.00047160392401316006,8.363189663215664e-05,0.000708450855540334,4.5612416269037817e-07,2.3985313401029346e-05,0.000617211380054317,1.114650534512176e-05,0.0016227032871210076,3.6534194040357424e-05,0.00021919786622604285,0.0,0.0,1.0428940041014384e-06,9.964359704141414e-07,0.0003735622730501599,0.0,0.0012484688038749939,0.0002377892660023586,6.820088364489635e-06,1.1120349405672063e-05,1.9609215866011482e-05,0.2009843196074504,6.437754094972734e-05,8.195021547125751e-06,0.00014082897607719453,0.0,5.596600200877228e-06,8.299247587246124e-05,5.492555480217354e-07,2.417168824429747e-05,0.03101903596768278,3.0333029231575232e-05,0.013593495728016745,5.8334322541133e-05,6.461194820588833e-05,0.0,2.157230360998187e-05,0.0,0.0006405443859734036,0.053798133102182934,1.4990561742661254e-05,5.06464762816384e-05,3.1365068832511626e-05,9.647495798519543e-05,5.300778156333816e-05,0.0,0.0,8.334634059470152e-05,5.062842383474851e-05,1.5122524303494067e-05,1.1973116372463654e-05,4.5990954511230586e-05,6.965499005591714e-05,0.0,0.0,0.0,1.1992714077666097e-06,5.4986737282263444e-05,4.7957091152396214e-05,0.0,2.6446823343949734e-05,1.6960654675029967e-05,0.03552448445112963,0.0,0.0,9.405914565622242e-05,1.2381991931475252e-05,0.00019335141904733391,4.856589164639649e-05,2.9144866727509646e-05,6.265786621704557e-07,9.594171262132878e-06,6.944011212100883e-05,0.0,3.258020676388855e-05,1.6120215055835717e-05,5.460191638166128e-06,0.0,2.575452160745667e-06,7.02235537137524e-05,4.816867795151069e-05,6.0944190182141416e-06,3.1049926513677153e-06,1.5163101345702133e-05,9.545456911911876e-05,0.045819214993290655,2.548718944719357e-05,3.7505551266516174e-05,2.0387392915468546e-05,2.286560404542839e-05,2.798300100438614e-06,0.0,6.725250313387754e-05,1.696080578123142e-05,1.399150050219307e-06,0.0,3.997571508205223e-06,0.0,6.481855939807628e-05,0.00033603627159034836,0.0,0.0,2.7371549406380466e-05,8.159508051434031e-07,3.223841535378326e-05,3.5396541279595214e-06,9.372163811111841e-07,1.017057430374008e-05,9.829712813391197e-05,0.0,6.974146664145094e-08,0.0,0.0,0.0,9.993928770513059e-07,8.02773368536994e-06,8.938591859653013e-06,2.1971993450895072e-05,5.196842871276876e-05,1.0754922991380188e-06,0.0,9.013155091964163e-05,0.0,0.02683411015473571,1.3359023544278769e-05,0.00011141830766580837,0.0,0.0,0.0,0.0,7.995142904673053e-07,0.012054971718195086,2.3730672709101993e-05,0.0,0.0,6.224490315893086e-05,1.1536991331560915e-05,1.9090090577348988e-05,0.0,0.0,4.35164965285721e-07,0.0,2.55776672370417e-05,0.0,1.2392471586046278e-05,0.01219271050486313
0.20633112817615434,0.013048703332411093,0.0007225035834922915,0.014610778269323109,0.11203989950761672,2.001877586717805e-07,0.0015942671646707626,0.0005527010395182454,0.00027262520747288043,0.002117217626960137,0.0005603868364338714,2.29262461578506e-07,0.0009583642177701749,0.00021596563988489646,0.0,0.003121960300476138,0.0001984319980703865,0.18480405663421212,0.00861659257020231,0.00023859114316648875,0.0022975039662060932,1.8280892082902324e-05,4.210472642216874e-05,0.00010577327135834104,0.0,7.36635481556712e-05,6.630773044034628e-05,0.001059180809691971,0.0005012556836866547,0.0017634142700387444,0.0002824263691534734,0.00023555634993202557,5.8798766569006665e-06,1.8627551691048175e-05,0.00028185386540894035,8.21601892196082e-06,0.00010413818907828008,0.0002093871116493043,0.00013779554177065635,0.0,4.390066569480147e-06,3.491343453881216e-06,0.0,0.0019290963854749312,0.0,0.0013206751824270566,0.00029571824244840347,8.426480598745792e-07,0.00032696009040897723,0.002984220133236471,0.20651253116179968,5.726164916917631e-05,8.443318062415608e-06,0.00023945289997875357,0.0,5.548632692023849e-06,6.282761296541677e-05,0.0003686314494597,0.00010970167836349748,0.02862670166342477,4.359639814047723e-06,0.013375640179168808,2.2080805202986232e-05,0.00014353742864386555,0.0,0.0,0.0,3.8135228689027283e-06,0.05605724269953975,2.1882093099302734e-05,6.568364552984665e-05,9.0430774793053e-05,0.00014486526278701021,2.7743162130762712e-05,2.972481751821472e-06,0.0,1.6290655459274725e-05,0.00011373632453320788,0.00021920454449981733,3.5717148543040437e-06,3.309353071225449e-05,0.00022793739343949945,0.0,0.0,2.866237140598391e-06,8.671949661234708e-05,1.3475250253762263e-05,6.150003177723575e-05,2.9032416850887852e-05,9.034067710017101e-06,4.954136031476364e-06,0.03609985173178755,1.426791187700045e-05,0.0,0.0002483927270562555,0.0,3.7928207996236577e-06,7.264022084271815e-05,0.0,0.0,9.511941251333634e-06,3.963309002428628e-06,0.0,0.00016150483675309992,3.5669779692501127e-06,0.0,0.0,3.3111207055286104e-06,6.098666408944024e-05,1.3526842248445587e-05,9.19633225713456e-07,0.0,5.169638741781403e-05,1.5853235788155096e-05,0.04333860840002695,0.0,3.0686155542083926e-06,5.727209320338326e-05,0.0,5.548632692023849e-06,4.5578052198572695e-06,7.619375561094958e-05,0.0,4.161474519017887e-06,0.0,7.926618004857257e-06,0.0,4.588380263164554e-05,0.0,0.0,0.0,0.0,5.3179173120695846e-05,1.9537549411737523e-05,0.0,0.0,1.8417057721977436e-05,2.2869014368078566e-05,0.0,0.0,0.0,0.0,0.0,2.0091226075143145e-06,0.0,2.9955263355592105e-05,6.557998262594174e-08,5.152301614533449e-05,0.0,0.0,0.0,0.0,0.026589516786263902,3.951582568439294e-08,0.0,0.0,0.0,7.033611676246203e-06,0.0,1.3813166536024476e-05,0.011526856433781095,1.1892651440414257e-05,0.0,0.0,2.3172657567951422e-05,0.0,3.963308947038773e-07,0.0,0.0,0.0,0.0,0.0,0.0,3.071564454726245e-05,0.010437869742874773
0.060303551908991386,0.08986238085174804,0.020668597939381705,0.050951713606773294,0.03339806208835115,0.003613441030949167,0.035795808674913124,0.00783475072377104,0.017013024161390132,0.009828743698767817,0.020554935208872787,0.026356660550798463,0.02114491874436909,0.012147947696656884,0.014407676215408706,0.05369343526830223,0.009904537978707887,0.027269076567645406,0.008093873005069448,0.0016090494072309163,0.005476566672082746,0.015682111402585974,0.0020271965945668903,0.0064295928245537,0.0004294141224453407,0.013420439450669272,0.005672962330064084,0.018484528221570384,0.022396649648323247,0.01829615238035819,0.0022339046754500905,0.007248006591283063,0.0019674148761697078,0.004774386022292345,0.007649053810073134,0.004983206820899455,0.016993526598950995,0.0013574258880778812,0.0017842548248498652,0.003889643391665124,0.0011825236596806669,0.002331958251489185,0.005398539296539306,0.004301400772219687,0.00021638793236736592,0.011188012703807627,0.005289839599141215,0.00036236427025976287,0.003570674427881812,0.0006921766997257115,0.0,0.0018553227731137685,0.0017890358395077045,0.0019063619959343399,0.009972014833376919,4.522122202313961e-05,0.0008934591926742007,0.008324087138698623,0.008607223753590377,0.021766710219728508,0.0022375835099235153,0.0008369739664360643,0.002581030071708326,0.007513544283221451,0.0,0.00018923653831940125,0.0008013869161691756,0.0007166423340012345,0.01661116302013312,0.00032636822131530924,0.00375159918634177,0.00275256026632283,0.005697030348766288,8.814976516004136e-05,0.006854280049851032,3.615777878637626e-05,0.002923617164614605,0.0002275627825901684,0.014802744742732547,0.002252883760759713,0.006914455417999314,0.00729931229810566,0.0,0.00018920760309265713,0.0010276403520016726,0.0006495838612266268,0.0004414290684270817,0.0013353905479829232,0.0003297120645314172,0.0028155365248747426,9.69043697978921e-05,0.004826921336887966,0.0007802147690490252,5.306928834395125e-05,0.0030943996501614085,0.002361507994510848,0.01030628451977746,0.000834983200004307,0.010999952624837024,8.111961265171273e-05,0.000636802713111196,0.0009035536440381882,7.885288661332652e-06,0.0005130049267402975,0.000763230150540386,0.0009241432099725272,0.00172293198005888,4.5162132939881047e-05,0.0005102431253302464,0.0010126591219781528,0.003409036835707489,0.00247593975040013,0.0007439897044811065,0.003036186233592772,2.1138980253621692e-05,0.004135494800917015,0.00320658584580937,0.0002257844333732581,0.00024221416697835262,0.00016963737838406577,0.0002664660829039234,0.0020760201385412523,0.0005451973387376503,0.000856965123285417,8.237494493875165e-07,0.002597392417885564,3.352914238656221e-05,0.0013941620404924696,0.0006229596297048903,0.0,0.0027391307823685304,5.500845923228057e-05,0.0022650712353625185,6.259333403843733e-05,0.0010177162517654695,0.0009409733594079161,0.0004244102259797664,0.0022457526782164914,0.0003992054090558232,0.00045016828472838933,0.0,0.001888478458378168,0.00016931060195455352,5.5699686398474236e-05,0.0006938859488454267,0.00024156079504929347,0.0002137179885118435,0.00028367784327041864,0.00046228545215573635,0.00016268452257504367,0.00016720276002970695,0.0,9.790233571450514e-06,2.6613398325559197e-05,7.378148236671512e-05,5.220472371876162e-05,0.0006556158316398915,0.0007227893920169937,5.3026189259302807e-05,0.00012715818197415075,0.00024102236104169822,8.47301091763702e-05,0.0,0.00034728324100883706,0.00017862101997457084,0.00015294293119711317,2.821667641747537e-05,0.0001024302113411491,0.0004468685788678206,0.00010604075663634035,0.0,0.002707444800667754,6.562602255057505e-05,6.5579857681495e-05,0.04473446296837961
0.0590512591855179,0.06474782014262578,0.01345708143972282,0.0600170355531257,0.07695447820995452,0.0041911554117696126,0.021756657064078595,0.003097250025333799,0.004996816106379524,0.013993350701803325,0.01063783823414566,0.05326806763907095,0.00826968354589172,0.0035464900870899696,0.009733083860756194,0.021176278662064625,0.002519044956702768,0.010254278125544069,0.010188569304151294,0.004050322633056372,0.00729325143433015,0.0022324830259242683,0.008249092593423445,0.0035378178968837395,0.003694485941882693,0.005591840625947998,0.002940729852930795,0.00546326886312468,0.0076640272739125674,0.008402293871642695,0.009252169539870897,0.010990023669868098,0.004925821170037835,0.0005513313499579422,0.004697427124929528,0.003975659658063064,0.005000484606993001,0.0061654073858220864,0.006381041375269809,0.005870749549838905,0.0008995993097069427,0.0053607571803041525,0.00174624098304508,0.01233682442955126,0.003299284042297702,0.008492871139193931,0.005298172594135679,0.0019182446611386056,0.0028906888696105344,0.0013813651033337284,0.0015168608630830027,0.0048505017294565595,0.002346771329373141,0.005324642759791196,0.0034394955057678034,0.001318865863443065,0.016184093587561156,0.004583661400929495,0.004513157241302264,0.005589846331777285,0.0008529538155977855,0.005176180587827392,0.0025580618617538175,0.007678899301285395,0.0006749448640853211,0.00039823563058261703,0.0019976913162856823,0.001194936014179893,0.005381398034291256,0.000579879421788054,0.0026548019064049438,0.0009099558267722853,0.003744401795415362,0.0012657929455385428,0.009013271218692538,0.001353835943716305,0.0008092139094716815,0.0004912726062800355,0.004491223120120895,0.004113484649503735,0.0029088393729843074,0.002947506303987318,0.00048738130332809897,0.0009634496788736985,0.005045036626795372,0.0024416650501512985,0.0028087449593294906,0.003801724350429959,0.0005453971709427142,0.00048367685171929437,0.0028553314028434136,0.0004416749346741385,0.0006707212031933429,0.00012455381286282163,0.003399875950844148,0.011739672501538621,0.0015304651222322085,0.0017256677923070823,0.008489406590092922,1.7681379360866837e-06,0.0004891206429210286,0.004023996121927909,0.00019701556399474667,0.0021535328075283407,0.0010341751280584384,0.001180543993163379,0.0029739706784304492,0.00036221844793430334,0.0022816945271981527,0.0025690413246016977,0.0015148774317478844,0.0030162509679675024,0.0012791196332504137,0.003089731402820459,0.0006319810434213887,0.0015166789685824842,0.0009760002962952511,0.0013387263943724398,0.00038871296730211215,0.0005306232276287908,0.0008085147483635681,0.00012264858607109296,0.0013195502714536838,0.0006819969759051679,0.00043452543055319103,0.0005181814212201738,4.28866679366642e-05,0.0006237430260831922,0.00046342487240915613,0.002809610835992181,0.0006022588181898394,0.004346633165917145,0.0006651137263186523,0.0008252175625713047,0.0004016900511598528,0.0009458394008155719,0.0012428958613003996,0.005713043482997823,0.0,0.0007888255594506898,0.0,0.0006108460311975305,0.0007399126635526253,0.0004725964360094411,0.0013288720223948902,0.0022886216974354052,0.0012694016148904084,0.0015401304445940471,0.003088744181861374,6.262483322375096e-05,0.0003637371025751637,0.015194519724512407,0.0002584321572911923,0.00028931298587121443,0.00044942671868463573,0.0001836940750125585,0.002872527889922011,0.0011084139030979642,0.0011291872964041439,0.0007548043140129099,0.0007775979483499097,0.0009189243440338767,3.35998310720319e-05,0.0007916711956968191,0.0008674150907329372,0.0008262058432546497,0.0002828909963616658,0.0004011779926731624,0.00023082688984403128,0.0005426496615564263,4.907525684391958e-05,0.00048080209791467394,0.0009698053797981946,0.00030704074222020713,0.13277899209234548
0.0969063364484739,0.016546255696406924,0.003512084382270547,0.05545988395276365,0.03821868654997891,5.554418535094355e-05,0.0013809467735510833,0.04241028466301898,0.001786637265590747,0.0011415314843211085,0.043873874255495965,0.0007434463324020374,0.03280023496917303,0.025473640028508868,0.0008080204297035078,0.003973673192138012,0.03882060344199674,0.004516838863227973,0.023694365620873382,0.0015672002382657445,0.002125163690761754,0.0043482508140028275,0.00046378753034796033,0.001375653042707667,0.036540252095849025,0.0003895859091970001,0.000196892872853334,0.007706446559097288,0.0020814556893152254,0.027734821446331527,0.0014631223616632058,0.014617746274052486,0.00029902058069229535,3.868989812116853e-05,0.001584929342339338,0.0004885300481582554,0.03387775950811532,0.0006346818086326083,0.0005385679849629955,8.446059883949312e-05,0.00014704892938771752,8.471988811801531e-05,0.00010242609778819261,0.0009554864527165474,0.004365215336032041,0.021110383373474574,0.0012762052784842171,0.00029942553783051897,0.0012569824442896225,0.00037590509845579435,0.035648564715107085,0.0007324571342882541,0.08247692565646284,0.0015555923986589502,0.00017631459181287427,0.0,0.00033542685656829817,0.00022053054925876096,0.03673115375337802,0.000324830350314815,0.0004423316226058555,0.000200523532470284,0.0014972087133629844,0.0003257880619924918,0.0,0.0,0.03309757118069045,0.00013570733099577568,0.0004372854585276158,0.0004675310147746571,0.00018204775102610325,0.00019418268737733235,0.0003373394942646458,0.00015258007223802077,0.00025124810887591363,0.0016563695597485524,0.00026286451646595005,0.0005302462201580597,0.0021833478762375382,0.00016746734588530862,0.00020109621478986352,0.000446767737619099,0.0001884948794047441,0.01485523070472276,0.00011628984676098973,0.00043212893307964826,0.0005464955756742475,0.0004603843337368976,0.0005316932228320344,2.696882834148317e-05,5.330935472585946e-05,0.000129845513186782,0.0030939712249506905,0.0,0.00024586050136303885,1.2170977818195402e-05,0.0001388923408571389,0.00013529518564178651,0.0008168653569439337,0.0,0.00022178615151053838,5.596250049043647e-05,0.0009632863689015371,0.00020917190189821566,0.0006099606668506083,8.131581614699759e-05,7.608288993222898e-05,0.0002791959629668026,0.00014915260437109445,0.0002495061010983563,9.641556191355253e-05,0.0002585061374110204,0.0005394312394676383,0.00029327558677740527,0.04396783286944417,0.0001642772752422069,0.0002556073828427412,0.00022020943847923368,0.0013078367119597391,0.00032208096918439824,0.0004572671015465319,7.126493776613338e-05,0.0003929118646443229,5.4716547780471376e-05,0.07833309615277681,8.385168725472977e-06,0.004354980708268515,0.00021540078634626128,1.789128434679495e-05,5.2703238502205846e-05,0.0,0.0,7.431163256254854e-05,0.0005771125944202632,0.0006933263138075445,0.0007524465520925748,0.00012799798106135995,0.0002854243175152367,2.8881175321050346e-06,0.0003291014351106563,3.976650700175239e-06,0.0,0.0005345877994258513,1.158135951018968e-06,0.0007272548520657093,7.543942384178579e-05,0.00020794883896602405,5.780508809407028e-06,1.323469920019354e-05,0.0,0.0001227961380841573,0.0,3.727142090357718e-05,0.005007876500904998,0.0002676566277333469,0.00020596856095967542,0.008045570144525067,0.00022320767104967747,0.0,0.0006369610585476891,3.852344809376889e-05,7.559868541274429e-05,0.0,1.584400813833123e-05,0.00032190274496209797,0.00036190959636333637,0.0004314932748215302,0.00050487746868398,0.0004464064329416117,2.7588376608218763e-05,6.922493736119864e-06,5.40437110693987e-05,0.00022039048979731427,8.195474669392645e-05,0.02076483206718795
0.03527247978821418,0.0588353968533484,0.026515727445478175,0.03635405924981026,0.022781515902211093,0.0012452964839911591,0.013330816268995658,0.08005453500158263,0.007986491400533884,0.005609339470471953,0.01273170679883869,0.0018053182742936932,0.011668603637988956,0.04966215157528376,0.002092799400792101,0.011683603902151278,0.0035080939299561124,0.014142323499786643,0.007571893726111132,0.006523326971900401,0.003326841791724179,0.0549178463720539,0.0006326030025986148,0.00861776933258618,0.0,0.0028209140737173867,0.0058421418541239264,0.009398188495091452,0.008789940471239127,0.03779677537719994,0.01334853862004383,0.05026228614218154,0.001621901531840753,0.0005181117999660264,0.011720587159941972,0.003360233689337963,0.023271193877984243,0.0036856594133986625,0.0017428193960833027,0.0001350965425656856,0.00022830051595726307,0.0023775157328364245,0.0039427699685071205,0.0013396646456096059,0.0015051366214687768,0.007123272867201181,0.0004984724831011542,0.0005155270778087219,0.0037607373726740345,0.0029080270852725213,0.0,0.017711012732587524,0.012134634542415253,0.00300245616909113,0.00034234145380910945,3.149122564997133e-05,0.0008172328864801021,0.00030794522570413757,0.002730435072230595,0.005378895932840052,0.0007386805736819307,0.0020678399020832806,0.013967862386183307,0.0023170531227776243,0.0,0.00038782649425958315,0.009252579004106217,0.00041040438948986095,0.001929679322464026,0.0007450409784628422,0.0017283169413692253,0.0002896699258879016,0.0017643071743254377,0.000715351899499805,0.007093967226762714,0.011323213248778625,0.0011766841603002643,0.0005363736355893938,0.028367917334927686,0.0018612688035259271,0.00044292628827145814,0.0006765584986524385,0.0018351478775714308,0.00584388139217863,0.0001508337163151563,0.0014469104660965585,0.0008463259044067856,0.0026348721876236787,0.0023391996433474935,0.00015806248369539783,0.0008539988391489122,0.0009113839424548238,0.00015397982101432315,5.2900609319379815e-05,0.0007496730682340626,0.00011457729582083735,0.003339006023331101,0.0002800685220330951,0.0035748197459788194,8.984861130175624e-07,0.002607674402060683,0.00010880055725365957,0.002006829484991947,0.0015911786890899613,0.000345865260988691,6.970451833967359e-05,5.077844927207231e-05,0.000828158431474153,0.0008650359921793223,0.0044238758451374625,0.0005370341393883457,0.0013722134688051038,0.0020852888458045625,0.0006358993288931683,3.3517929914764348e-06,0.0007242268280565343,0.0005521234350701018,0.006274351146145855,0.0008292223443020477,0.0012231726113905814,0.0017629831145732357,0.0007891718409162074,0.0006354087852839424,0.0,0.00928336474047578,1.2327602660514408e-05,0.004083403964310741,0.0028323809318001724,5.6063077201656345e-05,0.0,0.00026229060042118156,5.233278973192277e-05,0.0007915067325904241,0.0008482150900187917,0.0009221450770995449,0.005907921844162835,0.000798712978419212,0.0016617178970209396,4.953686001401567e-06,0.0001543765665709447,0.0,0.0002513880286114232,0.0009157114880841864,0.00012309775060747824,0.00019428591865715923,0.0004958196775362179,0.0016090115746244097,0.00024164659025338887,1.591060519256854e-05,0.00029469604388800136,9.654135593351623e-05,0.0,0.0003867061101948226,0.0029885670103490776,0.015160739224473226,0.00018846379051733048,0.0020030381320045483,0.010569379458305266,0.0,0.0004898571440632059,0.004196397845828442,0.0006127309060570708,0.0,0.0011509986608722596,0.0005091535483423997,0.008440461684165337,0.0002266413717813558,0.000766981462456093,0.000933425759524961,0.0002020020398310744,2.9796853037771656e-05,0.00018927072320391332,9.684877362292105e-05,0.0004920168752449361,0.057213491229094346
0.07453328573558758,0.042303433576901826,0.02814777964054854,0.03833561230652725,0.01440962061929994,0.008069199092788875,0.01512971941152801,0.006696644838012469,0.00812540424149983,0.004349597171905682,0.011376903513657544,0.017318487389645084,0.026648605238525608,0.009918729018410975,0.031704861861641544,0.0025073842069220265,0.015995724389962475,0.011819107567522285,0.01267671673338731,0.00810680989163028,0.002693564944587347,0.00750793012059616,0.026596904967392716,0.012481795755258743,0.00018778458362357788,0.008521532989292414,0.006785860775168755,0.008071975787607643,0.006701074268224488,0.002418397325158667,0.003571168709605444,0.0046076423516887765,0.022462762140645492,0.0013568956740408647,0.0032108424125602735,0.0014393840595980569,0.0011397885434533302,0.01290392506046783,0.008778600806288223,0.002449474973882923,0.02465634747894757,0.0006095333070528853,0.0018268209270377739,0.0017420074493368287,0.006106140458174441,0.005581645006893434,0.004329999082674925,0.0012672791620543349,0.005295887310982847,0.006005328666286462,3.459237704853085e-05,0.0006510484989441185,0.0137984798692761,0.0012686047342301554,0.004292435420366035,0.006661733896503858,0.004499609769313886,0.001375198514978827,0.010248234193420153,0.0021113842063156607,0.004982467496223423,0.001843056426908859,0.03101084974106428,0.0032120526724518515,0.00035426952672629696,0.00042052785812708894,0.008099386818009292,0.002795512667876613,0.0020818715753987086,0.009673118182594469,0.0017218986478315637,0.0004773285672897349,0.0007425999529140791,9.38994211840861e-05,0.0011387949311148539,0.004208228884884013,0.002840090240499395,0.007595087520072831,0.0002573176889930926,0.00074518420085092,0.0052866933805303384,0.0013689568682339062,0.09284254756752103,0.007643104149567102,0.005688270937046001,0.003912404089181755,0.0010405677524583249,0.002396489211117231,0.004224171400760277,0.002068375240145298,0.00020629397882451452,0.00011316609133798189,0.004005352832598848,0.0019597961379300426,0.0017997446653853792,0.001312887812231297,0.00015127818857853644,0.0006849529472720755,0.0004646910864557478,0.002190419474208166,0.000514788975028186,0.0011914902140137448,0.0020721204141098265,0.00034278046694549534,0.0045479916114749925,0.0033047302147812306,0.0011028380635291937,0.0004132803363521035,0.0005137232751327335,0.0005311266008675637,0.0015406230828080203,0.0016685354004407973,0.00019482082560954623,0.00025704237380712785,0.0,0.0003424201385521697,0.0004093484367876772,0.0003314172520728918,0.0031992384162058555,0.0011407359234860603,0.00019335053405597545,0.00015067470407613564,0.0003342781599170208,0.0010726086086786607,0.0,0.0003400584634854046,0.003666684575403145,0.0021377517246023467,0.0001537521742253794,7.521667697322523e-05,6.600558209791031e-06,2.0343008418939304e-05,7.622027001104652e-06,0.00020636933403317466,0.00868873048413844,0.009502547264382774,0.00033794777798011805,0.0007267704872368774,5.686509477611379e-06,2.910774622485394e-05,1.309193907299086e-07,0.00016634937276117554,0.010328474066364283,0.0004028853380881,0.01231308966552267,0.000108000628279226,0.0006156066600613263,0.00035629405299963105,0.000329541359361523,1.722990925702907e-05,0.0003638380035327709,0.0011177174938504864,5.06906780794384e-06,4.144321662828041e-05,0.0046919187782605174,0.004176358474094782,2.075426726666727e-06,0.0010786641019744046,0.00013539639142539652,3.985943110174475e-05,0.004324233430286734,8.63200735000356e-05,2.896904087910595e-07,0.0025123604122577058,3.517162003652971e-06,6.240542530317184e-05,0.00024792995616605516,0.007542666980080898,0.0062569075841663446,0.0006400289592321042,6.689036441815386e-06,6.944312243595143e-06,4.809188456626623e-06,0.00015158222632331375,0.032511270507829204
0.05035932608213203,0.08366390785780618,0.03197690884454597,0.027549576683119595,0.01196260755044071,0.00026498436456708465,0.025548234758709387,0.008223001631488246,0.010568771905141388,0.006311606125771657,0.08564184271138388,0.0729824991311376,0.10272549077472942,0.0040826543477651,0.017045960953373036,0.01156775218074208,0.009082561429516004,0.021128384194828334,0.0007580347295095589,0.017638285445030728,0.0024044830728081235,0.004242409309140803,0.003315087202824814,0.019527137543965054,0.00014337534389151184,0.009250686731281238,0.0007605503275895806,0.008856944234773128,0.015710253740416038,0.003408765257371359,0.002059017289500133,0.006054709891978356,0.007860883330266973,0.00011610499404401842,0.004837195573958844,0.0004037422839837494,0.0032377956579021402,0.011224208343087499,0.012223561116875002,0.005131788388644386,0.0007979583583795581,0.004138384118190417,0.0005646484859567931,0.008902191630395486,0.00011502384993894748,0.0007637768573643961,0.017165158515632405,0.016966160158068365,0.004211709221838114,0.0014817950764394526,0.0,0.005483301217864006,0.0011622759960585064,0.00589614250838549,0.0026035886549748677,0.00033561510890313005,0.01015056776881738,0.00026758271156784744,0.0002163354799924001,0.0034142120911589756,0.0015100722421680687,0.00031348976360899414,0.0023728729257752224,0.002366082497101959,0.00039162143882792217,7.23989201739751e-05,0.0035466262302221102,0.0015048434047344194,0.004949558409007318,0.0008715266076798431,0.000355606933844407,0.00029549800141103556,0.007761700357630825,0.0001369370367152617,0.0008964052947297795,0.0009306626619624159,0.0031177784387682607,0.0003224899548184413,0.0005549140937419337,0.0005349016464145069,0.0021917001582992383,0.014173934786107583,0.0,0.000591433534499819,0.0009655500248974359,0.0043298748578067935,0.0006868247098057962,0.00020422858248166415,0.0002405119368414478,0.002843641531322598,7.850943299485197e-05,7.754937366086894e-05,1.731186060340786e-05,3.329771997475638e-05,0.010585445144371973,0.0007104522293693622,0.004959185750293733,0.0036893618308951855,0.008193488788190153,0.00022262598832597624,0.0006452186842190026,0.0012959514144813568,0.00012072305219809634,0.01133446019629424,0.00042621978592757745,0.0004898870657950894,0.00037771767267077413,0.0013695448068052924,0.002551356815817594,0.0025694060178854286,0.0026640633554824494,0.0012053276622525767,0.0003094499203585616,0.001403562598319289,4.165459341409779e-05,0.0010028563743093584,0.0037062361589814893,0.00018244185992972783,0.0005952642691483681,0.00023529586149550192,0.00043520805590582963,0.0018273006277763628,0.0004632257295791923,0.0010961676100800447,0.00019629700451829766,0.0006189409896831302,2.4044250838066475e-07,0.00028369585785452216,7.278385820043526e-05,1.8040274450579874e-05,3.703150692281429e-05,0.0,0.0003192636659421638,7.484919781163186e-05,0.00011396211746308358,9.864547448138914e-06,0.0013575169117090184,8.82071960756592e-05,0.0,0.00030251110457198165,0.0,6.753078228465338e-05,3.5381988583304186e-05,5.322535296878438e-05,4.953878980523976e-05,7.140781132167518e-05,1.429327940575446e-05,9.963708113584728e-05,1.5949441573178e-05,1.3658552846663052e-05,0.00030560814726383027,8.473495420114371e-05,9.204333877845554e-06,0.00014713345978397798,0.0002657619573855276,0.0001373995510974202,0.0,0.0001742621235198309,9.676149786861926e-05,0.0014505433546245733,3.0316287478758503e-05,0.0001929249629748455,3.3612488240641414e-05,6.204659306074633e-05,0.0002007718621179376,0.00024728451923155387,0.00039030387787890617,3.0157524987013787e-06,3.717407146109943e-05,0.0005161407779057705,1.5632441774893186e-05,0.0016140368786918843,0.00025891173714410337,0.0014726896863507407,0.05990292649330785
0.09644786797674135,0.053948629739862516,0.015701212450267118,0.1168261491435137,0.03870073613043847,0.004827311649524599,0.025785416664133354,0.0012955095872706614,0.0020881153062894116,0.003770773018044005,0.05850531845784844,0.10976886484007384,0.048664499201203644,0.0003236427227170689,0.0176700182043476,0.010289726605126304,0.0007062200629478729,0.011045400912072822,0.008945988867774484,0.007367492872993413,0.004359069481234671,0.0005559545639620612,0.006927270014172864,0.002166371310628937,0.000529043784033902,0.007258182352459336,0.007194324339911691,0.005357450774280472,0.005006770649765908,0.005605943345216942,0.0009957274427555899,0.004554379453612022,0.0020269411147348483,0.00029102115941884713,0.005084073876347002,0.0008664425009139853,0.001011034376040486,0.00807656466016791,0.010941369176485012,0.014165942367575407,0.00015392472238182287,0.0029157368578616627,0.00035976142846548987,0.0071794858204578685,9.009219454914233e-05,0.0048299380413616335,0.0066119336812026875,0.0006861162528819208,0.0004288737726808193,0.003778550438306785,1.2243252941822606e-05,0.00024437936622810733,0.0012290135934068598,0.004578392592469513,0.006240855013781625,0.0014851867213658565,0.026908731513529446,0.0011277521922854771,0.0022308196210471106,0.005059288635192857,0.0010712763692903823,0.005523116888228927,0.0017905595490094644,0.004866334424749108,1.3556713207245044e-05,2.5433624478469022e-05,0.0006897564108970625,0.0020418857242282037,0.0025026412475966766,0.00013753842171746562,0.001948076959656413,0.0020822589617016875,0.0016327722712100039,0.00011485379754517646,0.00023039596566760815,3.090836244021654e-05,0.00020154204588046355,0.0003737394676549544,0.0038199273155883813,0.00033843314370755304,0.003106595762822234,0.0021951425308751843,0.0,0.0003474379975137071,0.006668488736945813,0.0009466136718951317,0.0005488146477748837,0.0001161272400611995,4.604414627922927e-05,0.00025213252609363075,0.0002964038269026697,6.327576482409359e-05,0.0007882517638068263,5.202726410014826e-05,0.0035018908018771997,0.030228223423772266,0.00021755875117803847,0.0008970866068869794,0.00021432356704744867,4.835775586496021e-06,0.00037721852980494196,0.006546364723926029,9.093649906988492e-06,0.002794288696178991,6.217673291664946e-05,3.748367627043596e-05,3.3915675786748504e-05,6.174302656333016e-05,0.0007896746291781762,0.000702009438921005,0.0011489602812140684,0.00985647204577636,0.0001796527630908507,0.0001670119169798711,3.916734101823523e-05,0.00019038603781019995,9.243034108261728e-05,0.0003885098372099355,2.977881208155491e-05,0.0003709999468640621,0.0002529422797746939,0.0003142219950305425,0.000795325097351347,8.881323853289068e-05,0.0,0.0002468933114964001,0.0,8.669106728177642e-05,0.000337167044330975,0.00275654139627878,7.383049387642395e-05,0.00010824780794141182,0.0003313619082712519,0.00034732698776587063,2.158811847686363e-05,0.00013497480309309569,8.75708019766342e-05,3.570129117741065e-05,0.0,0.0002942339836669375,0.0,4.646177736563516e-05,9.526011751342571e-05,4.266987097075111e-05,2.814658582044128e-05,0.0004759418449708754,0.0006870623630960686,0.0008829849620394147,0.0031730653081092587,2.7501279671117014e-05,2.9123357851666626e-05,2.565621643178416e-07,5.8168763639912455e-06,8.414594590816939e-06,1.35671907049328e-05,3.7181358360883913e-06,0.00032971625232557,1.000117056908361e-06,0.0006975595438209634,0.00013431884410998988,0.0001411095785401151,0.00041577216257602097,3.075285550271353e-07,0.0,0.0006241174473028051,1.7120311661418243e-05,5.9176505711154096e-05,5.147499455558723e-05,4.503312169828626e-06,0.0007836676987629855,1.625947990347285e-05,8.676379732636241e-06,2.5090328002534352e-06,0.00012231429638156506,0.07914950661805478
0.056969091856778065,0.01215962785010172,0.0793292154473917,0.05744183142670526,0.05322223652078595,0.004947665870837207,0.014175324354820813,0.01951422218903329,0.007721054939973027,0.004456088217530331,0.007750961507178113,0.025947723856283855,0.006522814235994546,0.021058042167458685,0.0039051267289018795,0.029310561121113764,0.01349819811757104,0.008827653528075971,0.0015329692268805674,0.008714759106991979,0.0034600892189248157,0.0252039080389003,0.008254457832509169,0.0024375459199846923,0.0,0.003969371022771421,0.004498092897438766,0.00550250233224835,0.013308599372216236,0.009648153951396912,0.010428631705473312,0.012174786241222714,0.002808771736050412,2.958869421342887e-05,0.0051510969927964,0.0003830848145127762,0.025596689868086647,0.002741812819281617,0.006791517442288756,0.0008150771683242549,0.00020848947090660016,0.0021075071695498796,0.000715077145488572,0.003558737914337811,0.035235331843989345,0.001866031486136212,0.007322681585091289,0.000584245697793941,0.001685080669001191,0.0009754224464292437,0.0,8.395685470390549e-05,0.00270482418983037,0.0011161878884308274,0.007401194967593009,0.0009159460054388273,0.002352612108256367,0.0006037665744960006,0.0021535426042274554,0.001395566354501871,0.00023811478056746217,0.0016592820762644333,0.006527026187687352,0.011812324516340558,3.6607260385036493e-06,0.001883151828818535,0.003802760780204318,0.008542409013191277,0.014286762885337105,0.00023563174791147454,0.0013053785747970533,0.0013744264624619945,0.00436340325419272,0.0006078259033591585,0.015882882004790395,0.011423692235966296,0.0020335747830282735,5.96768211245144e-05,0.002617144528099538,0.0017996027248092224,0.0005894313375794831,0.0006298689170426535,0.0,0.001514537520131665,0.0010237582082780023,0.000776879196125121,0.0005470366579771397,0.002406275671535716,4.718876395934135e-05,0.00048799868607477833,0.00208594322410055,0.0005405755353223954,0.00011612932111358513,6.083835603678581e-05,0.0008783872183983397,0.004443669614666154,0.0008551182427083157,0.0019768753788320867,0.004364051778958018,3.93803319612102e-05,0.0003791284295097474,0.0010724964034517152,6.678254942437793e-05,0.00019187671082123784,0.0003727271559208722,0.001778255851625979,0.0006222302484288083,0.00017354432425760336,0.0013581813217804887,0.0013211207142835033,0.0005769071382961129,0.00134016240153584,6.0697264270672726e-05,0.00269070527560807,0.0,0.0007098516915711632,0.00029395123941263336,0.0013887929057985432,0.0003944225429156439,5.309018357954189e-05,0.00032321330362755966,9.684216131412245e-05,0.0007665073708191326,0.00037964262730346175,8.256070889755652e-05,1.9396994086690547e-05,1.6515067450478555e-06,0.000553970830809695,0.0007067039579418374,3.62560762147607e-06,0.002572202067411913,0.0015973303352381921,0.004407429528511946,0.00025221058636594175,0.00025860762817325647,0.0005892440602911232,0.0016480337231897955,0.0004220749464579591,0.013014328136621914,0.000112574379100203,0.008235491888610103,0.00017909272834419618,0.00016676618539042293,0.000488040935846395,0.0005785155077397314,0.0008278214409146724,9.935449003874066e-05,0.0005195006445893564,7.977497350315196e-05,0.003468484454679021,0.00044492538281560624,8.644558773497962e-08,0.0,0.00020115688463259623,0.0003394885058578044,0.0,2.4824373900042294e-05,0.0002374882089211114,8.131587468715529e-06,0.00023203994249971883,0.00011019470609517096,0.00029552680835209414,0.0,0.002236826001181271,9.70338310250533e-05,0.0022804648125091392,0.00010714958435305127,6.332541598620954e-05,0.00010745719867539258,0.0007292993225640559,0.001120692221566519,3.578758260485812e-05,7.338498782627004e-05,4.468359694019967e-05,0.1668762894249173
0.06287063533644148,0.03124662248551209,0.07977209799381454,0.024881482860668155,0.045281585905963165,0.0053734221252540685,0.023505302642974426,0.018878166565622363,0.008886276235368251,0.03330469713086249,0.014623917713928349,0.029971359984237812,0.008312820391273176,0.011640306650264788,0.0026718177785327885,0.04376224231201549,0.011300201579879734,0.008038378773439587,0.0022116394781573636,0.01542663944672042,0.0013602072158919495,0.02467579100365795,0.0029299087478977612,0.0032430987945830615,0.0,0.0031614846236289362,0.001288554334316375,0.0024627918943352766,0.009165224910701202,0.00602825443027839,0.010801461745670265,0.018558508352862674,0.0068115177382189335,0.00010129153252450036,0.0023619639911198922,0.001277557408399062,0.024924098309766565,0.01142175695941165,0.00772882956166005,0.0014964645494058928,0.000946541111469416,0.002249220642705078,0.0002647723498044858,0.003494295742489618,0.03313573852050663,0.00434475451595664,0.012495023022576868,0.0009962079327322671,0.002088495648520963,0.004778372989526634,0.0,7.647477959007339e-05,0.0029932787560172248,0.000531690457773073,0.009167453035526659,0.0009378457559398666,0.002481958988169906,0.0013737173988263374,0.00217425499341795,0.0023095813152482145,0.002320105578542342,0.0004995124750985873,0.002951301753672979,0.009870859845196067,0.0,0.0010938769682459855,0.0018771889536625301,0.007100795025791413,0.012898314178670557,0.0005971209816720901,0.0011024422634192852,0.0005324900649863706,0.0013739115625130264,0.0006873407923240453,0.013075640771894768,0.009673671552956288,0.00047763896598803724,0.0008566020611408009,0.0015942933765846314,0.0009817167734439479,0.0013906307573613825,0.0003469487832583098,0.0,0.00134494329041261,0.001060429875484368,0.0014854057733752152,0.0016254528666261555,0.003268892897771827,1.7768373317101028e-05,0.000303591058607988,0.0027124877389741115,0.000504775005305758,4.078106824467339e-05,0.0002860013947501278,0.0006218617992401369,0.007693849252846114,0.0005783049640742439,0.0008317815444131799,0.00850663858761255,2.7868230305927003e-05,5.0585828075726015e-05,0.0013424181523537153,3.3124812719901614e-05,0.0002578421138439772,0.0005495047729380716,0.0016581569991591864,0.0005378026246798649,0.0002328441727626959,0.0015302035414599155,0.0003732313611932124,9.946490028319243e-05,0.0020281627293805816,0.0002280247813255093,0.002919784806416832,0.0,0.0004097674986317271,0.00016251368577203758,0.002054677976427629,0.0003079545571121122,0.000581617307455895,0.0004375393706360744,0.0005629825418339609,0.00033695439535569305,1.2342693564966743e-05,7.809136619846658e-05,0.0,0.0,0.0003286991681081069,0.0003574948449822281,1.7610763030539637e-05,0.0023188915892219343,0.001061510605870401,0.0016317561805211094,0.0003017165863735187,0.00020625914989486944,0.00038329808915730563,0.001734461175538968,0.0004205678025017578,0.010874278799926819,5.119530605167523e-05,0.007347051232435862,7.918458488651982e-05,0.0003657880354173921,0.0004045009578100368,0.00042989400334929393,0.00020399836741817853,0.00022189930556570567,0.0006792370984588221,6.221901867965322e-05,0.00301180986793143,0.0003201348716466464,0.0,4.6763290540129675e-07,0.00024439231782071074,0.00031602881607031277,6.002743949689064e-06,3.130737447650046e-05,7.192772902650016e-05,0.0,0.00037694769417372787,7.711992456995543e-05,0.0001442667997667041,0.0,0.0019181924299936882,0.00027893219243352595,0.0017107682759787488,1.9717499599614386e-05,6.487294757479334e-05,0.00010274203265297948,0.0005730990684378742,0.0009734920268143262,0.00016092586300412681,2.705860073446978e-05,9.165746382930491e-05,0.1323997355119829
0.05006341383207696,0.0031129161446016448,0.013720492880168036,0.12253351352484534,0.05232492975497718,0.011861206464442959,0.008639741312959,0.0008398875106548601,0.004742263247509921,0.003483927210313173,0.007577973307642906,0.20074811275440346,0.007231617764722845,0.014664672974000705,0.005134880585467098,0.009480055015110725,0.0044310005125463145,0.015089147483649363,0.02135059593807814,0.002120793421110368,0.002177641177044078,0.00022891695187301806,0.0034683438307243552,0.0021709746133354384,0.0008125527360353509,0.006161201095960192,0.0014160056960492594,0.0033236523088217007,0.01242330769782008,0.00043975997967557565,0.008710286553465755,0.003606644289412082,0.05606770008858073,0.00047528743968021104,0.0020771938940386853,0.00023309985490192845,0.000724977162167313,0.0004428604306755709,0.010682316210850258,0.002503290886077069,7.8984044054909e-05,0.0033144586794487773,0.000573433123078941,0.00416419505356834,0.0012360498688542452,0.0026614573502060403,0.005209109550170602,0.001633427598114855,0.00022406424074248826,0.00044611708034012805,0.006863100395695503,0.00030055639975173735,0.0012076513374346337,0.003377391871241691,0.023756721271749028,0.0004633175240677318,0.03807321504019109,0.0008539746940826557,0.0019647528603702405,0.0015071701143456592,5.079660192025514e-05,0.002912584188233325,0.0019810959923604677,0.0022612814991524385,0.00012031133474475998,0.0008839874316183855,0.0021153295016223535,0.000965316396087643,0.008653514327423124,0.00011824077531316274,0.003896173754095821,0.00013021431837936042,0.003921488037229897,0.00017491796334548421,0.0007837762435708949,2.006050386680627e-05,0.00018093157358268784,2.530683445203891e-05,0.0018156852355244615,0.002682333632798051,0.001891737564213546,0.0006617919962332293,0.0002503198661138444,0.0058298635537713485,0.0019781336270091403,5.054486688823198e-05,0.0006796953477424268,0.00022569876230407138,0.0001007090533540248,0.000914503155910469,0.0012826738171674915,0.0005699860955275093,0.00016902576008905222,0.0019605955446557314,0.0011530436324882784,0.004716998077757503,0.0002052595391622255,0.000885053261606772,0.0018030600531340438,1.4690781095886165e-06,0.000259179380722397,0.00976030548217464,6.439451745549002e-05,0.0032308543041283905,0.001438429237908854,9.910933278790485e-05,0.0029369071481474378,0.00013109827917933144,0.009743504616511573,0.0003730943458283768,0.02572894602969676,0.0012988334917530028,0.0005769013697362191,0.0017468311589766265,6.571807284566077e-05,0.00027819529094451014,8.539704088770851e-05,0.0002163532600683106,0.0003210792242101313,6.559261034597641e-05,0.0007854803991907015,1.0505046221682521e-05,0.0011090554638937353,0.00041788765422522405,0.0,0.00030238019349373974,0.0,0.00024390307683970407,0.00019233485644690678,0.00047276548222423064,0.00020393483515720887,0.0003201511698822867,0.0,0.0001562482462533244,0.0007798720305028378,0.00011242607404207188,0.002121996278376137,8.713557424020047e-05,0.00029505665213911086,2.549914844127544e-07,1.5759105989312358e-05,0.0010537883310772194,5.360260802500444e-05,0.0027327470731192834,3.910337934563828e-05,0.009210508493977605,0.0009429805284306939,0.00046404443785022547,0.002351404622946639,0.0004629821679561217,0.0019091811651024905,0.0007713004132684119,8.306694847763884e-06,0.00018232362062914066,3.683908124496682e-05,0.0,0.00018899912596065372,0.00014398020328605315,0.0009520533147377656,5.811496752653535e-06,6.164703468974226e-05,0.0002778279227330739,0.0003094337264297716,0.0024788070487207657,0.0012956978696174756,0.0005684626235121212,0.0001034339944236688,4.2429293055863833e-05,1.5530809481453766e-05,0.00047556674997442693,0.0056230640382728386,1.8109465843080558e-06,1.9393643495662855e-05,4.147637259383359e-06,0.06693510714573993
0.050265869438392806,0.002239139960773987,0.04036818603318707,0.06276525965023338,0.06732280665128548,0.00487848490187679,0.008037517412898062,0.0006815380197789354,0.003391262062533258,0.0013401394586150023,0.011941292318581976,0.19140039519950894,0.01839797296745342,0.008435469330362065,0.031076966179625073,0.011840414264958138,0.013369663467061753,0.007193863921140742,0.011913878189052077,0.0010837961596632097,0.002261898824735402,0.0034475483518052468,0.0019528467160018223,0.001230027866179051,0.000629430466405896,0.005127336696115008,0.001473176977828912,0.0018466701453828903,0.00904663416107599,0.0011453468199141973,0.0074086705757958745,0.007624662650965856,0.05242325685353777,0.0003765339054310242,0.0018295038931730576,0.0012318662624759278,0.0013476321775499512,0.0004641649620204989,0.007934525228368051,0.009958929183332948,0.00010738556229044641,0.0021011193655942084,0.0012759967455260959,0.0023621035394534263,0.004101911806979034,0.003461837898774981,0.004850994935494692,0.0034642715124866964,0.0003031975125465496,0.000387308725056792,0.004874457514706567,0.00043221604629834924,0.0014004553864679714,0.002064783383450578,0.021558840762683957,0.004300462081732433,0.03213289861029937,0.0003106091921999178,0.0012425222205290113,0.003330824809873282,0.0019279209380425643,0.0014467819152171935,0.0018329389695271236,0.004421178638331457,0.0005202049364059611,0.001007626695335453,0.0016843788897925609,0.002911740792833339,0.005638826951035612,0.00014677537327211718,0.004485615852803269,2.081766869219949e-05,0.003606174566223974,2.311489508482951e-06,0.0056666394472590954,1.501330163644741e-05,0.002227637307675279,6.21627413459816e-05,0.0011693175147163997,0.001369376470938263,0.003615289780964689,0.001567925194495586,0.0003082263875219676,0.004441214484847688,0.002057152379108879,3.1717823882256385e-05,0.0021802310218171517,0.0002427083411241887,0.0001225284423989968,0.003920406707709373,0.003793338809829092,0.00047121964282224616,0.00022187390633614815,0.006076042537463442,0.0018511405512908433,0.00947901485260719,0.00011091431481966304,0.0014865100692976606,0.0019211835320518114,0.0007331816170356226,0.005684495192843348,0.010170883051580747,2.0880015837022892e-05,0.002277294000851806,0.0012953514350331743,1.8736101462759884e-05,0.003572035474481316,1.384176094246644e-05,0.01087784477413445,0.00032574895625173237,0.013686051667052586,0.0015385647104730628,0.0005369480808274725,0.001082086834792669,6.859139463921685e-05,0.00020829156818260913,0.0004000312942306422,0.0002444347973651155,0.0002914830173610123,0.00011787324351061871,0.002295033340341337,2.9553460349545987e-06,0.0004779489850472194,0.0019772668822881662,0.0,0.0019569975543005853,6.851059937406619e-06,0.00040787432885397136,4.249617819315155e-05,0.0006343178594744068,0.0016499207511511103,5.136309911510939e-05,9.059125072340155e-05,8.474879381414117e-05,0.0009216875259602512,0.0003023475351401842,0.0022054778243282033,5.345493261565924e-05,9.740316929634295e-05,4.940144296465029e-05,1.8786966068875395e-05,0.0008815895896552101,4.610302644236107e-05,0.0021683918039127554,0.00010730512386389077,0.004590069772339076,0.000676676535601402,0.0008111449625428579,0.0019717012008678104,0.00046439374364397426,0.0015857474799415225,0.0001811409198845739,2.728893680412686e-05,0.00018233813292605562,4.2058154980200354e-06,0.0,0.0003717995031496892,0.00021510716096603529,0.0005127473321920336,8.954396536608516e-05,0.0001794599954900218,9.024130359527044e-05,0.0002636034115747829,0.0011622252981403644,0.0012239417750663788,0.0001961882807027384,9.15782209715042e-05,1.9901501731213628e-05,3.972924769152395e-05,0.0005472304246383955,0.0063246462203589565,3.8505505569611256e-06,1.455207105964389e-05,8.586179016312331e-05,0.0635472659296195
0.08697748513547135,0.003553203695164175,0.018263680138843434,0.14814739636993982,0.051790798363264445,0.010547083728115181,0.007653734437405028,0.00013992721850796143,0.006910165821874412,0.004068316132846738,0.00719879994221068,0.17389854154583084,0.01329081053376654,0.015068529531721667,0.012345261178600927,0.006827666502494895,0.005906387907673727,0.013049661876225704,0.025088114835800587,0.0014581740089710646,0.0005304123332511569,3.7756318271634195e-05,0.001409362032454319,0.001683642881880396,6.857020897212906e-05,0.006508159736604503,0.002340943108144526,0.0018602458440665512,0.011799550608099448,0.00038057956572134344,0.006454880049727296,0.0006087220902695715,0.050290098228434624,0.0003509175956354397,0.0011547608479576515,5.816873016495248e-05,0.0005023496204523051,0.0004185947096883596,0.009570003945065662,0.004144385441353844,2.2914179767075362e-05,0.0023321909404882698,0.0006226705091132385,0.0017716039864208424,0.000732446932803793,0.0040110325529733384,0.00865660796343067,0.0021737091772158494,0.0008946499040388842,0.0005881189125224595,0.0063216377129749115,9.445099906697714e-05,0.0008881206785855707,0.0034922305457999827,0.017592610291582,0.000511322822587025,0.04267231285536858,0.0007037198445695773,0.0014767075342397786,0.0012302705870772031,5.431825583026072e-05,0.0015435343969854595,0.0013798303048790051,0.002133423054536174,3.761776199904631e-05,0.0006411423388458835,0.0017981388238587734,0.00048550636453994247,0.009299152251018,4.527185601442446e-05,0.004973204422594541,9.939645609539478e-06,0.004811403339639608,1.2265320351210608e-05,0.0007712273775369018,2.057274594828616e-05,0.0002311286475581155,2.725307033740927e-05,0.0011599385600571522,0.0019011692324657715,0.0020260510073536555,0.001397049524205088,0.00034416372837711104,0.0038407703530448363,0.0012562237798851334,8.214145936873508e-06,0.0005585391424904843,0.00027762718593281,3.7658142821306625e-05,0.0008007441249559725,0.0010719245545214985,0.0004675601858850414,0.0002456099844147704,0.0011046641092399996,0.0011796263777359615,0.004944959333187912,1.039356816714428e-05,0.000655198461345023,0.0013688081543908556,4.962339771035838e-06,8.10022913519964e-05,0.008268048334541452,1.0859551949161898e-05,0.004205102107134233,0.0012862864249362407,1.0595621904920298e-05,0.0034973927128350195,2.3727646099079933e-05,0.008848283902047694,0.0002454400272408902,0.011112487618405806,0.0011295290549927916,0.0005713115311228395,0.0018580989215460145,1.4814543602222568e-05,0.0001986568073483386,9.048448193504849e-05,0.0001711116777778114,0.0001822935647883585,5.725528891959605e-05,0.0006248200786628819,0.0002461633557506122,0.0007095168161908974,0.0005087628836953218,0.0,0.00030478249089240764,0.0,0.0005734931287770538,2.324280846372309e-06,0.00033914370928859143,0.00013134916621026358,3.705998047379659e-05,4.481355540183615e-06,1.9706839098101254e-05,0.0008232240741996358,2.996963074176918e-05,0.0017197422041442313,2.4440087526982616e-06,0.00016975591054247305,1.9852648896203835e-07,2.7163756394954996e-05,0.0010197910178355533,8.810898625474927e-06,0.0031536993603632425,2.4321420068497615e-05,0.008119509264646054,0.0006215706143265565,0.0002930927924356814,0.001310191113449568,0.000521198864055275,0.001330409311288773,8.370416685080208e-05,2.790469374879029e-06,0.00026222715132965673,0.0,0.0,3.3596029843553974e-05,0.00021304027834002855,0.0006086667573497963,5.524717805252946e-06,1.678128148378171e-05,2.620624350112933e-05,0.0003077825700686059,0.001222578719246236,0.001209210010063851,0.0002037620762455937,8.78253225774037e-05,2.2761814265525235e-06,1.0017814266687704e-05,0.0004980200063153762,0.008280358691674273,6.317961411215565e-07,1.6429443992536003e-05,6.320753224093024e-07,0.06028650152667599
0.07472528155722524,0.0066043028488792024,0.0322268533127418,0.11451226558438089,0.045949227116572636,0.0077540519904742075,0.0079577649329785,0.003617044448969707,0.018542505295056706,0.009437837982185693,0.007470693032293085,0.12099817709587522,0.02778398733415651,0.01167991353743829,0.014650700731785463,0.007529304985526165,0.01433294347967606,0.011908033829287184,0.025482904747671897,0.014628886957623486,0.0008277054879345665,0.0010786062712424267,0.003504142990860082,0.003576948192368563,0.003245303130636974,0.004536765856089547,0.0038888649946938647,0.0033564166626265323,0.010225714907674122,0.0009464383703516854,0.006423276755013724,0.0029363565874575147,0.03442100334728937,0.0012898713421498238,0.0010453754966097979,0.0010909628892759801,0.0006378972633852311,0.001782309951131469,0.007543070364921988,0.004773986633548833,0.005324270855125049,0.0018421544033813682,0.002410557279865928,0.0021022364593370805,0.0007786366723562788,0.005151281642098215,0.00392605332611616,0.0016521145237806476,0.004868573419918292,0.0017184589393741667,0.00416468009139166,0.002842765829938971,0.0011595430616037092,0.009587880252585333,0.014146592823512489,0.0014768772053293734,0.03949905656325378,0.0007065097313611537,0.002814669888596007,0.0006976642616400125,0.00011247319241691592,0.0035763179142243346,0.0013799378061685919,0.0013570257871540344,0.0007790830957927105,0.0007470848595153172,0.00173807998250605,0.0003966313423049063,0.008758409826541337,0.00377094293070808,0.0044618706404655276,0.0014551168813497807,0.0037483685161485876,0.0011280973707714322,0.0007280815354105523,0.00021491332792131516,0.0004548435146458291,0.00200957842267066,0.0013160077622539562,0.0026388910025125292,0.002811967123355427,0.0009524265944238074,0.00018694802902951554,0.0033732576552418046,0.001486644405581535,0.0008089519867439133,0.0006280514752029099,0.0003254296203018686,0.0016038369108695833,0.0010552917423306853,0.0014203410911784726,0.0006788507564403807,0.0005045868319543677,0.0008294090691005869,0.0011209006480410568,0.0032848502939951426,0.0013920903100957355,0.0011848276976684686,0.0015895445882291744,0.00014433827859085724,0.0018459605007068974,0.006533143988236014,0.003990609904490099,0.002913535245139989,0.0009239706263228773,0.0006038756166923541,0.0025301063780792748,0.002036333452941091,0.0071705131032155376,0.0005662271984993292,0.010224193857259815,0.0007848735139297929,0.00038711209256779615,0.0014081846257306939,4.392430159837786e-05,0.000562716773804615,0.0004692528330507152,0.00011524451985681754,0.0001819340117257806,0.00047395008469834784,0.0008933873250476513,0.00024442852706694015,0.0032613882067352973,0.0004930415608858374,0.0,0.0006541911396692553,0.0,0.0007815970923837913,5.667451286866626e-06,0.001826472731070943,0.00033777475497899766,0.0008267095660177022,0.00013957651797391474,0.0002000419699773157,0.0006659177409291338,0.0004838048746189533,0.001518102260597824,0.0001089165836397652,0.0001003594065464015,1.2942200563202338e-05,2.156058218074092e-05,0.0008613462724459288,0.00028819858439915443,0.0022889337983944508,0.00019253095954641563,0.007581469723641441,0.0005586609916390619,0.00034332071585825547,0.0015922480203360248,0.0004437667621408641,0.0015880798233533005,6.277805595130065e-05,0.0001196559911587277,0.00016661735008392667,0.0,0.0007089046329959397,0.0009820379133996025,0.00014317281736384542,0.0005564608983170995,3.7297284088763004e-05,0.0002876374824454525,0.00015885885152374906,0.00018165210571395997,0.0011305302146821206,0.0009020964668368255,0.0003041754273278063,9.713574229111399e-05,0.00014832729311396628,5.802949928912494e-05,0.0006185867605509128,0.0058339787692362356,0.00028272061236076396,1.5117002461293287e-05,5.798968668472551e-05,0.06711756402316749
0.03697397195064677,0.03979570524276348,0.14529574653673444,0.07676712845121818,0.05625053449135039,8.292117025117164e-05,0.008177562509006519,0.047925417288303955,0.32280852415554545,0.0019250624702632268,0.0026864731593826425,0.0,0.0035250358618198374,0.01984973873107464,0.0007518543822109516,0.0026541435820063857,0.004776712056448927,0.005175272853212392,0.006806342810789506,0.002988502848070602,4.303841348918703e-05,0.0021902710500981437,0.014004609855377255,0.00040170087372465806,0.0,0.0035772424307936447,0.0,0.0077911244585692685,0.021525462043009355,0.0,0.0004977708195969811,0.00010192646269303426,0.001302746879212473,0.0011785480861521388,0.0019194832326863529,0.0001046340694773211,0.0,0.000375098630208124,0.0007963063245962633,0.00046300368087954483,1.2839465922802395e-06,0.0005524983358548561,0.0003478585426682663,0.0003275895096956047,0.0,0.0027080080741730696,0.0006884184405659928,2.4554946955790497e-05,0.0,0.0020590890840957595,0.0,0.0010054809712371194,0.0015996019437646471,0.004607413115395494,3.578816323644259e-05,0.0,1.9435053725156254e-05,0.0007876018258550258,0.0013510819006672752,2.5658612720539993e-05,0.0013506075923236693,0.003298634751490914,0.0,0.001560971321528555,2.639729212193556e-05,0.00035044817356455775,0.0012139722131920415,6.125563409798711e-07,7.724341669900258e-05,0.0006202321041865333,0.0005873842821280394,0.0043187736249077615,0.0006159071324938625,0.0,0.0,0.0,6.282734672802912e-06,0.00010606444515206562,0.006085059760035372,0.00048332260956821785,2.1049010892292085e-05,0.0008958614766316741,0.0,0.0005273040995385881,0.00037624510422309206,0.00018438046106741265,2.476221331631691e-05,0.0004976322806042176,0.0,1.6470695056814828e-06,6.091133366957454e-05,0.0009146654145657893,3.6595285808720364e-05,2.0954152892719576e-05,0.0009599696250832854,0.0,5.393358625914521e-05,0.00012744108998517882,1.2032515802879066e-05,0.0,7.059623941844449e-05,0.0,0.0,0.00202382907061037,1.2089345826137479e-06,0.0012109385645656455,0.0,0.0,0.0,0.0021317212181064206,0.00022498848603845343,0.0001876494919393922,0.0012640470104103474,0.0006746126251863966,0.0,0.0007070505385750836,0.00016325606405613504,4.0512024264026045e-07,0.0,6.921434511818707e-07,0.0002332475914501234,2.8791529504214113e-06,0.0025391788167993317,0.0,0.002606502345588817,2.4480110942815928e-05,0.0,0.0003342699492264771,4.367000745450342e-06,0.0,7.706700305354289e-05,0.0,0.0007232029390253828,0.0,1.2614459759203928e-07,0.0,6.675703270622952e-07,4.927787912252863e-06,4.624935268396036e-05,0.0,9.7903851158745e-05,0.00047453908211937836,1.5893604092577772e-06,0.0,0.0,0.0001312451082805605,0.00019751112964618304,0.0,0.0001668497879928036,9.676982120980347e-06,0.0003154740762445842,0.00013309548171821505,0.0,0.0,0.0,0.0,0.0,5.694825305990631e-06,0.0,0.00016533393674403898,1.0246024224070404e-06,0.0,0.0,5.434807595789674e-05,0.00596451742647697,0.0,0.0011087882690206396,0.0,0.0,0.0004223262245058473,1.3446652999237116e-05,2.838636111087772e-05,0.0033418268007771182,1.3386124464667065e-06,0.08905864302093615
0.07125147634272491,0.1786758766600622,0.09099457137268836,0.032710163242048944,0.03744262435278175,0.004975239371876784,0.03987693468026082,0.011084245064130294,0.010809765320602774,0.038559015714205495,0.00033837542490886013,0.009141368083299503,0.00815464812004311,0.016629926160868457,0.050932219057193355,0.03505961908412871,0.0029295920009903826,0.028174069110552296,0.009523507367729521,0.007395628660293954,0.006145554669788795,0.0013381773080684265,0.007228533812985987,0.0009392815475662319,0.009212919995012388,0.016551841481328256,0.0005938608147725976,0.00485898661115945,0.002929528880002717,0.014695407196432407,0.003687698084256935,0.0011593755936143485,9.619659341308725e-05,0.00146070922042462,0.0013481690844349007,0.006032616509127495,0.003173456297171911,0.001014411315336134,0.007141285419110937,0.0010752994092387762,7.056556613361752e-06,0.009093161849688577,0.0018141481531066526,0.02296898662928411,0.0019663311747276776,0.004838817750425569,0.0007061849500810774,0.0017591167512892093,0.0015710672698886264,0.008877762546786096,0.0,0.0004346035731634975,0.0,0.00045742799859478965,0.0015921421719757778,0.0048555075168758835,0.00022618394424950774,0.0013617782016444807,0.00040392620360282946,0.0014987512550162878,0.0015769503902238913,0.0013301354725349752,0.0003854559256440657,0.001718851342389379,0.0002165273547359978,0.08893683340815414,0.0,0.0051805010480122544,0.00027744542443095644,0.0005416953819077476,0.00446311445470733,0.006595316990178588,0.0023874887813087643,0.00029869251244076704,0.00015091645093605772,3.1638688321076277e-07,0.0007409728723735881,0.002704345606733963,0.00036727709773282097,0.00034056267611687384,0.0048379438072704275,0.000173848031463168,0.0,0.0,0.0016722251978183414,0.00033451071345771966,0.00021038385189233523,0.0006950424705263877,0.0014240831603571542,7.932968638251023e-06,9.400190917562346e-05,0.0014455862520063132,0.0,0.001698842975315168,0.0002657119773676249,0.0011220054513089207,0.004729384614028334,0.00017377259179584157,0.000103913322808173,0.0005304722832703,0.0,0.00040049988652989953,4.0846706795215835e-05,0.000330067736745707,0.0014997470799259051,0.0018337590319169627,0.00018323945173091764,0.00014187648109484764,5.335226357471082e-05,0.0003366525572613612,4.935004398715838e-05,1.2215872353484504e-05,0.00025697098457401154,0.0006251700663937414,0.0,0.0016296568870219782,0.00026711039011884785,1.3600506468699836e-05,0.004135597929104853,1.5437574520126983e-05,0.0001303995986856375,8.074151541108187e-05,0.0001510752236041727,5.590033857718743e-06,0.0,3.340333884831942e-05,0.0,0.0009125744517537103,0.000813340147053333,3.599278458215097e-05,0.0012499706484718008,0.001896806317773547,7.097941201997798e-06,0.00010612782474301991,3.678813527987196e-05,0.0,2.7563084953633748e-05,0.001709405864057489,0.0,0.0,0.0,0.0007004318571198629,0.0,0.00017342018513768505,8.38490356385559e-06,4.215358968169125e-06,0.0004667843028485139,0.0,0.0,9.232564741410852e-05,5.7895746517769964e-05,0.0,0.0,4.0851367586939e-05,0.0,3.0491343380131947e-06,0.0,0.0,1.0366348160877944e-05,0.0,0.0,0.0002622506032077792,0.0,0.0,0.0,4.242083154683779e-05,0.0,0.0,0.0,0.0,0.0,0.0,0.0,5.774927830142169e-06,0.0016016097377672244
0.280735464711806,0.031470469147642316,0.05689266061954271,0.07640870949350599,0.0062705678005054305,0.0010485223504208717,0.0895200107858051,0.023838046746167914,0.079769851836864,0.017216364999185198,0.015228782642550271,0.0005824995542838475,0.023478868506942967,0.007915239712196452,0.00242563061522031,0.005348794708121374,0.013392854027188402,0.01246489094880566,0.005013318866446368,0.004398484941114922,0.0043045899056818,0.0020475255429833494,0.005398644938066758,0.0160765995324596,6.495820434977782e-06,0.0040002316921599786,0.0010397685590799064,0.01471025043342256,0.006074483097192211,0.0006147947131277322,0.014145372098520828,0.001485005924989498,0.0032562305978141425,0.0015124038766860738,0.001826680319119704,0.007022022284248689,0.0004357540542036438,0.015244389772632488,0.0022361766734701133,1.2805930552977398e-05,0.0008459036255191943,0.0008410800027276163,0.0004458599539588418,0.012302989627377803,0.00022428068876844718,0.0058279408576905655,0.001331852517644856,0.00201858724724511,0.0008648802007248952,0.003475337782897104,0.0,0.0011154717254287805,0.0004386994475757301,0.002914093937345722,0.001401908845591043,9.941046005457056e-05,0.0017953089558283618,0.001116463973571377,0.0051838102211647355,0.0013464592379987279,0.0005458956319888827,0.002420289196318091,0.00035289551668895143,0.0016288242831417484,3.759305689958075e-05,0.0,6.242231589615722e-05,0.00021417712120231424,0.003077234838360485,0.0005216603780329587,0.005697100100605225,0.0018188631263787523,0.0013769198888301777,0.000340322319229298,0.0005628419594226488,0.0001683623507748771,0.00128081358783728,0.0023502705807131197,0.0038528189898005064,0.0003736279988472834,0.00333484442854065,0.0014101871492664263,0.0,2.388466490847891e-05,0.000672132646997089,0.007139446432114225,0.0011953112085437503,0.0013753656217187662,0.0005914958555818634,0.0001743097350617098,0.0009285570100698032,0.0004452431507285115,0.00017013621169791336,3.4500736088296465e-06,0.0033279018874541625,6.0384681141164464e-05,0.0002662372293864055,0.0007818830387962246,0.0014525743321414494,0.0,0.0005497418621956693,5.802051072560777e-05,0.00012361119189687822,0.00251342058994178,0.0004991038199763707,0.0010089143738334994,1.902878060592727e-05,0.002480720814798703,0.0003037282309339834,0.0016031713016809593,0.0010046463915430503,0.0019847558494608,0.0020031303334997934,0.0012770156578102007,0.0,0.0014969738600225436,0.0007190164981097836,0.0003177760013446179,0.001914638254735493,0.0005040977241210139,0.000510687235856162,0.004427929163080701,0.0004193088116171944,0.0,2.8366105637398252e-05,4.114908165428643e-06,0.00023099007071710918,0.00026716245921894606,0.0008448427640710885,6.113584417573359e-06,0.0,0.0,0.0012117731761025136,0.00029390750834788374,0.0001400675902484787,0.0004703527428991589,0.00022370568629894702,0.0008845901975960179,0.0,0.0009451268007127926,0.0,0.0006667022404314237,0.0002860031543239762,9.899412367395646e-05,0.00040015160305181157,0.0009030411452107222,0.0006849689180550682,0.00014073555534584002,0.00030700957387396426,0.0,0.00024497220843308274,0.0,8.742924473823414e-07,0.0009816800311789233,0.0,6.685141833001254e-05,0.00019443544134174144,0.00021820848510355063,0.0002506942945279825,0.0025799090005032,0.0,0.0004420789312962546,0.0,3.631160838360192e-05,0.0011341729113765724,0.00025374884102584406,0.0001758578188294083,0.0001315283571898614,4.736822353927566e-05,0.0002651636124662657,0.0,0.0025804816872987226,0.00015226743463538534,0.0005316786789716386,0.006436682867928102
0.02471160678022582,0.011586580937885615,0.02026308865563496,0.11299704065617738,0.010761372320661097,0.0004582423764464378,0.0225647246315986,0.06262468709157187,0.4091629115720955,0.0033414909678554225,0.008237693709234889,0.0009040650635334503,0.017901040926266584,0.005677564864110951,0.0019404897677807512,0.005204290357235919,0.010255820856478278,0.017400074194838185,0.005243041631023979,0.003923929893289729,0.0031167876962264343,0.006514529125260524,0.006965892248217855,0.003000486269587598,2.91742582328095e-05,0.003547123015927523,0.00330993533388109,0.007449224552176248,0.01968819973912149,0.0012739295763713526,0.005126465278542151,0.0013464565224683225,0.0028726256917473328,0.006513461491793837,0.004600636422571053,0.0027440863980743367,0.001563653217575718,0.0043551429390949435,0.0017410064022730523,0.0,0.0008809745562030682,0.00012106083864110853,0.002328998329125098,0.0026190120122759203,1.009102740415549e-05,0.002271978044110627,0.0006879071019286877,0.0010908889779719015,0.0012514681691111087,0.0006447466753696981,0.0,0.0009777564783160757,0.0013657656208454956,0.0019693191334970994,4.382037407009916e-06,5.913633608989053e-05,0.00062593056738785,0.00025888607155619603,0.002889925330943131,0.01611566762122468,0.0005623049019332238,0.0035562882820818036,0.00052843667880744,0.00116904993410664,0.0,1.2378125084518324e-05,0.0002453845401997858,0.0003880429701927213,0.012954834485798174,0.0014342478237415154,0.0015049405600885944,0.003901005735839309,0.0011741433925883883,0.0009467767218786162,3.1554470481423267e-05,0.0006120749063903243,0.0012225369043991248,0.000586070516733422,0.015046551328179673,0.0007617862216632913,0.0021309589694275895,0.00023202129383360147,0.0,4.300861669667081e-05,0.0012935463826218617,0.0020872395127358085,0.0005019208887671604,0.0011309029019613461,0.0003912810293528494,0.0003887822324604751,0.0024421674170398105,0.000466090463038068,1.158870097899338e-05,0.0,0.00034121985264544223,1.2969566403192186e-05,0.0015402937918271682,0.0007683969182480013,0.007029597130548929,0.0,0.00014108773388232047,1.9389459869079947e-05,4.636930700192257e-05,0.0006724219284977025,0.00036370936233717457,0.0006552109378656317,1.894242531116038e-05,0.0007943277013601472,0.0009055436134924809,0.0015470986537142728,0.002347540242153852,0.0021081254158462934,0.0014057081008694505,0.0032190915052108145,0.0,0.000758563916378393,0.002377693384908915,0.0005324757009604104,0.002009797146332021,0.00039485096623180125,0.0003973254404950367,0.0013969795088937106,0.0007752554454055625,2.630749485740977e-07,0.0004407425488561639,1.626305052832791e-05,0.0003456448671331671,0.0003779707136524491,0.0017510599211707659,0.0,0.0,0.0,0.0011211000900559517,9.951709276044372e-05,0.0003714372893094791,0.0010172571428381056,0.0005685206881461438,0.0005510280564287045,0.0,0.002230064074891223,0.0,4.99392139783258e-05,0.000494279533839691,0.00017185878865402606,0.0010888232202662601,0.0002915580193201301,0.0005064144709417922,3.929258001204139e-05,0.00035011851225289306,0.0,7.205447413718843e-05,0.0,2.128465087242207e-07,0.0014816137189634095,0.0,0.00010920549119647223,0.0003099225540723423,0.000940465676817179,4.251493872812983e-05,0.0012370173044025294,0.0,0.00017713554585716798,0.0,2.8716781338766677e-05,0.0004516142113302996,0.0011099616913703857,0.00041283446548505095,0.00011164923130278262,0.00021210386916575038,0.0005340226420973102,0.0,0.0005142162231634492,0.0003787284944854007,0.00019442869519023696,0.012368057766111626
0.05590697700124352,0.04897333490454378,0.10717307896509382,0.04489186324899062,0.027589624288697902,0.00022837415497550071,0.015321286130754007,0.03218005738062605,0.029298973042561106,0.0843238925871735,0.04135010105654174,0.00025048557433932246,0.014650990049177734,0.027492078644180303,0.00042242231049338837,0.037946343605739535,0.020012231696909705,0.007329649025891758,0.0014495336345840466,0.06597936230047517,0.013464202864164809,0.005130435554540224,0.006393183471147831,0.01051432903555549,2.792208314758067e-05,0.0013633851834252714,0.00014344696678561877,0.00937529553514613,0.025718344105951866,0.0018695178110356538,0.04416903711324011,0.005522990686902278,0.0191105084280176,0.00032094070453286675,0.002897081673870904,9.966831216511016e-05,0.0007492256802137927,0.01604993953868149,0.007601276147897011,0.0,0.00014458752757734276,0.04045379930762905,0.0002667422050653463,0.0033123233454391042,2.6043586618332245e-06,0.001886659473232508,0.003980128205448041,0.001136428466595723,0.01754501747692892,0.010393755981805038,0.0,0.00015671473963242333,0.0007818968138936124,0.011007272793767415,9.797410348782175e-05,3.188663795659122e-05,3.495954446758667e-05,0.0005971326801197694,0.0010885331833923764,0.006997592886154276,0.0011074751236578963,0.000167857781029696,0.00039698818728801477,0.00020419725732012483,0.0,0.0,0.00010479082355289803,1.39198261029986e-06,9.642302624288651e-05,0.00487432831974214,0.0005400474449224684,0.00040768106799520356,0.0001973258206084233,0.00012540974315984377,0.0,1.7756627910904235e-05,0.000680131390501761,0.004643413750971924,0.002102952452137116,0.000620713000176169,0.0002673758934112649,0.007202339525416221,0.0,6.585146968741783e-05,7.204002225443467e-05,0.003064895811778722,0.00013510030030155256,0.001458964574327933,0.0025182115434386225,0.00011610470909112124,0.00022335961683005073,0.0007235402594614757,6.913508768070975e-05,9.448034489243558e-06,0.0003926778605027033,0.00011682073066980414,0.0001112401080366593,0.0006271992103403723,0.00019205010208405625,0.0,0.00021155506316268677,5.201806153490388e-05,3.042037679360487e-05,0.00029435054439621065,5.682701027719813e-05,4.207952720121487e-05,4.944268185977262e-05,0.01551612718351549,0.0004222486595141975,0.00012698511626362455,0.00022005023886551546,0.00013478739203645108,0.0003676233265905054,0.0009909042104319483,0.0,0.00016334154677467792,0.004601655562796986,7.452934982652267e-05,0.0001925215877850223,0.00025398264517398393,5.173365205825414e-05,0.00033684687211248305,0.0007944004165079702,0.0,0.0,7.856391167528996e-05,0.0001496251045793627,3.529961268689587e-05,9.180402642844491e-06,5.877645277802076e-06,6.286728836698192e-05,0.0,0.0005084770599637495,0.00013831934407946506,6.4348672836946e-05,7.3148708517392635e-06,0.00035860387825079884,5.7734566460165714e-05,0.0,7.360134392688227e-08,0.0,0.00023246522263759492,4.264940414321101e-05,8.543680333484879e-06,1.9976647879650095e-05,0.00013928151137006608,5.3290778188845977e-05,8.473551517025678e-05,1.4017914749944233e-05,0.0,0.000307613933119146,0.0,0.0,5.038900944186856e-06,0.0,4.7831369045527634e-05,0.0,2.4767483163314606e-07,0.0,0.0004304565120384103,0.0,0.0009032050587949815,0.0,5.990916008251346e-06,6.0778174995745406e-05,2.2046691940333832e-05,6.859429059551515e-05,1.1159453448236504e-05,1.4665263449829297e-05,0.00019980479888035167,0.0,8.167342466191756e-05,1.3126314260112461e-05,5.062370535153608e-05,0.0038588269683670325
0.05561384157984534,0.039998991680781686,0.05063988899277008,0.03165784996127476,0.042309478938697326,0.0007753452765723852,0.017557106901509332,0.019261144835137717,0.008903819001750017,0.1055439725581402,0.03712656215895464,0.0030906708272044566,0.019882299069362692,0.014995147518455864,0.016681684718762045,0.03609860169210592,0.009636577610005996,0.008788422964619328,0.0042769173161369195,0.05592792358095531,0.014928866498174896,0.0036945133864089924,0.0016775809505770948,0.010660682308877959,2.6363866118346858e-05,0.0027648620235812783,0.0017886613336634662,0.005372729800158167,0.025605590276932124,0.00406686998637675,0.04814225406554582,0.00437159218864674,0.015991554956441667,0.00034230229347142463,0.0034672250789882534,0.002535639334533335,0.002592684574787752,0.0016367439023967606,0.0049464568753633895,0.018301232639531064,0.0004449481027990738,0.049722760321297445,0.0038653890818686303,0.002914260188170419,0.0007142803120023961,0.007259950463030166,0.002135171827586595,0.010372100573311538,0.0183606520550713,0.007616682852560639,0.0,0.00020201207358092442,0.0009755045230343427,0.0019282165030707302,0.00281407820138346,0.00036293832788882393,0.000309252128497091,0.0013713729542140802,0.0016793307280614182,0.01400124419278325,0.002332743158389355,0.0007733498182976546,0.00221426836418545,0.002519487424540546,0.0009201402615032264,0.00024012263464398025,0.00037049928915570306,0.00017105143942882221,0.001561540646979229,0.005706881557520397,0.001496849018480165,5.243367952519404e-07,0.010925370306410123,3.414004171250615e-05,0.0003592147644882577,1.961845146152415e-05,0.0012036374712421007,0.0009059520586490858,0.0016339376966473566,0.000954320968642129,0.001264661545861559,0.0019793847890767634,0.0,2.5526354309812876e-05,0.0003466713715794437,0.0006724381200745139,0.0005909450740348474,0.0016928549195496445,0.0022248347502640048,0.0009457792280651255,0.003976212005356254,0.00031508738294622516,0.0008437881455548195,0.0004940842123651621,0.0014200082111060063,0.0002681560913130056,0.0005009433299603359,0.0008109128152239442,0.007346453204089809,0.000251817864355483,0.0002814603221644445,0.0003411794588478241,4.3699862038924736e-05,0.0009613302183251046,0.00015323184272959592,6.0774913002838e-05,0.0018067092110948088,0.017510609457592276,0.0009662118643904757,0.002767119974749084,0.00159588496277128,0.0004180474673219758,0.0003129741499211626,0.0004805243015103811,3.600702126238046e-05,0.0009567070384594495,0.001211193599657619,0.000262060924963686,0.00022149753825139866,0.003997973489757581,0.0003282550708600479,0.0011634187592857153,0.0004311334522560788,0.00022145783544471598,0.0,0.0005513076711314614,2.5991942487755363e-05,0.00025248682848256544,0.0001663345886313469,0.0012054456650146608,0.0001806976333983429,0.0,0.0019491182564727026,3.582287634862935e-05,5.839373517765163e-05,5.493331763175147e-05,0.0005516239881052486,0.00028777335778791026,0.0,0.001069691114692224,2.677675321225744e-05,0.0002044921318722792,9.128165172735291e-05,0.00028450892337152924,9.55893731215654e-05,0.0001884068014381601,6.919935191482432e-05,0.00011658732480840728,4.9155690720860465e-05,0.0,0.00029438374378156894,0.0,0.0,3.8520559399908045e-05,0.0,0.00019504333769273727,1.2999315379859727e-05,0.0004964380354207798,0.0002443444616733252,0.00023494823117104331,0.0002251426743905416,0.00015014627632224848,0.0,3.962593773834272e-05,0.00027480122929372867,4.552541768936267e-05,0.00010764562254458369,8.502365910326692e-06,1.5128866130676088e-05,0.0004172317644925058,0.0,0.0003384179082999897,1.5989956671944473e-06,0.00017467052914996834,0.013594794955553848
0.021467578339786356,0.013684796264240193,0.016468270246068683,0.005985172685540045,0.020279879931373337,0.000553196767441665,0.00435032997107324,0.0007080919036845829,0.0024626221944430444,0.002103229496576507,0.003934905171617553,0.36206258797178265,0.014642604886382058,0.0003820877595538762,0.0767628425932007,0.002899235780748638,0.008097796998754736,0.06949036936672516,7.445476558993894e-05,0.0029051722798092935,0.00052474133696496,0.0002288381947561484,0.00017300385253624686,0.00011971333304285643,0.0002972316944221891,0.0016476632311471407,7.06026209315078e-05,0.0003733583581667939,0.000562290623273203,0.0003517957060148619,0.0004128204878782616,0.0006391328713080236,2.087217445885187e-05,0.00021517563851119282,0.003026348596411327,0.00018647370913641023,0.00022675371029389277,0.00015037615123610401,0.04487035355480298,0.012993658171666596,6.271932957402402e-06,0.004876403210726307,8.45747505830815e-05,0.0003890467093734842,0.0003974572190383419,0.00016987590794373243,0.0008094767152050971,0.007515541374977973,6.184017606743929e-05,0.000218400931757435,0.0,1.3157798160743336e-05,0.06904444843187017,0.00013408615373169058,0.01942663855590768,0.006938794103100443,0.00908849457254966,9.620455683879421e-05,0.0003912495800651058,0.008063003491389402,0.0025268273162282772,7.660161064532177e-06,0.004250078365245326,0.00014081474396071216,4.718660084756544e-05,8.016843279171482e-05,0.059956091349282585,6.140581872396349e-05,0.002175008752306422,4.7614891564448925e-05,0.0010529134738133236,0.003080921266713052,0.0037049987108436523,0.0001673290793158929,0.0004184336126077378,2.442338259372532e-06,0.006141501175557912,2.3282340357556007e-05,5.73227254076364e-06,3.330442142432199e-05,0.0003205589280087759,0.00017579781988456185,0.008113658441770984,0.0353854519373542,3.406261289671932e-05,1.3395871315471439e-07,4.462676109409484e-06,4.3824943994547833e-05,3.471556168607877e-05,0.0012815382382776088,3.805249877736201e-05,5.590172023850357e-06,0.012439409246404463,2.2430466767936836e-05,5.132892787115768e-05,2.5415493274466066e-05,4.630942721527506e-05,8.888957431064418e-05,0.00013799947400382253,4.679646231748826e-06,0.00034851805192433844,0.0011425858775111297,3.1285631653422937e-06,0.00011551589738149487,9.304032610193109e-05,4.9532438443833986e-05,7.00336764953305e-05,0.0,9.978872002186665e-05,0.00015035567067444086,0.008349592064304126,5.696306524388912e-05,2.3304342360292584e-05,1.5646938371908635e-05,0.0,0.0014143239944008792,9.667764181570462e-05,4.814031133983527e-05,0.0,6.138954378645981e-06,3.9429585534861155e-05,3.932144667302773e-05,1.6735498401818428e-05,5.523006578484782e-05,0.0,1.8750023783786357e-05,0.0003084473243563186,0.00019142134330713825,8.6796406058487e-05,3.7840442825189805e-06,0.0,0.0,3.827650897470271e-05,2.1490280372154796e-05,0.0004109486826696235,0.00043617066681576693,4.0297476252632075e-05,2.6947984243298603e-05,0.0,7.768646951899163e-05,0.0,1.2047406089946377e-05,0.0018143289952592884,1.577686644487518e-05,0.0010229648106307324,1.2154256793475758e-05,3.558918547686259e-05,1.5159805068790528e-05,1.076160878431594e-06,0.0,6.937397749450766e-05,8.679047431113139e-05,9.1871029532227e-06,0.00047495077770435173,0.0005264108910571545,5.81227182119227e-06,0.0,2.5241463350658678e-05,1.4646069102618574e-05,4.714745373978946e-08,0.0003934371288422326,6.489336723734322e-06,0.0,5.969898031661387e-07,1.1656447307398329e-05,2.8706250529990605e-06,0.0038355706978269372,0.0006552918146178277,0.00045797453610558624,0.009288196572492517,0.0,5.022152461368237e-05,0.0004997959074119409,5.904989514911328e-05,0.0003928497885751053
0.05307138605190476,0.01206385936857656,0.016559314164511566,0.010115941879678486,0.01793982566493406,0.00017371160347855546,0.007150558561724968,0.010358001286753684,0.016796784912290284,0.001752212578123206,0.014660436967340904,0.289534109429382,0.03272727988845638,0.0010701861737001282,0.06415800405725107,0.0037010799858921244,0.012258279386944593,0.06026887660659822,0.00018657146217760856,0.002279921829025057,0.004661144212462417,0.00016220370662430018,0.0005311404105500594,0.005148126985830814,0.00037715160305328786,0.0016698231081458633,0.0024545949897874946,0.003642857781904914,0.004615013758962824,0.0020415555498236536,0.0027469772711650586,0.00687290685950276,0.000171289320610105,0.00017755725439029532,0.0065834895520271546,0.0004181230719528803,0.00042671015729545234,0.010933404509745117,0.03493260488813773,0.010020222058503173,2.40897518294245e-05,0.005940355865440076,0.00012654151110072498,0.0010179509776209955,0.0006025038955688608,0.0012375988979990932,0.0016581080772926382,0.006887438782909404,0.0005373088358161303,0.0010301350056103153,0.0,0.00010483245585938529,0.05902904528884383,0.0006578919114325823,0.012565792899392548,0.006470219019093658,0.007625324402554782,0.0006135469754042374,0.0011815543115598602,0.005941242214522094,0.001886230236855068,4.497727977296538e-05,0.003398275478805134,0.000407007948690152,7.04593325127785e-05,3.096377857304759e-05,0.05072841668110614,0.00010451374415949723,0.0018853875708645961,0.00014117030936432388,0.0018634987305233158,0.0020980192911295823,0.0024297052714007646,0.00020951725736456582,0.000412806395004269,7.989640027866691e-06,0.003952918767176348,0.00012777619496252994,0.0005874627678085303,5.127002937787545e-05,0.00035710020090827754,0.0015177578106275972,0.006602054394868443,0.030301551973019644,7.667525388440769e-05,0.0004278827781239665,2.0557353156524623e-05,0.0013945566526777254,0.00017778736253186545,0.0010764225011578742,6.61705131767139e-05,1.3130056917132084e-05,0.008445115634016873,2.724594985821857e-05,0.00015528635980907257,0.0005639273971607096,0.0002650757693032445,0.00034592224863388407,0.0005627751767505057,5.726740723133599e-05,0.000497873289496237,0.001237967206027205,1.3520151955787898e-06,0.00028644689363875565,9.618941754022513e-05,4.876634467203728e-05,0.000255923951839106,1.0425942777987494e-06,0.0005085195701705123,0.00012226959798965055,0.006491529255879676,7.926290680541163e-05,1.6444042945435115e-05,0.0002981605126724928,0.0,0.0010611175047209073,0.0001934504412315935,0.0013194217485484414,9.961694744990639e-05,3.0721159613125674e-05,9.65843575306324e-05,0.00024016809824222387,1.0720199132255562e-05,0.00012014377884761156,1.4332543795145489e-05,4.591622069170938e-05,0.0002489024348583635,0.000149095506205731,7.402835866404214e-05,7.631097280181478e-05,2.2076221910027155e-05,0.0,0.000328930938818502,4.158385453903059e-05,0.0003607219278556227,0.00044380773117492627,0.0004329461242017586,3.489077849675715e-05,0.0,0.00038700712386319035,0.0,3.779517801565205e-05,0.0012586028042260936,2.0842332060259194e-05,0.004409770488841827,2.0476246028618795e-05,2.0960271922273753e-05,0.0003296973484011245,0.00030308368688431754,1.2958692262707343e-05,9.10931253019679e-05,7.501337444615852e-05,2.0248494954706435e-05,0.00038766027120481567,0.0004971614349363067,9.92209179254096e-06,2.076340664827678e-06,2.328654748373905e-05,0.00019698963343593883,5.5707209415470955e-06,0.0012095823857509378,6.530807167689106e-05,0.0,2.0639232589006117e-06,4.275332701805728e-05,1.6776370398478817e-06,0.0032350960552752044,0.0005964617954089494,0.00037102438653835733,0.007895606766142505,0.0,9.043116057431216e-05,0.0007796716591546369,8.058239279203957e-05,0.0005749392948569315
0.03818331401107079,0.01284534430146154,0.007559076978691676,0.009377886462120892,0.007406161746617683,0.00014183563288312567,0.013337346471749173,0.006207627230278468,0.08629052086390869,0.0026508497869500414,0.05717083110776867,0.14581344879638786,0.02460136112079636,0.0008362338575678813,0.01592190417660944,0.0027625541613400845,0.006363282346086113,0.03318893343060559,9.167559688751642e-05,0.0013137129128898395,0.0034178281662156263,7.037002297648525e-05,0.0006960309711359727,0.003943123913860283,0.00022052814198488031,0.0010482062688350609,0.0014033156197040403,0.0018909238761629953,0.0022908039869506407,0.013789169796655941,0.0017214987909470196,0.0037732802733150277,9.217759808952915e-05,0.0002668886775285811,0.0029727750150622444,0.00028205096727051656,0.02686998718082625,0.005162232269723738,0.0166292027206462,0.003184413965224098,1.319222765004481e-05,0.0031587578909906293,2.801509910899717e-05,0.0012728360229074438,3.0563292768449524e-05,0.0004163245105498463,0.002607263493029544,0.0025284445605271056,0.0002217102957452164,0.0007131047222549046,0.0,6.269010239600682e-05,0.030744680507386397,0.0005724414974878436,0.003954304195587392,0.0010770124450847536,0.003197814692500662,0.0003495564543714174,0.0006504830151549726,0.0016314727620516418,0.0006877482754055925,1.6185350257757133e-05,0.004599129824932201,0.0003335666524632459,6.335119924959862e-05,0.03312732366587242,0.026462752283293176,0.010211471089902476,0.0008552854698151311,7.838821150080225e-05,0.0015960490427549354,0.001343235239076482,0.0008893858775908931,0.00047895100621830547,3.0305876212292513e-05,0.026683388218049126,0.0010386719000440776,9.223108165026339e-05,0.0018939567675935005,1.2714071227589274e-05,0.00013517616957634546,0.0011636225867483953,0.00413763182433357,0.01576471093519204,4.412205926940356e-05,0.0005582641161618183,1.3661908840891236e-05,0.0008072286153290067,9.548088309289967e-05,0.0005690156749537395,4.044111150848288e-05,1.3829136646055693e-05,0.0036906443285466056,4.777691000580273e-06,0.0008119324371637336,0.00030583082149720494,0.0032799599243447785,0.0008083206966945545,0.0003290835909926462,0.0002512039430771746,0.00028437756681415897,0.0006998273825898747,2.643685582758886e-06,0.0003078738529030802,2.534413542454241e-05,2.7486372922041836e-05,0.00018199662726761643,3.6071679551389404e-06,0.000279200522126502,0.00021503265768973466,0.0033754982844412446,2.0599300370027242e-05,0.0001659802959167359,0.0001956912910914609,0.0,0.0017848844143068293,0.00011966261614345149,0.00068044196424007,5.322642290524433e-05,1.3992513185911878e-05,3.053907724391373e-05,0.000134684138178669,3.191472627648269e-05,0.00011088793381559921,1.0032518471845257e-05,0.0001210503259478601,0.00013290419699082303,0.0008186877113117548,0.00020844166816991815,4.738220928390783e-05,0.013075550229690404,0.007830244656957093,0.00019075234106881895,2.456985065063017e-05,0.00021558076476122268,0.0002894538289433978,0.0002485843131921445,0.0008137527787516012,0.004326497447604436,0.00022339605101504196,0.007525407127088524,2.631201661661957e-05,0.0007261127559597009,2.979322745362772e-06,0.00248566939947788,9.946941557565316e-05,6.994639031940982e-06,0.00017999552510432551,0.00015578287503878785,0.012666333893998826,1.2908197448294947e-05,4.008046516209962e-05,1.3429859642159241e-05,0.0002437579836706042,0.000697625964884028,5.301482000540211e-06,7.0661084487002e-05,1.2497071932712466e-05,0.00012637646798637511,2.965610518423711e-06,0.0007171020122987967,3.7067833272640513e-05,0.0,0.002338453473973339,7.235823168214001e-06,0.0010085821835682056,0.0016386920216935864,0.0004613038684066844,0.00021270481451918805,0.00375668329407156,0.0033828689426322884,4.3899720964779015e-05,0.00040435643018664464,7.136890438271531e-05,0.16515833911486982
0.04149414761265196,0.03023959265846423,0.01556742486783547,0.03005822206145333,0.04030108428668041,0.0012490718183545565,0.03174474436932713,0.0,0.001382380529384125,0.0,0.15836913530029892,0.0019790346076019386,0.1397541685119998,0.05555738865805063,0.000699998412016116,0.03901112569230656,0.09681703255243414,0.01010096860410304,0.0,0.004936636234099589,0.02513899389960684,0.0,0.0030905642229035954,0.0008859751864780289,0.0,0.008862448007665502,0.0,0.009875853922815732,0.006063207443899536,0.0,0.003555105283598117,0.002330357859505079,0.0,0.0,0.04013774775009702,0.007319951638550181,0.0,0.001131725442483006,0.004135107722848495,0.0,0.0,0.0035551052835981166,0.0,0.02034660846769377,0.0,0.0017975904436015292,0.0018935397429741564,0.00020507148581939546,0.0,0.0,0.0,0.0,0.0,0.0,0.0,0.0,0.0031665093600737612,0.009424535305584687,0.0005581204577390611,0.0036715729506448824,0.0001687029804610665,0.0006471318380019571,0.0,0.025764563332119017,0.0,0.0,0.0,0.0,2.0600000466139178e-05,0.0,0.0002997202351198453,0.0053898098655805644,0.003961023858697214,0.031773167767256257,0.0,0.0,0.0019794621686547863,0.0,0.0,0.0,0.0,0.0,0.0,0.0,0.0,0.0,0.0,0.0018121230533310626,0.0,0.003755648374776719,4.2399998897863674e-05,0.0,0.0,0.0,0.0,0.0,0.0,0.0061216055865040446,0.0,0.0,0.005648581026452808,0.0,0.0,0.0,0.0,0.0,0.0,0.0,1.5799999290572144e-05,0.0,0.00126385013470599,0.0,0.0,0.0015179475208992091,0.0,0.0027159137980599995,0.0,4.780000091886852e-05,0.0,0.0,0.0,0.0,0.0,0.0,0.0,0.0,0.0,0.0,0.025947894303354768,0.0,0.0,0.0,0.0,0.00026646605806163095,0.0,0.0,0.0,0.009649291718825124,0.0,0.012008523389142179,0.0,0.0,0.0,0.0,0.0,0.0,0.0,0.0,0.0010848720928171105,0.0,0.0,0.0,0.0,0.0,0.0,0.0,0.0,0.0,0.0,0.0,0.0,0.0007493005777134453,0.0,0.0,0.0,0.0,0.0,0.0,0.0,0.0,0.0,0.0,0.0,0.0,0.000939951664649392
0.04271517055067712,0.03784603238745897,0.08869024755816228,0.01904241776827306,0.018610964329818718,0.00021547725226681228,0.009996232818812009,0.050633225710595094,0.008096013054632359,0.03500676154351562,0.01847093666974322,0.0017256937641179416,0.011606637540927792,0.018448218142848975,8.293114498988086e-05,0.0458244581194078,0.011160057560816563,0.012067851663605413,0.00316620467025434,0.025806174102488567,0.02400649734637762,0.049850270076225146,0.00043056498608056245,0.01458865139775894,0.0,0.006006918469419909,0.0011138775197852477,0.007446670584824411,0.008645956265488941,0.020749475641068608,0.011628435097232843,0.009875257873674943,0.016757614722242263,4.813450582558086e-06,0.0007900404808986101,2.7118516288007616e-05,0.01694744711367755,0.010824832510096407,0.005467786006509775,0.0,0.0011417490332664398,0.0,0.0004933132269823478,0.006543873831012084,0.020090225325245632,0.004506903413984107,0.0044850157004312375,0.00019237063315871621,0.010642198534951988,0.008013302164123654,0.0,0.001905135563755597,0.015487548793592916,0.0032980540363035716,5.318809632069634e-06,0.0,0.00013880246257267398,0.00012793039642704029,0.003773088263931312,5.897957542615304e-05,0.0013427200722812168,0.00037246430976534546,0.02273862650205078,0.0023842333929196546,0.0,0.0,0.014850646055037796,0.0,0.00033081159010997323,0.00734759081834956,0.0007231071920590009,0.004387145305941665,0.0009187546678547695,0.0001035791336976005,0.012339313093983246,0.007331649538122651,0.00034077035066484417,0.004718453175628929,0.009275175510276618,0.0007735929275476117,0.00024013704068909957,0.0009518663622195479,0.0,0.010357698029115518,0.00016587618025080188,0.005720276849742179,0.0006269804571500993,0.003386895660694385,0.006041038584636462,0.0004389107474136659,4.6818386676828704e-05,0.0015317420226838643,0.010658060400162471,1.2070966185231629e-05,0.0007341201260004865,0.00045549602421125307,1.7903803499651337e-05,0.005910984941823594,0.00012010841423833569,0.0,7.493812139039107e-07,8.640571844510829e-05,0.004026888572217877,0.000993179789676725,6.998984807397844e-05,0.00507671008091505,0.0,0.009560192581969924,0.00026161787947163003,0.00017326135698725407,0.0001557188387753335,0.002614858198685942,0.0009319653211817189,0.00020486007146424006,0.0,0.00012287692333071444,0.0006558092132544748,0.005146001160506611,0.005283151969198507,0.001056348774139741,0.002552801860180302,0.0004979634299075909,0.0011932133170431322,0.0,0.0,0.0,0.008629090354529398,0.003112005718701245,4.51161483674538e-06,0.0,0.0,0.0,0.010125751084325802,0.0028220071016098643,0.00413694381002273,0.0044932234231969195,0.0015505721921000627,4.136755635110805e-05,0.0,0.0003036771294207627,0.0,0.0,0.003173364263241942,4.4488960273845546e-05,0.002348902562792649,0.0003358887560559648,0.0010937868992808373,6.949811855782812e-07,1.2729721161649696e-05,0.0,3.109440460783796e-05,0.0,0.0,0.0036759174641126757,5.257470125110704e-06,4.371881143461201e-06,0.0,0.003300038269293854,0.0,0.0034435952453563254,2.646330834447887e-07,0.0007616693091286675,0.0,0.0005016029466198995,0.000520401794361084,0.001594279659445567,0.002615669864347598,0.0019092714323624496,0.0020577430551923493,0.0024790673441826977,0.0,0.0004010796162212847,0.0,0.0010249760750171385,0.00980676630954439
0.04271517055067712,0.03784603238745897,0.08869024755816228,0.01904241776827306,0.018610964329818718,0.00021547725226681228,0.009996232818812009,0.050633225710595094,0.008096013054632359,0.03500676154351562,0.01847093666974322,0.0017256937641179416,0.011606637540927792,0.018448218142848975,8.293114498988086e-05,0.0458244581194078,0.011160057560816563,0.012067851663605413,0.00316620467025434,0.025806174102488567,0.02400649734637762,0.049850270076225146,0.00043056498608056245,0.01458865139775894,0.0,0.006006918469419909,0.0011138775197852477,0.007446670584824411,0.008645956265488941,0.020749475641068608,0.011628435097232843,0.009875257873674943,0.016757614722242263,4.813450582558086e-06,0.0007900404808986101,2.7118516288007616e-05,0.01694744711367755,0.010824832510096407,0.005467786006509775,0.0,0.0011417490332664398,0.0,0.0004933132269823478,0.006543873831012084,0.020090225325245632,0.004506903413984107,0.0044850157004312375,0.00019237063315871621,0.010642198534951988,0.008013302164123654,0.0,0.001905135563755597,0.015487548793592916,0.0032980540363035716,5.318809632069634e-06,0.0,0.00013880246257267398,0.00012793039642704029,0.003773088263931312,5.897957542615304e-05,0.0013427200722812168,0.00037246430976534546,0.02273862650205078,0.0023842333929196546,0.0,0.0,0.014850646055037796,0.0,0.00033081159010997323,0.00734759081834956,0.0007231071920590009,0.004387145305941665,0.0009187546678547695,0.0001035791336976005,0.012339313093983246,0.007331649538122651,0.00034077035066484417,0.004718453175628929,0.009275175510276618,0.0007735929275476117,0.00024013704068909957,0.0009518663622195479,0.0,0.010357698029115518,0.00016587618025080188,0.005720276849742179,0.0006269804571500993,0.003386895660694385,0.006041038584636462,0.0004389107474136659,4.6818386676828704e-05,0.0015317420226838643,0.010658060400162471,1.2070966185231629e-05,0.0007341201260004865,0.00045549602421125307,1.7903803499651337e-05,0.005910984941823594,0.00012010841423833569,0.0,7.493812139039107e-07,8.640571844510829e-05,0.004026888572217877,0.000993179789676725,6.998984807397844e-05,0.00507671008091505,0.0,0.009560192581969924,0.00026161787947163003,0.00017326135698725407,0.0001557188387753335,0.002614858198685942,0.0009319653211817189,0.00020486007146424006,0.0,0.00012287692333071444,0.0006558092132544748,0.005146001160506611,0.005283151969198507,0.001056348774139741,0.002552801860180302,0.0004979634299075909,0.0011932133170431322,0.0,0.0,0.0,0.008629090354529398,0.003112005718701245,4.51161483674538e-06,0.0,0.0,0.0,0.010125751084325802,0.0028220071016098643,0.00413694381002273,0.0044932234231969195,0.0015505721921000627,4.136755635110805e-05,0.0,0.0003036771294207627,0.0,0.0,0.003173364263241942,4.4488960273845546e-05,0.002348902562792649,0.0003358887560559648,0.0010937868992808373,6.949811855782812e-07,1.2729721161649696e-05,0.0,3.109440460783796e-05,0.0,0.0,0.0036759174641126757,5.257470125110704e-06,4.371881143461201e-06,0.0,0.003300038269293854,0.0,0.0034435952453563254,2.646330834447887e-07,0.0007616693091286675,0.0,0.0005016029466198995,0.000520401794361084,0.001594279659445567,0.002615669864347598,0.0019092714323624496,0.0020577430551923493,0.0024790673441826977,0.0,0.0004010796162212847,0.0,0.0010249760750171385,0.00980676630954439
0.045536786283948076,0.027290124620416422,0.07269919318572993,0.01982125012086964,0.017986242562925435,0.00013736341042041705,0.009823038084840318,0.05259251712790682,0.008086122112542452,0.021743586654584913,0.017366138954061847,0.00015713429297063806,0.012123853927960927,0.022542852881943846,0.00012405292876088573,0.0570021266616504,0.010144852147115179,0.0098594034057654,0.0035328559547133658,0.028544003036834676,0.01904355264287976,0.047003456766817914,0.00013851971505908405,0.012271181990326344,0.0,0.006169506665545693,0.0035065911260317214,0.005625833860508097,0.007426524830963328,0.02332967863060885,0.00965909973318938,0.01045764598379286,0.017335645155878907,0.0,0.0015469278449946906,0.0,0.025724445719001832,0.01052204601176205,0.004694619840318098,0.0,9.228561375062195e-05,0.0,0.0019276903401686271,0.005584160831611441,0.02301080182930815,0.005471406076393431,0.003664696162815547,0.0003083840563593596,0.009629630727632826,0.010186819537920038,0.0,0.004451962300403186,0.012646993375025823,0.002738664205918979,0.0,0.0,2.115196858888269e-05,0.0005290882829794958,0.004217500056785427,5.169351042020783e-06,6.499306908047839e-05,0.0001774466337580033,0.03301640825331511,0.0031796912685456012,0.0,0.0,0.010744037390454004,0.0,1.6019907992324063e-05,0.0037694797010626954,0.0004988002627610233,0.0042845194917110405,0.0011153041219853482,0.0,0.013697289873423916,0.008651127385742243,2.8198569902371148e-05,0.002259185608763752,0.018055229762597987,0.0004973967750527864,1.4914999984179112e-05,0.0009903703953399597,0.0,0.0056105123713825825,0.0005803224413671717,0.006309613108067006,2.2419206656978714e-05,0.003720268943389556,0.003453636627477758,1.4591151405290369e-05,7.2519675881066964e-06,0.0004922060353259328,0.009646225884698448,3.5449771229080555e-06,0.0004994494860798629,4.884547832236317e-07,0.00012084987963129689,0.008372760574148838,1.3408009694798805e-05,0.0,5.169351042020783e-05,6.862569228069212e-06,0.003918866972364418,0.0011792740912265679,2.620852731134535e-06,0.006642883787253801,0.0,0.00887797184530926,0.0006888138521609947,0.0001389460047533373,1.0454654646706608e-05,0.00296108551219435,0.0014569089295031678,5.775904125866971e-05,0.0,1.882298575282086e-05,0.0006302641773665631,0.006950971885973567,0.005880605940262094,0.0004359737672409666,0.002092853452559863,0.00022202948294650863,0.0022152435915174335,0.0,0.0,0.0,0.009842554278798047,0.0033764930998940296,4.411079046652396e-06,0.0,0.0,0.0,0.01195934463880342,0.004170869527032767,0.005810398608867002,0.0068040227370998844,0.0021653378526179175,1.4406390382052108e-05,0.0,0.0,0.0,0.0,0.00397869265278834,0.00012430110272596223,0.004088088649684967,6.0931328710865856e-05,0.0007221637113800459,0.0,0.0,0.0,2.0112028149978405e-06,0.0,0.0,0.004310684684480403,5.140313866865139e-06,0.0,0.0,0.005192190438616999,0.0,0.0028234862111093926,2.587360605180584e-07,0.0007459778831499963,0.0,0.0003675125627721708,0.0001312714478122789,0.00226556276749736,0.0009279228488687009,0.0017042634061684855,0.0031301344100263732,0.0029716222910495206,0.0,2.849886243836021e-05,0.0,0.001980988687413048,0.009866408500715441
0.0062151783425195796,0.033915481093086834,0.021923893036981057,0.014243295041641442,0.03876210098659181,0.010617868128198735,0.01319632313310537,0.00021797964690401788,0.007601065366125186,0.005156121258999965,0.009802978787915787,0.00893495436079556,0.012313909659003912,0.03509742012004076,0.04912334048417907,0.008207828594868249,0.012731418799163905,0.0073394234289352695,0.007847552906199649,0.00019854603109559422,0.028544540593131256,0.03246826290406229,0.02317050443234778,0.005451269768242492,0.00010342619964456634,0.010531317452171096,0.02297533952985051,0.008589118756870956,0.006772098426870812,0.019319387968617895,0.010385278527624902,0.03542455989576172,9.838151304003246e-05,0.0001595722375652484,0.024387554911669947,0.017340953920977578,0.018656933950047253,0.0004865113795141517,0.0009899646798283686,0.008813205136919806,0.0,0.0015397507828634456,0.018242858969759225,0.007962623426354641,0.03452648013690233,0.00487478860212411,0.008199947121807221,0.004368718742829092,0.0033743663750197034,0.000307744031921008,0.0,1.0461544019857273e-05,0.0038795005392176967,0.007765522095320044,0.010884778384285025,0.012895805952623966,0.0037236338346676597,3.46929278826761e-05,9.431332237115567e-05,0.010674092723292752,0.022987507701530647,0.00743882650413905,8.800844287107125e-05,0.0050526951955607744,0.00016510983569442803,0.004844020824035739,3.782348282900689e-05,0.020763396458339006,0.000353778664810182,0.0,0.002055826913225116,9.558658622569832e-05,0.002943432493315797,1.3444793045109559e-05,0.01767728241044603,4.716018552861776e-05,0.01843794923883985,6.767106485916808e-05,0.0,0.00764141735927534,0.013150662841009469,0.00849338339295767,0.0,2.1280806090084507e-06,0.005618089231947157,0.00017195726169173358,0.005170127869965547,0.005209873774202525,3.328454136347282e-07,0.01896586833735486,0.0007926966677341377,4.5487989598948875e-06,4.018801736701829e-05,0.0063718740532744825,0.006137517365635789,0.005193586600086184,1.4565296074363946e-05,0.0030313545102420773,6.776442255976646e-05,0.014724102931171218,0.021507926434622845,0.007399668071511381,3.70270171541183e-06,0.0,0.0030706134796026855,4.205561787247655e-06,0.006607651196302505,1.057530463294073e-06,0.003778316334380637,0.00016592352992800177,0.0011404994876994014,0.002142518507837545,0.0,7.726347762680898e-05,0.0,1.8982754940553108e-05,0.002970321807606375,3.9525393945865224e-07,0.0001038477685946256,0.00026476690551858746,0.005093231667861243,9.369239425333259e-05,0.0,0.009748049837539506,0.0,0.010913705845793245,4.708722801084574e-06,0.0002981761876178775,4.293034232459172e-05,0.00031229982246332654,0.0,0.0,0.0,1.0285878070849108e-05,9.706511436560684e-05,0.0,0.002834279161535663,6.817346586787531e-05,0.0,1.290342853389586e-06,0.0,2.0156928352760982e-05,0.0,0.0038783162241835182,1.680559022027133e-05,1.7044823893198326e-06,1.6949153530894752e-06,0.0,1.662580519761137e-05,0.0,0.0007656922537323665,0.0,2.0029240680227588e-07,1.2252765852445984e-05,0.0,1.3729872809953288e-06,0.0,2.843339180958038e-05,3.032391198433645e-05,3.990321983041273e-05,0.0,1.4700513628163249e-05,0.0,3.267223603734969e-06,0.0,2.0162687942202974e-05,7.99206345308333e-06,0.0,0.0,0.0,0.0,3.662699976161766e-05,0.0,0.00010230158176966414,0.000879415216623829
0.0075080160276787145,0.03898851920001002,0.02108711596424384,0.0174640185374425,0.01750794255422149,0.007359107595783459,0.013475172417889944,0.00022982700545464685,0.008947889106782968,0.005385696069355038,0.008021015939731837,0.009749057947096212,0.009766893983926862,0.03948114323013355,0.05511704473019606,0.004593860462294181,0.005401960379631516,0.008702278441500958,0.009615234687707567,0.0002899955875192101,0.029865738333450027,0.03627979599011238,0.025492584834310845,0.0034655504717146673,9.909824931565211e-05,0.012447120319497981,0.02372001605092762,0.011196025649601433,0.009289665308890869,0.021554190968267547,0.0031774691384964587,0.04130603524033236,0.0,3.611112164784019e-06,0.026458320699752264,0.018977264980681717,0.02140761913849939,0.00024360153620006523,0.0015559549625713221,0.011493453114600146,2.1391703913782557e-05,0.00021084540422529604,0.0005003995623579409,0.008876841348636812,0.033211920434576415,0.005736114294259499,0.00969378470582482,0.005556653637820374,0.00402131288118983,0.0001999872429289006,0.0,5.1935103188224e-05,0.0002462543688108777,0.008774044770792123,0.014215813967278043,0.01409528728433061,0.004160232176011429,0.00013369577068321725,0.0013829296815720115,0.01347708753272194,0.026189577112210528,0.009445611471734942,0.0,0.004684672154919575,0.0,0.00557993926212172,1.955858353044308e-06,0.027010534924913537,0.011983845416981864,1.0924505668607858e-05,0.0024492745646741278,9.763896350555731e-05,0.003020657880992412,3.1558208913195125e-05,0.024847217550479025,7.47572547883373e-06,0.023649606754622472,0.0,1.3851291451535833e-05,0.008571882262989243,0.010689995774347314,0.010415977786965028,0.0,1.3967493137433832e-06,0.00011112556680879328,2.467910974144775e-06,0.0056984050504720034,0.006037790095499895,0.0,0.024912619672191633,0.0001175539919266173,8.985972344003956e-07,3.0424465300357836e-07,0.0059556300492305085,0.0065663084302630395,0.005508696032804718,0.00013104827239753935,0.00028410018009711525,0.00017318956676135432,0.01632756605795722,0.0008237556225319553,0.007406826201978268,0.0,0.00015332189375401667,0.003485058687212836,1.040845719080038e-05,0.00790493481658434,0.0,0.00039607346014211776,9.637150133062281e-05,0.0013885507426665321,0.002599562885035517,7.231997033798181e-05,0.00023837022562863292,0.0,7.433492557547759e-05,0.0003507854295607041,1.6583153695314e-05,0.0,1.6547252282132467e-05,0.0002985419305283029,0.00014636540784835082,6.0027144420357226e-06,0.011215761302129975,0.0,0.0009008510660622187,3.35221684323334e-07,9.19987988396663e-05,2.8670296330115792e-05,0.0007589614589160257,0.0,0.0,1.989089690976521e-05,2.10837480819442e-07,4.504029292101483e-05,9.109310774652153e-05,0.0032563122194201903,0.0005117919503057892,0.0,2.0362253257048134e-05,0.0,2.1959156259195657e-05,0.0,0.004388550434035986,9.851111493764105e-05,9.117838993409214e-05,5.363405073800774e-05,2.23059494430516e-06,7.069988015401371e-06,2.1491820419112284e-06,0.00015183759937299656,0.0,0.0,2.514325092262982e-06,0.0,0.0,0.0,4.5757673223764885e-05,4.599376756146502e-06,5.0700861171779444e-08,0.0,8.778350197707856e-06,0.0,1.269371327182003e-06,2.0033041208338228e-05,2.9926537815096393e-05,0.0,0.0,0.0,1.0165697358323626e-07,0.0,0.00010650507334816517,1.1090939600314338e-05,1.0032825531347783e-05,0.0006934888584373173
0.00646963124384027,0.03322238381503027,0.015244531120359785,0.015325795993507836,0.02478874283701696,0.008993779358806929,0.01200042497477692,0.0002783929651289232,0.008038982595782599,0.004787197479905167,0.009688717670428401,0.008273894339488738,0.011584713650289858,0.03579983949586128,0.023494516559757393,0.007845155898561962,0.012325999781128843,0.007495190426889916,0.00819572682725741,0.00010820936827126765,0.03309316442318007,0.03517400311770179,0.024013400138438692,0.003592701943015613,7.651215145790687e-05,0.010556957368578096,0.02313346057662782,0.009240074153657815,0.00755770720364593,0.02216488136197897,0.0050387348370373,0.040827689806994256,4.863289394252213e-05,2.8873148717366312e-05,0.03086718604836431,0.016961672006315463,0.02296955709024349,0.00013417212858359316,0.0007545522923417902,0.007514465922294401,0.0,0.0014459367056975385,0.009553983981051223,0.008160089570793715,0.03712433646201084,0.004821014244029641,0.008691847784382596,0.004366014190921065,0.002675410919084581,0.0002859410574319258,0.0,0.0,0.004205195943925816,0.008659963162336463,0.00836907610595486,0.010518602331664226,0.003799094157106368,9.417488060334954e-06,0.0002249113055486684,0.011306575140289387,0.026531629648777904,0.009093751603767889,0.00026900383693044815,0.005952642657967086,0.0007070849938804887,0.004991519736664927,2.389407956398756e-05,0.02522385875126813,0.0013423058329031165,2.1626780847999523e-05,0.0020961009308618195,8.697112233990927e-05,0.003643233048687543,0.0,0.023170053667246032,4.9024183599620516e-05,0.023912319662268852,3.39672484623029e-06,1.0603808072294857e-05,0.008359230390614867,0.00858232965171967,0.008543557073980974,0.0,1.6086106007448173e-06,0.002810863808504219,5.678211193326978e-05,0.0056190027193950805,0.005515993571348921,0.0,0.02551111480129173,0.0011345644064211036,3.849248282948399e-06,0.00024122221202551233,0.006628375671058919,0.005994044253900833,0.005715462081614868,9.654229208379832e-05,0.0031111910723557487,0.0005124868483982611,0.01703161227271361,0.025338688985124595,0.008239610219923428,2.217410620117813e-05,3.69566885514613e-05,0.0023248532415577694,1.2476665803917318e-05,0.00735380545289756,0.0,0.0026824653751276214,0.00011226812260474248,0.0013523457880928239,0.002352556343477437,5.0594184806168e-06,7.077059312952203e-05,0.0,4.960251482173337e-05,0.0020581593625627523,3.2944876030693487e-06,1.2691953873417996e-05,3.34123728451463e-05,0.005879157572279615,7.749533144435566e-06,4.198014484795141e-06,0.011559807066340227,0.0,0.011742535653012994,9.023763266751867e-06,0.0001576487267501131,0.00011150985629018912,4.3084661782692925e-05,7.5925458647424e-05,2.7599350250963972e-05,0.0,6.958436138841138e-06,4.930854130368079e-05,3.281620398088001e-05,0.0032037990803819075,0.00014514445097726182,1.5414949806993216e-06,2.497563399148013e-06,0.0,4.644134078354994e-05,0.0,0.00344137278005548,0.00011752452198639,6.2562527494973e-06,1.3633828705249754e-05,0.0,2.7872719858011965e-06,2.252268951584277e-05,0.0031392843095968902,0.0,1.9583295993608236e-07,8.258650804573458e-06,1.2141777231603382e-05,0.0,0.0,9.42012843895762e-05,4.328424683286139e-05,1.0279815722168339e-06,9.423539402081938e-06,1.9921799700870383e-06,0.0,0.00011576703000634805,0.0,2.4586620246732777e-05,1.4416495912235124e-06,0.0,5.28677799297325e-06,4.242312505752326e-07,9.059424503625088e-06,1.53117691714558e-05,0.0,9.865761363994939e-05,0.0031211295407276097
0.005046999855108034,0.038999384744599554,0.0322386596423033,0.018188605926571594,0.026083261953541437,0.033387080576161875,0.011626107176335344,0.0034038343725836533,0.0091063385693392,0.009835913664651749,0.0065497660183731505,0.016764730111912544,0.007725580389892553,0.030280012179475208,0.02181735523182755,0.0028963268088705945,0.004685442337788488,0.0074815947735703174,0.006527764542660047,0.00839520017659298,0.027288025111420595,0.027546754169077422,0.017162916186196635,0.0022151719946824563,0.0003311788619164857,0.01015553336713824,0.016807048203649772,0.008084467590012434,0.006578362012729295,0.01761734528301657,0.0032682329164527295,0.03346802090624626,3.4429689675439214e-05,0.015083086817650446,0.025190162141099374,0.01538337266261642,0.018837595976124312,0.00031106439462174273,0.001076021949000668,0.007507923629987795,0.00042901317234250285,0.001561268222663052,0.010261227875308166,0.006820309756452661,0.03060409758608585,0.007129978525734882,0.012239495966450744,0.005858155444244215,0.0037107737564149447,0.002049471853818306,0.0,0.00289759610892401,0.003512891980938006,0.007232326847157945,0.007618686990032899,0.007363445898608616,0.00335335016509847,0.0007534177026417687,0.002561469767152899,0.009127950724671428,0.021322875826060732,0.0062604183675631,0.00020546542897513392,0.0062346463919510965,0.0038648902863103853,0.005056390638739787,3.7786116375778724e-06,0.021344714563197503,0.003722973240585566,0.00030444367002856204,0.0018715030810918993,0.0014145612675558182,0.005494144963479689,3.654953651725425e-05,0.019803819110517436,4.464433424988995e-05,0.019813827062051828,0.0002898234679019965,0.0001654265230457745,0.006378872716447237,0.00515889363823463,0.0072830638020214755,0.0,1.1617182100669014e-06,0.0028439120871386705,4.5267652862818274e-06,0.0057696677030196295,0.004636441319071105,0.00020419705519676435,0.020786701564118847,0.004216263290230594,0.00043526624664232583,0.002189380021974557,0.0037350630432860534,0.005664718078108806,0.004619779521464152,0.0005780423806322024,0.00312162357695371,0.004727821242245916,0.013867967229520077,0.02172329578278431,0.006471063830890637,0.00016032789032270517,0.0005737421647094709,0.0014138152539156278,0.000529602315286407,0.0057331595590502625,7.098952182868631e-05,0.003909535613209804,0.00023885550270895834,0.0011625819491430781,0.0020267451486957154,3.4168450039089744e-05,0.0003998546285909946,0.0,0.0006590534190470609,0.002711835734329431,3.89336884171672e-06,0.0,6.286888017586944e-06,0.004751861910741018,1.7484930520258405e-05,1.905130118453299e-05,0.009286386600735648,0.0,0.009617470030752742,1.816957323599321e-06,0.0002950172275104978,0.0003273542091314953,0.002628576313641955,0.00016384792053884974,6.0637052881021375e-05,2.714043265541592e-05,1.298805602411848e-05,0.00010324722923299626,2.497200248815607e-06,0.0026707426282394004,0.0004115193947690773,8.012518682848568e-05,1.858251854745759e-07,4.186293373594535e-05,0.00016688231818745325,2.077897003339334e-05,0.0013820828816773977,2.6768781763451942e-05,2.8156893820345964e-06,6.041851069755732e-05,3.63351889922206e-06,8.258896925451459e-08,8.264098613434797e-06,0.004771528906967949,0.0,0.0,1.2362899115815949e-05,8.691877787664058e-06,0.0,0.0,0.00011788604799814161,0.0006204987611876841,4.5423933089983023e-07,6.125040582626088e-06,1.7806169363677391e-06,0.0,0.00041957511015300363,2.7971333009579553e-06,8.32802953932112e-06,0.0,0.0,1.1073008728566395e-05,1.2459775919334419e-06,2.8708450893334036e-05,4.044080777498572e-05,0.0,0.0003288910580512698,0.020049403681063557
0.005939284005220405,0.010569514630425375,0.06614543380083164,0.01021355917820594,0.02397777254460183,0.0063709652517044725,0.013445097080427099,0.0011199943275788237,0.004914737837213563,0.0021586832369092602,0.044816635215876297,0.009190621028970369,0.061374826772226436,0.012532347042208136,0.15334443323116817,0.03780141016091616,0.11533892925426618,0.005746389377437703,0.004371927309365589,0.0013296198961439897,0.021109219764084478,0.007872601059801978,0.005309551384628786,0.0028500950263248724,0.0,0.0049115977738769115,0.0021988348650827452,0.003964855869251701,0.003347888286705429,0.00921376151935941,0.0068970436543521205,0.007566376469316697,0.00015854636693390565,0.00019852841962787073,0.0222048173907365,0.0027512809805631472,0.0023165605865834086,0.0008691388252327137,0.0031668265853763435,0.016359842917716118,0.002152599580345713,0.0004251156034180972,0.0027555501545699986,0.0017416860761666239,0.013757090647388786,0.0038714605824273405,0.003957924257340192,0.00505815689562814,0.002975419507122439,0.0007615492234799496,0.0,5.846511251774132e-05,0.0008715273079286722,0.004069159018577397,0.021604009643113882,0.04619952434821023,0.0018260162637473228,0.00023720004707047156,0.0007446120339880261,0.0037280480003114816,0.009186021988491517,0.0011173860119918914,0.0,0.0020799968899390727,0.0,0.001978599180432175,0.0005663007163840665,0.008935655508813855,0.004032437304444406,0.00048539417218852136,0.0014438411419568722,0.00022022986821596568,0.004879793448167279,0.00014589672616257846,0.0033077688623625624,4.236354891559648e-05,0.011347032732993808,3.3871710441767626e-06,0.0,0.0015342357951523445,0.008554424421939813,0.0008375548393574463,0.0,2.8021423530859108e-05,0.0010790854880422325,1.4555336742071404e-05,0.0009141096087304571,0.0017074478603154514,4.093520417014075e-06,0.012339886293409492,8.549730237651122e-05,2.9472943977441335e-05,0.00028242089509866757,0.02655518564334349,0.0009607246510157073,0.0007365099067545536,0.00014311982239839942,0.0010425021493749426,0.0010533287705264713,0.007398411486121949,0.0035477305661770087,0.0033077896938172335,0.0,0.00027298610614388385,0.018602662397131788,0.0001298572395297806,0.008508118646296336,0.0,0.0005762842377802378,0.0006136163561189877,0.000516764273839953,0.001434502350828613,5.142257001200702e-05,0.0004590601458964117,0.0,0.00023873011472117328,0.0003778228032811485,1.739018147358463e-05,1.624235402851101e-05,0.00013830645214550993,0.0002930633435154339,0.0007733254988892125,1.5183187435495991e-05,0.004675761747196815,0.0,0.00212928730257222,1.8404622948177477e-05,0.0005868944025688609,7.282442217998012e-05,8.125428978469393e-05,0.0,0.0,3.167409216359238e-05,3.876414498193543e-05,9.201547877459036e-05,0.00012109086321759512,0.0009952666341899933,0.00018611466878848819,0.0,3.8038163532876596e-05,0.0,7.075310931668265e-05,0.0,0.0008845255668496078,0.00028386257254195657,2.4287511711439294e-05,1.8474842301911443e-05,5.337317273672663e-07,1.747143698092134e-05,0.0,0.0002424156805826061,0.0,1.4819655074462429e-06,3.278722364879214e-05,1.509606838580932e-05,2.007963601483194e-06,0.0,1.3342628082532939e-05,0.0,6.98925149088391e-07,0.0,7.246356603058952e-05,0.0,2.926990130492188e-06,3.265399269162865e-06,7.943023293395084e-05,4.05649213269176e-07,3.5499569766766455e-05,4.902355128774371e-06,5.5609755847645795e-06,0.0,0.00032412048900311204,3.15502695231865e-05,2.533607006368325e-05,0.0030111931932676615
0.005782856821617937,0.01420557037852976,0.04688989061365759,0.013615616411125249,0.024022791818896803,0.003395886222376474,0.012934720972774242,0.0008775662750292626,0.004467800441159991,0.0013148046182875398,0.04777106436266867,0.010937518552864773,0.05828097816368876,0.018573190098780258,0.10748520341008043,0.030365188399291098,0.10547635255039121,0.005251713922137121,0.0028619514622074287,0.00048666649029160096,0.0237135463486356,0.011277633266852511,0.0058749045680077765,0.003130730972590905,0.0,0.004476939188942278,0.00379096110205479,0.0050290781159764335,0.004202904895025741,0.01127975759830375,0.01137413419903843,0.01699679388460227,5.102747717804572e-06,0.00023777694734951463,0.02475997943295227,0.004179181597694077,0.009005487916015636,0.0011347507626850788,0.002080461519647324,0.010813374060463538,0.0,0.0018696635631595506,0.006506841568342619,0.0038787426323362035,0.017816103955205338,0.001520626387763441,0.005188549437898269,0.005987457915939739,0.0019110016587450672,0.0017269862389472218,0.0,2.3375553892267273e-05,0.003030273807860852,0.004595356790996987,0.014102683972066894,0.03154075878153341,0.0028582798762389013,0.00041767429778872503,0.0016763626422447617,0.006995676091557774,0.011024075705197211,0.0012717240764653268,1.5450637501102146e-05,0.003603460879455217,3.1618389344209435e-05,0.002306306045203263,0.0005365970748892142,0.014833426016130694,0.004311808270730591,2.0168444099856265e-05,0.0011534109419455716,0.0003919729957389784,0.004203938476562704,3.811460441664234e-05,0.012978609718282477,4.162197861168984e-06,0.01446966690930395,0.0,0.0,0.0022286200922751152,0.007969873787442839,0.0029539786270005503,0.0,2.2171216940250867e-05,0.003102498068275037,1.2228975878048835e-05,0.00255506324187564,0.0017413901027165403,1.6302298270976554e-07,0.01431753911111658,0.000950044452378838,1.724701879098577e-05,0.0015747081798565996,0.018623783088633477,0.0012713355786445248,0.0022236730768883757,0.0,0.0032545240022432962,0.004080161570766001,0.007850169920936173,0.014303824260149284,0.004958254244817202,2.7202965085472096e-06,9.88293107899698e-06,0.014759614906946652,7.251284952173606e-05,0.007499407244776709,0.0,0.003354756276518535,0.00040700766374779477,0.0011739118194110398,0.0017844902933788825,1.346943630484024e-06,0.0002615428775034737,0.0,0.00036678686701944536,0.002355645813678502,5.2802985620693785e-06,0.0,8.129403938112083e-05,0.0021991518063899256,3.8392741498398585e-05,0.0,0.00611362000262981,0.0,0.006026052924732714,4.5556823378063026e-05,0.000407738437344564,0.00014893821708773946,0.0001559849139546846,0.0,0.0,2.4776570461669877e-06,3.0643777007535297e-05,9.177773605629979e-05,0.0,0.0014154372043007307,0.0002819274943087044,7.453559429514033e-07,9.306408618177934e-05,0.0,6.109392844999184e-06,0.0,0.0013158861887308771,2.4247456377907802e-05,1.3351878051040216e-05,2.0378128513906975e-05,0.0,4.906741030975824e-05,0.0,0.0020146701027780167,0.0,0.0,2.9126580164308863e-05,2.9906929298791593e-07,2.0174093372011765e-06,0.0,5.999878554654758e-06,1.7138200857092217e-05,5.54748261064075e-06,0.0,6.344317045838078e-05,0.0,7.201079896516639e-06,7.610443293843194e-06,1.9502741257332625e-05,3.8100424349151053e-07,0.0,6.472261797559761e-07,3.625515510439891e-05,9.824046363828856e-07,0.00018546636240082304,2.8816987555440316e-06,0.0001714656927016792,0.0015996042364582624
0.006657655705105633,0.02237855408382217,0.0777129967193028,0.011281823996338116,0.019499997448292835,0.0008198874444848753,0.018529419277272773,0.0008481229621101041,0.009170870489720605,0.04551972368816568,0.024353552575386003,0.01024718577792009,0.029003411405972304,0.0016080283701099599,0.15426122458344654,0.018989689653836697,0.03764828780906591,0.01010645462069331,0.003670227534105443,0.0023996560229429275,0.005874862377969352,0.0035946656947484596,0.002979913596844923,0.06153764955859827,1.7849418955744044e-05,0.004295505956370646,0.0005331067061037348,0.001902789477067535,0.0037110430711650966,0.0037774210491909577,0.06876876910615451,0.002458415813981575,0.0183650134614286,0.0002050265788342516,0.002588754774871066,0.0022266913536907506,0.002075292896284571,0.026510642636231388,0.005740207575975749,0.010549771913720305,0.0017957133814266847,0.003263362383704373,0.0008187730204357107,0.0019485016245286632,0.002163109823717726,0.002285503954620107,0.0023537256457823747,0.002221591610662359,0.0054505619440214014,0.0011012104594029725,0.0,0.0009810753972604865,0.0012536146267676498,0.006476641578931465,0.01640660481519249,0.03370643506097897,0.0009311237517588018,0.0004994644060436967,0.0003517544470962242,0.007715870185543869,0.001678327336067859,0.0005303078213341664,0.002339405418184464,0.001441303722743548,7.452777137864842e-05,0.0017358770111262675,0.00046600153567151654,0.0008787855658654811,0.0017306287559271786,0.0023812584100716618,0.0017722811610479847,0.00020941299559914603,0.003193102984055615,0.00014652501152306562,0.0014479235419235421,0.000780662384979784,0.0011039463325791623,0.0009236079713129954,0.00284253636908892,0.0005207020681415554,0.013086317687062261,0.0017394375827563331,0.0,2.9101288413118157e-05,0.0007487405984683817,0.01286882203287863,0.0013315134515750637,0.0020291758196098793,0.00022544915216023546,0.0009116617377632427,9.928642600690194e-06,0.00014986050140289675,0.0004093632010225198,0.010265738510364915,0.0009799066169314066,0.0019042201942897482,0.002940502089878491,0.0004134940400029404,0.007394890906710219,0.0006971734781441932,0.000502262917320381,0.0010292713378755906,1.2001802595198092e-05,0.000519771652072391,0.019976383593578305,0.000427875671297101,0.0039950752326723335,7.774087636229688e-05,0.000827222558790244,0.00142841566235256,0.0010231900121293682,0.007985564698790335,0.00024428286393791016,0.0012533845878384751,3.1242031212856926e-06,0.0006592918307369597,0.0011632786348076743,0.0003604185487610141,0.0028523670416978467,0.0007081702108245659,0.0004285704019211363,0.007631783212678236,5.440378973768079e-05,0.0007088774450246075,0.0004226673001096146,0.0013134647270747464,2.6705589916762397e-05,0.0005743471619114154,0.00014732037733611287,0.00038112189654320193,1.6323275064430837e-05,0.0,0.00032850424206790795,0.00035281113460142795,0.00018229042599288538,5.281277388441515e-05,0.00045727465860535225,0.0002594862072085472,0.0,3.459007763718541e-05,0.00011625323848836785,1.6673261841173904e-05,0.0001688438135726378,0.00023920922186601365,0.00020859112145054322,5.688942798307355e-05,9.077256263703354e-05,5.291423602494919e-05,2.3872021766250838e-05,0.00011861597305292199,0.00021047825926309661,0.0,2.0188003731618493e-05,0.0011230670006805847,0.00021249383784779474,0.0003110692130756541,0.0,3.151422151714053e-05,4.732965948066185e-06,0.003961325396712436,0.00010491666011866017,0.00045972745177734096,0.0,7.663289459011892e-05,7.43113290075947e-05,0.00039673964284518785,1.9560493669904336e-05,1.5578265761972815e-05,1.7519288348468586e-05,7.001068361861659e-05,1.2059731491816139e-05,0.0024712782901354056,0.00015776541026610104,0.0005152814572094828,0.021741442984006366
0.04612823038030736,0.04438693941487762,0.037872310057152636,0.029104922974707948,0.016515950306661527,0.0013174688241979861,0.02972376523874497,0.01812286413849565,0.00848804102149013,0.046046484726293566,0.04227555515582883,0.00268100783726638,0.022885259010598732,0.013876487885069646,0.002007296806158259,0.028454302837770184,0.013494219512755376,0.01599642705276372,0.007489706822756804,0.021957707855277425,0.012344281345009171,0.011199584481290176,0.0021315264905406826,0.029199641160001687,0.0,0.0043120481404026354,0.0008274883158939672,0.01982879178598432,0.010875049205956439,0.005917463008294585,0.03702073618027293,0.005578699269815516,0.01538824238391042,0.0016504742296890645,0.006035568067545118,0.0020911086068043784,0.004838913325060957,0.041560622196449515,0.009209195513525028,0.0,0.004069755193863397,0.0031080243335510896,0.001663830660846779,0.0192451488398674,1.019963230056731e-05,0.008107083544388173,0.00069869489050808,0.00046560719090931504,0.006179928370645248,0.017318354647204638,0.0,0.0001745424308408538,0.0017909990269728974,0.005124327755280423,0.0018456712833489297,0.0,0.00019851463319843054,0.0032895858921218935,0.0036492288855723746,0.0048813744232541504,0.003099365076255906,0.0017397381165105642,0.003012061819662319,0.003162640670656459,0.0,0.0,0.005974002776932301,0.00022131543255434277,0.0019248774194541216,0.0051899273369492484,0.004035184283277103,2.7321732328349673e-05,0.0052497536564119745,0.00020314070565137824,0.0,0.0008442525268134527,0.0015126059615115687,0.0276565400333881,0.0032436189982563207,0.00312219171339073,0.0027558482386463258,0.0021745082507195783,0.0,0.006329289107606137,0.0006421623676525729,0.016045241243640297,0.0032008334166485158,0.004806833956890263,0.0069612867790884055,0.001691707798605465,0.001038181165703982,0.0010730411605575263,0.003459391189843722,0.00037812611680874866,0.0013467923382928016,0.0013746147824168905,0.003525523345595468,0.0011009500734794086,0.002149764383510628,0.0,0.00017570146574544967,0.0003245184878509793,0.003995413378793327,0.0015556145289734441,0.00034856929295893713,0.00047248505678548,5.542453676489559e-05,0.0020693190675940033,0.002071969040430004,0.002226886186555157,0.0017202770930723169,0.0017279903025617066,0.0038444373701641697,0.0038266379308953594,0.0,0.0020576977269198375,0.0023977906260074545,0.0024748458880271378,0.003842826659639521,0.021020873678846096,0.0015959886518629807,0.003208367042898658,0.001598044310433965,0.0,0.0,6.206826785121417e-05,0.0011757699728656675,0.00045310540077502426,0.003516052073998073,0.0,8.974098294115324e-05,0.0,0.0066596222087095865,0.002524064997163396,0.0007857320010019973,2.8305304353961054e-05,0.0013898959061834698,0.0006280525542834623,0.0,0.002339195639726292,0.0,0.00022369249889807837,0.00038617385798372803,0.0004138677472693571,0.0007630903189261468,0.0010494001087828508,0.0029785111474586947,0.0004178031237683041,0.0002000078666755286,0.0,0.0008533508128995401,0.0,0.0,0.0003268524313197737,0.0,0.0003315331321209962,1.3596143473304062e-05,0.0,3.976007008493234e-06,0.004789941347522536,3.5561318722078556e-05,0.001892851273939308,0.0,2.9053832809944e-05,0.0014284737631036525,3.0352051544721176e-05,0.0014889038878115055,0.0002462061680192213,0.0001244582724916256,0.0011253900699516124,0.0,0.0017537901383739125,1.814794160626313e-05,0.001335479595830267,0.014548364332047396
0.06307093927490165,0.048294695797076,0.0545975886450818,0.03568446054306251,0.019152157416518562,0.001298203732209822,0.03444469702326988,0.05367829994771836,0.017546104392793718,0.03136280252727703,0.03520566856632039,0.002413051581278716,0.021866148974584488,0.0186995193461231,0.002044298618637779,0.03290261969811266,0.014607363927011752,0.012502318786822862,0.007699234279529026,0.00930033556350738,0.01279265773331922,0.03004341012500181,0.0013773746253339756,0.01854404880103213,0.0,0.0048235192200503365,0.0031439480410704536,0.018269541168317936,0.012619093637673218,0.012417697705675804,0.029086597809131167,0.005829260956383861,0.0026371104467210462,0.000583101127248923,0.0068848722961091105,0.0034126328545480496,0.00940223958856466,0.014421172423100124,0.00828713124611549,0.0,0.0035364182155120526,0.003520122055780614,0.0025060876215709993,0.01248052443054895,1.1187633310524397e-05,0.005926361724721276,0.0005692099744200339,0.000887627822812421,0.0013475584041775998,0.008157684291380517,0.0,0.005702543759738676,0.0016806748668545407,0.006160899505776082,0.00031370503826053597,2.1492486819463827e-05,0.00025615247592553986,0.0014930598695469697,0.003674472391137748,0.004067631157697048,0.006256486309966691,0.0022304430310804016,0.004293239042822151,0.0020652070119345565,0.0,0.0,0.00666256491293277,4.435013927964089e-05,0.0009372169090404124,0.004267100613181993,0.0041732657584560885,2.9968288433385467e-05,0.0031825710555403383,0.00035049406498893234,0.0005322657703797619,0.007411712897250154,0.0018876721452499641,0.026456367310329684,0.005419878329611998,0.0033492581400221197,0.0014913311077209266,0.000814222103966921,8.71550324954725e-06,0.006946818466027286,0.0005087477653048604,0.00609165003711262,0.0027009446933609262,0.0036890736905020394,0.00245743698383518,0.0009230542144716347,0.0008048142136152196,0.0001950817106275083,0.0030994763475882493,8.826787638249723e-05,0.0009333467349346694,0.0029769935201533516,0.00048780410452067987,0.0006024608471130964,0.0007522626016510026,0.0,0.00013958309295851343,0.0008217340423403909,0.004321817251146001,0.0010030836065443344,0.0003588447106861296,0.0009731370819087478,5.8117388585575426e-05,0.0025200695740592244,0.0009654458365680336,0.0019326301129712232,0.0003161028790062172,0.0012038760402947842,0.0034003341046229376,0.0016193776608519573,0.00015230746581934216,0.0002680474485193983,0.0014605744477011581,0.0020745942000718635,0.005304989894948794,0.010131760443919715,0.0018904155096504814,0.001407603723936371,0.001740587843188143,0.0,0.0013923369066255974,6.80805935425899e-05,0.0013490531715254876,0.00031190558978869533,0.00019066388702009644,0.0,8.730750851840108e-05,0.0,0.0006220677428361494,0.002146069262162514,0.0005564036047115872,0.0006579958556258929,0.0008859016670055928,0.000739250460252437,0.0,0.00017428165714958066,0.0,0.00011562718773093543,0.0005162525346421454,9.37691606496539e-05,0.0007611821059650857,0.000892788920988085,0.0034950659081190755,0.00014230490980698276,0.00019349616758088459,7.209623198628856e-05,0.0008889060340449511,0.0,9.426391252175987e-05,0.0005103035986064681,0.0010255902220314417,0.00015909840462086797,1.4913152075898365e-05,4.9543122059651154e-05,4.361148239493225e-06,0.0017588839287696137,0.0004451770604861594,0.0011483720795502303,1.980161141846737e-06,0.00013469276456136363,0.0015351235321838677,0.0012377234680050451,0.0007217138260587543,0.00017497450061016657,0.00023358662717687335,0.00010246647732433815,0.00011724950504115137,0.0016233257372356535,5.585705807806767e-05,0.0003616588062288019,0.039689403052948734
0.05487720678534986,0.08820042351207044,0.012009264898303758,0.04169649647796203,0.0240875149763251,5.5166041600858954e-05,0.020435826318200186,0.07527362689831718,0.002905773004437885,0.008858034318491562,0.01885145713944338,0.0014940604181775418,0.0320857099345404,0.029747675413933545,0.00033746976504297105,0.0474988130842641,0.015273301998962265,0.03598624091982867,0.0032680298594900364,0.003030864190964873,0.040350302336960235,0.030489454785472308,0.0004324156231297899,0.004240076641657931,0.000557357026696524,0.0004871542029047863,0.000662344679698738,0.00850273882542856,0.023378536628771655,0.0242833171153672,0.01781870682992822,0.01526585829675246,0.0007659496260357482,0.000318658540436372,0.01809726014936942,0.00046210556951697295,0.011162660704239106,0.0004671473896033121,0.002365175837884096,0.0001154110920278331,9.730249028979715e-05,0.001094711055994757,0.000946133752958042,0.0017899855352170764,0.000240464982387539,0.0023613982235659195,0.0006926871373840126,0.0009426437343902515,0.003055592133771485,0.0013329369208813454,0.0,0.014692798247312483,0.032191867140637306,0.0012575584685260088,7.883842649318596e-05,8.624977251276991e-06,0.0006525470786462253,0.00023619320475106234,0.0018984161689332092,0.011502022713808622,0.0007970531723735195,0.0006356521713174178,0.011467608935116568,0.0002104816083212635,0.00022713711664282054,5.432004091431002e-05,0.023339253479005857,0.0013395725268575988,0.012250451175408829,0.00014458115213807524,0.0012019591306794972,0.003726606322948311,0.0013417808450806794,9.891814497413879e-05,0.0011062034921972522,0.011019591658414008,0.004454871382439096,0.0016478270421878241,0.001620372678729004,0.0008145771026991072,0.0002959797098018187,0.0002399648875311694,0.0,0.02229884630875827,7.362800568879772e-05,0.0009959704392378315,0.00019948808467391466,0.0011779142236388108,0.0009268231040611536,0.005213686714684165,0.0005186693857235762,0.00021626500405009657,0.021851626095705613,2.6381000135210316e-07,0.00026006708396837474,8.385401839232853e-05,0.0019234146667254878,0.0005934098276870327,0.02475644807587095,0.00022196653211577073,0.0022417203797301987,0.00022347841909359107,0.0009429132269334134,0.00014258307046119845,2.6233628375802815e-05,7.315750526675697e-05,0.0002765343514684303,0.0003731806693071876,0.0006534878512944686,0.012136950342341777,0.0004374068639796614,0.0008339539687839408,0.0003487463636832464,0.002932368266230144,0.0,0.0005679782211476017,0.0036415170905810777,0.0002812134333196721,0.0014371454659496386,0.00022475417186583455,0.000383843308721284,0.00035808423202301457,0.0008566583465846867,0.0014072228458217385,5.380520983534897e-05,0.0003207264976617757,0.0013360152120109065,0.0003478625363401997,1.2402266305246664e-05,0.0,3.6616498255182335e-05,0.0,0.00011470302545639269,0.0021442231465878168,0.000746066088844975,0.0005298756534079754,0.0009862270527436034,1.401453920181495e-05,0.0,0.0005367021746436555,8.171346580475937e-07,1.029943112549411e-05,0.000354239820954765,0.00016509524421444812,0.0006088218834556786,0.0001176554128400082,0.00018167661016335102,3.439533833366293e-05,4.078147926913228e-08,0.0,0.00011187305815491752,0.0,0.0,0.0004372472623166975,0.0,1.2293965866157154e-05,0.0,2.184239478783196e-05,2.7324060333496416e-05,0.0006401057747918896,0.0,0.00034463777171842095,0.0,2.6139913298213103e-05,7.119839180674707e-05,0.0006148895658657775,0.0014645509505344053,0.0002927213670346972,0.0004394909833929983,6.473436204610036e-05,0.0,4.953886528707284e-06,0.000145192284639891,0.0004310433043973395,0.004780931713452541
0.11524944910806723,0.11418666182188977,0.00571526490593183,0.03528586278447144,0.03708693147557752,0.0010666399335112107,0.041268377866248755,0.044680097726530685,0.00551942194417947,0.01711690737017626,0.04417062162758987,0.00044788926196165325,0.030040520418890368,0.03448106813845036,6.109389361263337e-05,0.04000862717167123,0.008232302081792538,0.02638438625602507,0.0031775183523655515,0.0018060408840985377,0.0421282007031088,0.024685374998101202,0.0007576186888479507,0.007560555643203179,0.0,5.33433620681916e-05,0.0012166656597436345,0.019031435368704972,0.012384318465110357,0.02131316735850338,0.01754036599135058,0.001963548586718808,0.0005760421852644045,0.0004530375665169852,0.0034414341616377203,0.00016674814692296081,0.015206659482593296,0.0029511149941567607,0.006138415877420288,0.0,5.407504241700256e-05,0.000509331570973149,0.0006148009808446987,0.03025310350306081,0.0,0.011788616259935837,0.01853807884642067,2.1408574869919553e-05,0.0009066186495187809,0.003505716891904709,0.0,0.0008828795218096446,0.013890285892702477,0.004724687163416329,0.00038410113498021936,0.0,2.9090844328272138e-05,0.000847594241764372,0.0025659638967908127,0.00044727491589640196,0.00010693449993468674,0.00024153901614312347,0.008166319477819642,0.000262918197411265,0.0,0.0,0.03678973902075409,5.69678843992468e-06,0.0001435590961944392,0.00023625284834598675,0.007305310348710186,0.003184260243097431,7.724772675728036e-05,0.0,0.00020002972235409408,0.0008418804094746457,0.00010005027566787521,0.0021521930235035196,0.004674383086872636,0.0001429200574105227,0.0010152555183868244,0.001180309465588486,0.0,0.02570467134659739,9.35623333712942e-05,0.0012693652976019903,9.384548722394406e-05,0.00020767161663767,0.002318385567767595,3.005262492086405e-05,3.3231268312572676e-06,0.0007286093407017624,0.01764304568562363,0.0,0.00022517306379232972,6.312118174004118e-07,0.0007203156058163604,0.00010140499207059811,0.0001498537883193661,4.510402514578129e-07,1.6508618680815216e-05,2.513165194610507e-06,2.7082626958950674e-05,0.0005685558718949405,1.475951399838844e-05,7.839197450801156e-05,0.0,0.00020981150837427393,8.144480132025862e-05,0.0013606190133107657,0.0004261839969784438,1.4295715473595029e-05,0.00041669257312748707,8.492453681571753e-05,0.0,0.00020522913335163182,0.00022957025214514782,0.00022484379545252656,9.223370537285283e-05,0.001173910348718469,0.0003291248387046049,0.0001882886906077659,0.00018284049896003754,0.0,0.0,0.0,0.00012328531792335065,0.00020402985582900713,7.203681065237364e-05,0.0,0.0,0.0,0.0003889936894295352,0.0002788885448358966,9.297142263541203e-05,9.357969539511856e-05,3.859485405400937e-05,1.5062613491885127e-05,0.0,0.00014526811245711547,0.0,1.5513351191849506e-05,3.1660726606853426e-05,0.0,0.0001225523183808553,0.0001302577271452386,0.00011785331072748678,2.24662086797912e-05,1.8126145913582906e-06,0.0,2.5772754257487787e-07,0.0,0.0,3.85306407135259e-05,0.0,3.0553590190425276e-05,0.0,0.0,4.12804265863595e-06,0.0001236297007098909,0.0,0.0002515542875332035,0.0,2.2070513393222283e-05,7.728286313506486e-05,5.309896480848443e-05,0.0003463491214204123,8.086212756185568e-05,2.5698241450994635e-05,4.6703031867642365e-05,0.0,3.819219360817581e-05,0.0,0.00012924657787234415,0.0012746708746959544
0.06019214142202743,0.08140624344062262,0.04438278894667613,0.030345397258492723,0.04823727252115375,0.0004598110605093041,0.02656168800180853,0.08920478896610985,0.013809473164576024,0.013855720120370065,0.030314500948520645,0.0007498501951514421,0.018053702646035712,0.02171699013760734,0.002377143388795391,0.03652035175837483,0.004062331445737064,0.0298536111566272,0.005446604148700947,0.003464578637468208,0.016376764660014198,0.03099090176917055,0.0016397585022027952,0.009453990454014322,0.0,0.00032583253062567536,0.002257544207023356,0.017238446464651107,0.008949347855200799,0.010034093862879652,0.02009760564379817,0.01125176741816325,0.0020739729065018084,0.001872740473935691,0.004743133116897699,0.0014344270130891407,0.010270771451137044,0.004895981620916867,0.0035096415726733735,0.0,0.0006309901388127342,0.007540016233224933,0.0015454847238180604,0.019651558052619842,0.0,0.01768741819260434,0.0004361846766607033,8.417875414622567e-05,0.002875030101569463,0.0041195702427368735,0.0,0.008286090275182505,0.011545827082287477,0.005642009380453781,0.001418807826515719,1.9092087281754805e-07,9.247389977168703e-05,0.0022687370207974166,0.0030890257794797833,0.014370752630696156,0.0016880704857347622,0.000738003468798386,0.0031823824446585744,0.011795558005313534,0.0,0.0,0.00758976976166018,0.00012095888629649892,0.0011458425214592156,0.0015494786928057377,0.002815446423206764,4.502365118388941e-06,0.007277401070514365,6.931350758595771e-05,0.0005209832059153789,0.0074239771432219005,0.0005891718180337794,0.003019877679487023,0.00483043911394739,0.001497506429510151,0.001628762205272387,0.002092496348793297,0.0,0.002723927760272556,0.00026986407027593354,0.0017644383493031304,0.0010119818999871626,0.003563497283259218,0.016576353773761696,0.0006076319363306356,0.0003059422882956235,0.004177255054778347,0.00035993313996436394,5.584251240507247e-05,0.0007192349247360769,3.220609891783613e-05,0.003525375782968328,0.0005133903305476354,0.013541176531373928,0.0,0.0,4.9223402755697695e-05,0.000811023427995375,0.0016458356446662924,0.00019736124894221229,8.235689284596243e-05,0.00010220084346863487,0.00036032402244638766,0.0015032373279273681,0.008462838498265424,0.0020055924521482113,0.0015018470191498355,0.0024257536996222756,0.0016265788596665585,0.0,0.0022227685723271644,0.0018030319597363278,0.0036819632196698287,0.0005183914873587816,0.009162220497847418,0.0006966223829484808,0.002001438320540039,0.0002521527891829607,2.5516952982682907e-05,7.734009981831587e-06,0.0,0.0007550935523343793,0.0004783232126957281,0.001005626489011557,0.0,5.034833300240404e-06,0.0,0.004145658962140083,0.0009078179472546242,0.0004280581964877304,0.0005251398913174635,0.0005696596093453967,0.00017415426669509273,0.0,0.0008212219978096589,0.0,9.08543988417977e-05,9.700128064650314e-05,0.0002559921529439819,0.00012684528962211342,0.000547722762786409,0.0008446552011772214,0.00013453676996029763,7.636800972594397e-05,0.0,5.718908204817067e-05,0.0,4.502397026870312e-06,7.530795530013716e-05,0.0,0.00018842091644063138,0.0,2.043675753365945e-05,0.0,0.0009212609941611738,3.061805957131799e-05,0.001633193241191557,0.0,3.419578737906187e-05,0.00033194058526107774,0.0002946407068143336,0.0009713653924403414,0.0001325759185202197,6.540209284571104e-05,0.00016422201002589347,0.0,0.00036402856259597596,1.4769744317922596e-05,0.0019591283004602947,0.01055697300447135
0.0958281561463254,0.06143763311321457,0.017603575978578475,0.030075885205966057,0.027987466084907795,1.3956104770351894e-06,0.01785929895665875,0.0594670659031913,0.014930796770240666,0.003857634046343084,0.0932468186668829,0.0006487554502432905,0.06305809457400403,0.03505781138166491,0.00025212373133940547,0.0359441982018666,0.03803487108625064,0.020296668388879557,0.000578276861353396,0.0005621249040167686,0.03876948099418301,0.013782223052088228,0.0004952360140606809,0.00917332017104871,0.0,3.9386913570625764e-05,2.1970418523084954e-05,0.014598355175261944,0.01686972382738196,0.011481977156290254,0.013885013632417164,0.0021886195099620736,0.000464878442795774,0.0002232366171134914,0.0007451448949602303,2.3650879206209876e-05,0.006545166715977091,0.0008790376149249146,0.0019122405657573918,0.0,1.350280619953466e-05,3.271046060702472e-05,1.262907820590504e-06,0.009583550131213946,1.989160125889064e-06,0.004240958763793202,0.038037702471294434,0.0,4.553835627213762e-05,0.0009050458216127061,0.0,0.0008803994038606948,0.039194389459362114,0.011126286138190007,4.966155466305638e-05,0.0,0.00014301207067855614,0.00012963086149399953,3.1664695593853513e-05,0.0010309682268619161,0.00019183346517214622,6.590104429009562e-05,0.003991884431583452,0.0001794617708508761,0.0,2.7341276053970344e-05,0.049679255511865444,0.00023500111504802927,1.4142732098173183e-06,1.6713257136319243e-05,1.0133708934366567e-05,3.495883468599062e-05,0.00023311708660086553,1.1042496599594944e-05,1.7993572805848677e-06,0.0,5.429986033209711e-05,0.0003850063685185917,0.0035520340967252527,6.585423539499543e-05,0.00021992721551962444,0.017895321895562637,0.0,0.03534067335863049,2.195144189231857e-05,0.00018344221311817244,1.1224151267853405e-05,3.329748697709445e-05,0.00035124035003186656,0.0,1.3089727923379844e-06,0.00019144243594578254,0.025912435002556838,0.0,7.466303878910198e-05,3.1251846527663746e-06,0.00011883940897178612,4.064499615678387e-05,0.0,2.2732339071203936e-07,2.9066536982495647e-06,4.151944573340661e-05,0.0,0.00010884671539650581,3.1077521409201765e-05,1.1222869759683095e-06,5.6901457517786856e-05,2.339164209846558e-05,2.1486257188062497e-05,7.748256427067015e-06,5.86771267858058e-05,3.568987664400782e-05,0.0,4.615926483789267e-05,0.0,8.421589964888063e-05,6.778734687566779e-05,0.00013168022846853395,8.771610023441823e-06,0.00021980220127491718,6.154283879227444e-05,0.00020478809290426327,1.0567414089307603e-05,0.0,0.0,9.435190787004973e-05,0.0020664270090349542,8.35377814362404e-05,8.894653784705425e-06,4.6526019413674415e-06,0.0,0.0,0.0006329609791983608,2.344338562849121e-05,6.355821070982202e-05,1.812146899234683e-05,1.8797846710411626e-05,7.716357650814069e-06,0.0,0.0,0.0,0.0,7.652329047299237e-06,0.0,1.0683746820714361e-05,3.0506359590982166e-05,1.20169035656689e-05,5.5559053138533824e-05,1.261780676869929e-06,4.580181576537571e-06,2.1279960607518378e-06,0.0,4.939411372209318e-07,9.341541862805064e-06,0.00013665904278272527,2.5361792454798135e-05,0.0,0.0,0.0,0.0,0.0,3.410473714154326e-05,0.0,1.791440961775007e-05,0.0,2.613446498250671e-06,1.1865712013471488e-05,9.880024485821686e-06,8.968700626846067e-05,3.821389103616483e-06,0.0,0.0,0.0,2.7140266207996755e-05,0.0018471803860909942
0.046912265826944584,0.04040281581119671,0.02399109815794171,0.035795694662538506,0.03139344536389413,0.0002875475850437598,0.007188386264274899,0.03425822914109288,0.007069502688322697,0.009275898718863881,0.04546506904971473,0.002807997718757528,0.04167656366050213,0.029286318922287415,0.012427051935719488,0.03670195136599468,0.034639598930671346,0.01768589216346607,0.006241433913673301,0.0004105881010044513,0.03484407042546857,0.026225047322111616,0.0014198887149067653,0.019885925108230857,2.0827834191077274e-05,0.0006810479500856603,0.0007264913091017649,0.014280901967162236,0.027625885576899385,0.03526960873709623,0.022981025130295412,0.023609406552332166,0.0021043234129431414,0.0005044206913340317,0.013982927114343164,0.00130922436967477,0.01266779824305141,0.0025031077613188965,0.0011659348300696113,0.0028062026400977056,0.0008640618403173246,2.8145680226630474e-05,0.0005409604494320332,0.0023052868938068056,0.0004493882168804631,0.005004749452294607,0.0020755795003107418,0.0005864865868448708,0.00258544364664204,0.0007878921724684942,0.0,0.0012183711597085662,0.0344560786039975,0.004743753498059132,0.0021889256442493583,2.818122383110418e-05,0.000885151343419136,0.00025780986072469465,0.0003171471538016069,0.005303726795450447,0.0013832598532426696,0.00022343216194499403,0.019423852674132245,0.003996580581941941,0.0,0.0002744747276469356,0.03161023761476887,0.0012333085448543203,0.005407679263779411,0.00020833899722503424,0.0008111284210417587,3.231021891466273e-06,0.004352040768003925,1.6834400402898547e-07,0.0023221116526424804,0.016443593906772944,0.003180268448875195,0.0006685748194340055,0.00456196160300558,0.0004057487944303663,0.005127678648651064,0.0037583104308418188,0.0,0.024857918416386963,0.0006558254057906311,0.0007069744619981454,0.0003703009465455084,0.0002752088525066812,0.0010401842813395057,0.0033471164960693057,1.889386803273362e-05,0.00023073163067135365,0.018278067339834947,0.00017861136076151126,0.001972389493776358,0.0002797438239038513,0.001286529234573895,0.0005629487238296021,0.009980004080292027,0.0003190067208532875,0.0007110411501726098,0.0008261333721652328,0.00018408939833316478,0.0006249836087601333,0.0008011540481701614,7.760005556031822e-05,0.0013136542737313586,2.3326117294225714e-05,0.0003841725980756155,0.015789405768920656,0.0013138069936264145,0.0015363383743683364,0.00019766856022594606,0.0002905666079853503,0.0,0.0020710579204147794,0.0009207873600256184,0.00022554274385955456,0.00047657265848503026,0.0013293539363765498,0.00029202212962621646,0.0016368626316211267,0.00032208102375979686,0.001401952707675888,2.067825272665612e-05,0.0018426816556110334,0.000533579750956284,0.0005881260399488316,2.2621577725124002e-05,4.28503964166624e-05,0.00044313946989736353,0.0,0.002632127725384963,0.00024623776023037736,0.0019668827598511344,0.00027668687680320513,0.00016995318971583788,1.1957691739129184e-05,0.0,5.0263568726436384e-05,4.239114136948382e-06,1.1056762374795258e-06,0.00013793571663631255,0.00021526389995246123,0.00018124010214287838,0.00010731518190448495,8.572503962929816e-05,0.00041467753199552187,2.4015318629298643e-06,7.196113452160346e-06,0.00010986611352165977,0.0,4.052094378527375e-07,0.00015150348628130194,0.0,0.0003215710033695203,0.0,2.624237269328852e-05,0.0,0.00020006695598543883,0.0,0.00014477604237675832,0.0,0.0002568080866382486,6.129692607538031e-05,0.00036072130635917093,0.0005209634694645397,0.00014242318365939103,0.0014038387034494776,1.3411426866536736e-05,0.0,0.0022455441059855397,4.6543113390775935e-06,5.13165547491286e-05,0.008314538267447918
0.03533356705607943,0.039628199837278284,0.02495316446064382,0.017371606651563926,0.015063093103827422,0.0003523132296996081,0.01786194015889361,0.018348943809606024,0.025344896037742284,0.0468359301179488,0.044744071928238656,0.02149932981506338,0.03032209305454069,0.008208114838142296,0.010832860937533283,0.023650924831580118,0.02920573697111426,0.014539310334764138,0.0007411420429049534,0.02391215168893354,0.022142318788793077,0.014259360000340079,0.017638499580668522,0.035538374323281295,0.0,0.0009792098066006972,0.0004471230876787527,0.0033764441645314715,0.014190261314515186,0.01312072533071014,0.03988429848342941,0.005775662484251731,0.014636167517767572,0.0007176780148509602,0.006104874609605124,0.0017051924989315104,0.006330766392389416,0.04769545207521036,0.005238900954177681,0.0,0.0012339207758867575,0.003970547400279798,0.0001884233763408771,0.008625588107851561,3.816433884299721e-07,0.002654171934259982,0.0019083128367418309,1.9607148166572385e-05,0.006856431081467818,0.018329711828630222,0.0,0.006894872129336025,0.02731186208986587,0.009992452304250925,0.0012575283023884747,0.0,4.366479792100431e-05,0.0028855895835138293,0.0014543298298126857,0.006817721789655164,0.0020164857624398454,0.0001303002643304104,0.014328706399839125,0.008401227404873424,0.0,0.0,0.01174868180055856,0.0003283967642600064,0.0010778854888970507,0.0015423228941482277,0.00022849974959826365,1.677809974436301e-05,0.007040262573126735,4.993429059119749e-06,3.2125735606926474e-06,9.812520438392845e-06,0.00026046571290044845,0.006665695270980768,0.009724553870076147,0.00043632433821786835,0.001471673993405672,0.001575315100019438,0.0,0.013410570861212267,0.0002147495348636591,0.01258505000183044,0.0011639587812919058,0.00138316849116574,0.004846177920086059,0.0005608486100276317,0.0003333190600339254,0.0005505498789070897,0.02452917237083954,0.000202630798357634,0.000489013236296098,2.7288638015825153e-06,0.0023170877889548648,0.0005487704030851361,0.0021178381936025627,0.0,4.1390511653385704e-05,3.251025893488022e-05,0.0006458947725528611,0.0005506465753508061,0.00012809811767635593,4.905635516253154e-05,3.99987584015453e-06,0.00023575521960360617,0.0010562560404532631,0.002208559969347163,0.001012556796069529,0.0015478900193350291,0.0011456960842802155,0.0023556250513524267,0.0,0.0012861787688002331,0.0009682414319288124,0.0012479685262315686,0.0009539223428808273,0.0110126396828017,0.00040681851168904333,0.00568102495024299,0.0001647611708746996,6.106294172738518e-08,0.0,0.0,0.006583362763125003,0.00018966453379372098,0.002525505649472697,2.5095317617151146e-05,3.131151380173636e-05,0.0,0.0045875335347882636,0.0008834572243408576,0.0003237259712926308,2.6771443810643192e-05,0.0006364069992561821,1.5421808575309285e-05,0.0,0.0015644673133939557,6.150567250987912e-06,6.026462234811485e-05,5.2774539726980184e-05,0.0002513265260353398,0.00012013683945625103,0.00041044708112638386,0.0004656585463225972,0.0002823097573678994,3.537265201607482e-05,2.725819638438424e-06,3.618003862938197e-05,0.0,7.34902333876053e-07,3.4550066152722774e-06,0.0,0.00017483328498799162,0.0,3.5404126218804596e-07,0.0,0.003125073080923743,7.687272500263066e-06,0.0008200566666272229,0.0,1.3556604315139893e-05,0.00046843149150285285,7.523376716143384e-07,0.0007497202336550277,0.00014817100780703288,4.196015614688956e-06,0.0006836947115297026,0.0,0.00029568695587979906,2.2516249250924167e-05,0.0008089297607620734,0.009577481119150194
0.09297136499971996,0.054990621474829755,0.08137909847786164,0.025088443100863056,0.038878572011919944,0.0054517435909926144,0.020255279534716713,0.019812854472816922,0.01097111723119886,0.022059852683850672,0.007086353376172602,0.029154898970658316,0.00389031597020916,0.011472119206205892,0.002651874432681541,0.034491261210344695,0.006673637174058973,0.00689884054811674,0.002011877354397842,0.009037464295601224,0.0013549811245458952,0.02426039915176312,0.0029947871039959864,0.003070778808207602,0.0,0.0029034653412977735,0.0027756225735598183,0.00435713252698216,0.009428645932016465,0.008566969076614033,0.00985971695674098,0.018793074948437304,0.006505265176090733,0.00013809656908331009,0.003344157512898623,0.00295692870080142,0.025231852216248678,0.008134397519322111,0.00801835305185617,0.001311828358205461,0.0007603088130147075,0.0023192328649279635,0.000546676461514997,0.003785949657480239,0.03276506385997506,0.0029379078779056497,0.012026048198889862,0.0009708589590504659,0.0018717910816802282,0.0015642943427973826,0.0,0.0005355550459868623,0.002650327323066812,0.0007270868667320254,0.008268883980283217,0.0009463080372224262,0.0017230108510384208,0.0011049549870644625,0.002089799720694441,0.0023992970018966017,0.003919573323535287,0.0005287621025523519,0.0030802715592610367,0.007645484964203616,0.0,0.0008426205198815163,0.0018025734984372566,0.00633494237485553,0.01284734002223505,0.000583076058993469,0.0012589542306653087,0.0004787968331785197,0.0014637741327750298,0.0005924447456994046,0.012751286239608865,0.011529287918450289,0.0009250973097818304,0.000621825331688646,0.0015682365196972295,0.0011202662813394556,0.0012630339697988341,0.0005526816724499811,9.134639235185927e-06,0.0012176404005067173,0.0012767613466463663,0.0007400900084154644,0.0015551573029576897,0.003269700118694153,0.00015833799864159646,0.0002531879181697843,0.0025773093771960577,0.00043976735885942897,4.646777035389933e-05,0.00026002227029388845,0.00038175031048073404,0.005441663668159198,0.0006561298616680839,0.0007127494194367002,0.00775277550509432,2.895274598930866e-05,5.270121576124175e-05,0.0015132845194067693,3.3075403922464585e-05,0.0003807468672115505,0.0004932493742734392,0.0017180448896381715,0.00047095548369997125,0.00025843096591688964,0.00131584817553892,0.0004934025334368042,8.252284856685607e-05,0.0013060090620268475,0.0004415744630937983,0.002942327323734965,0.00015963206176962595,0.00041328781235857,0.00021487144108596923,0.0021626004451968544,0.00039481071375652485,0.0005579951870833191,0.000402443908962,0.0002384657303591984,0.00033642737389948145,1.9290580978967846e-05,0.0014592854494952547,0.0,7.274549967893774e-08,0.00042489264916185124,0.00031583029991781846,0.0,0.002939830298150088,0.0014609942904471286,0.0008872692864821075,0.0002490302549449689,0.0001965710055733446,0.00039558211787425133,0.0014144561590570873,0.000408182620470678,0.013476017839855515,5.105441000329354e-05,0.007954798997967501,9.997309509488833e-05,0.00018680385119346004,0.0003584847552821787,0.0003947517206865815,0.0001920639697978575,0.00023979693850852558,0.0007116940434309112,6.363506297958807e-05,0.003307401717705556,0.0003334874242053877,0.0,9.612207962292923e-05,0.00015001135482258722,0.0009883078706612446,1.6233315839505776e-05,3.1260676560443556e-05,0.00011855356575603612,4.053329900141767e-06,0.0003501628991648433,0.0004875339101278406,0.00015674909996419821,2.0753887802455244e-06,0.0021387079117188568,0.0002383872249998172,0.0020021125131205494,1.9688089080318177e-05,4.4266170945363767e-05,0.0001268030457857925,0.0005430002489896344,0.00105336876202511,0.00013989162166472508,7.771169649643915e-05,6.181563465342706e-05,0.1295138978768616
0.0,0.05393826800575832,0.0742359889584479,0.012626092399926441,0.15312572574108557,0.1445783502910668,0.012084899697404313,0.002223977148554196,0.005807541612626468,0.0759618514048623,0.0,0.058075033477911785,0.0,0.021181487337005454,0.04569211313395029,0.014935226252374612,4.509209348646614e-05,0.012197317588514304,0.005235877615141938,0.01159749022397289,0.0019602260321941105,0.0001897947380282,0.009303418259391256,0.0004948338132858587,0.019618538935329766,0.008104732149519345,0.012830160015894697,0.0024577514501306747,0.00025258618757931093,0.0005244015586764699,0.0008799485125325167,0.001735337065160253,4.329504630462014e-05,0.03299425612326321,0.0,0.006893754617215419,8.332429694044273e-06,0.0002881358631871233,0.0011145313202064857,0.021183008556603444,0.0022745359278750084,0.007023760144375341,0.0077471502333392745,0.002773408722310345,0.011412421801386264,0.00016162687529387726,0.001161081603144339,0.00460601973865878,0.0019121056245195592,3.753652037930138e-05,0.0,0.0003303403965223935,0.0,0.00015492093469963658,0.00409866895764662,0.006732260859727462,0.0007193763416536223,3.474993188040822e-05,2.4323997978808673e-05,0.006600925259471713,0.0018888028704706745,0.0005629168163859189,0.0,0.0038348515382036212,0.020618210318708117,0.005128375971005268,0.0,0.00013362615691607315,0.006557599194369325,0.00028306523966806956,0.002478978130146026,0.0021416390366553553,0.004689501302932295,0.0,0.0,0.0,0.0,0.001225005303664667,6.068089079597141e-05,0.0007209589630544852,0.002531324653803745,0.00030177607893163116,0.0,0.0,0.0015045036459757485,0.0,0.0066686714387450595,0.0022783602052586184,0.0004113578204299759,0.0,0.00798964430646104,0.0011464443930105015,0.0,0.004896563027048219,0.0007733851985733593,0.002404120832698068,0.0011396143088589087,5.1404275516511574e-05,0.0020155145472225723,0.0009378250809424469,3.7332300235821165e-06,0.002057183069084832,0.0,7.922758747207453e-05,0.0006989011019203294,0.0003604515625183714,0.0015790828730170793,0.00032408302463808494,0.0,2.148942967394229e-05,0.0007081658379983645,0.009074428193743642,0.0,0.0023317350926697683,0.0,2.702530126131303e-05,0.0021459521241204236,0.0,0.0,0.0,8.122160331427015e-05,0.0,0.0,9.910211152073045e-05,0.0,6.056309579162875e-06,0.0,0.0012473966981568123,0.0,0.0001269342059907526,0.0,0.0,0.0003067970692379362,0.0,0.0006366282187431749,0.0,0.00014962063726248925,0.0002997766531628246,0.0,0.0,0.0,0.00033407666928764185,0.0,0.004504036755099599,0.0,0.0,2.34975530427102e-05,0.0,0.0,0.0,7.73563415142911e-06,0.0,0.0,0.00031815763108346013,0.0,0.0,0.0,4.796911418641414e-06,0.0018360483711292398,1.9111286060373977e-05,0.0,0.0,0.0,0.0,0.0,0.0,0.0,0.0,0.0,0.0,0.0,0.0,0.0,5.897353429944102e-05,0.0029292626457155966
0.0,0.049721384594143915,0.06843657742455382,0.010797970864626628,0.1006941298661204,0.13780872535218378,0.009826853796737136,0.0002981974583805331,0.003329827636502941,0.0774406719263906,0.0,0.06375616543483746,0.0,0.019776845960825264,0.052165637167852434,0.013428489242912293,0.0,0.011750851570422306,0.008177745641654683,0.02912093962305584,0.002203503480967926,0.0,0.009262334483747144,3.8690777583417506e-05,0.012369744598474734,0.007809024484346028,0.005988499314581278,0.0013348392286942172,2.2339684676931718e-05,0.00022859820644566413,0.0007181329008544184,0.0017992886671587942,2.4641610386912263e-06,0.029101685651445997,0.0,0.007968503089450176,5.0544781019096614e-05,2.6038691204906637e-06,0.0005954170101079168,0.024079777449075024,0.04113410354458865,0.006128202226098391,0.009028830651944873,0.0010111841260909608,0.00900900729565545,9.731795374629338e-05,0.004142481533657225,0.0053420078963925715,0.019356540653426475,3.4706187341295664e-05,0.0,0.0003960499628812083,0.0,0.00038928695244009974,0.0062981268648543524,0.004084396608108691,0.0006130727347284753,6.350494218052597e-05,2.170515313572811e-05,0.0004435751448287107,0.0012377276763158255,0.0003085992886101476,0.0,0.0017653132110095966,0.0227134720625669,0.0011483123690508336,0.0,0.00022678957425832888,7.362121815318774e-05,0.02215145229003352,0.002925977075715352,0.001786281512717684,0.0022512375521424365,0.0,0.0,5.617006114547484e-06,2.2820020336477404e-05,0.015882049485271152,1.6960521285329163e-05,1.7950144667501637e-05,0.0020204325462791495,6.963101840585594e-06,0.0,0.0,0.0026118302078081595,0.0,0.006183272202650506,0.0028126944175461584,0.010511271541335365,0.0,0.007555328848082199,0.00021390426199215334,0.0,0.0022032250636299633,2.8801063902311937e-06,0.0018378292807534537,1.8777057312027462e-05,7.355424470874438e-05,1.4645771730833332e-05,0.0003749821419600454,8.797187829375216e-06,0.0023564167001086152,0.0,0.0,0.0011691642341758954,0.003395515086955718,0.0015488629822146855,0.0024012662107631946,0.0,2.6063339153787637e-06,2.8430401485137085e-05,6.81295018914175e-06,3.5227140244480103e-06,7.121904314397033e-05,0.0,6.866237400064518e-05,0.0001653062736738405,0.0,0.0,0.0009137024129101171,0.0002474297191054122,0.0,0.0,0.0001147614801901315,0.0,6.653388338788136e-06,0.0,0.0008674165201730723,0.0,0.0,0.0,0.0,7.38938480593448e-06,0.0,0.0001185122443109135,0.0,0.0,0.0005649350458543682,0.0,0.0,0.0,0.00016309895357912406,0.0,0.001059778811957956,0.0,0.0,0.0,0.0,0.00010553737693567027,0.0,5.115468252346504e-05,0.0,0.0,6.241625733583657e-06,0.0,0.005267232265498523,0.0,5.0150222094133306e-05,0.0019296547191908165,0.0,0.0,0.0,0.0,6.041317148512263e-07,0.0,7.08605060471389e-06,0.0,0.0,0.0,0.0,0.0,0.0,0.0,4.2660030377233265e-06,0.0006109348346043757
0.0,0.047303385914783745,0.07813728062499141,0.012108534949139708,0.077220530848186,0.1555033817586585,0.012671588881471628,0.00047797617341453975,0.0030716105296022546,0.07112537007498514,0.0,0.07780684749982084,0.0,0.01834519470561128,0.08702314012533494,0.014062431164669736,0.0,0.010833512723301013,0.009630141415755503,0.009332292974589951,0.0015312686913700171,0.0,0.010407842413763002,0.0001390670293208226,0.009797535274607824,0.008393875286382003,0.007142810610860869,0.0013809043441769713,9.906366430096464e-05,0.0014311929076448121,0.0006965035750878262,0.0030233192203535926,4.9922487320433526e-05,0.022254666388137646,0.0,0.0075558019940888755,6.386294001978825e-05,2.846645595298039e-06,0.0009355364618227023,0.031014035525327353,0.01727597811371501,0.010143920804609895,0.007034688820042142,0.0014260582177914,0.01405425782452035,8.763062518966967e-05,0.0024029978167464023,0.007575207646547588,0.0069988090546207506,0.00013365251411151315,0.0,0.00023586195641815672,0.0,0.0004255828297014364,0.013249453479771437,0.005854406875177675,0.0016283287876603942,2.2471704831005062e-05,0.0,3.9957726039663846e-05,0.0005860896958250479,0.0003852812099586132,0.0,0.0020945759754957345,0.025686885119229765,0.0016188852121405309,0.0,0.0017655852612595616,5.6143154248163885e-05,0.008987296944747926,0.004098859769643046,0.0024284752984346175,0.0015447045522477586,0.0,0.0,0.0,3.975810632555459e-05,0.006799631215990788,1.8541866344550783e-05,0.0,0.005380170633612446,2.6079216505309635e-06,0.0,0.0,0.0037957223294588383,0.0,0.006495395719676355,0.0009056072366245763,0.0026943365836568766,0.0,0.005980698137341676,0.0005949720080146812,0.0,0.0027909196707760326,0.0,0.01180348192445312,0.0007131768573669006,2.9465244696395348e-05,0.0,0.0006117902550645301,0.0,0.0030590248454130217,0.0,0.0,0.0007845517564406161,0.0026193448730902455,0.0017811203211925784,0.0005196241106384694,0.0,2.8493401998218644e-06,2.597945989269684e-06,2.067218509955266e-05,3.851160675579551e-06,6.298169038008296e-06,0.0,7.50642353617266e-05,2.3947930330590526e-05,0.0,8.086720771057581e-06,0.0009384243055574754,0.00023376712853019887,0.0,0.0,0.0015874532636154944,0.0,0.0003106595058660964,0.0,0.001028312030737191,0.0,0.0,0.0,0.0,0.0,0.0,0.0004945905089136865,0.0,0.0,0.00017491012633060927,0.0,0.0,0.0,0.0008893953888658651,4.140171871190894e-06,0.0008141127444384047,0.0,0.0,2.2811620270208208e-05,0.0,0.00011537734628406483,0.0,7.190252025041776e-05,0.0,0.0,1.7849282262236453e-05,0.0,0.002524621240281171,0.0,0.0008105034472335097,0.003112279204231122,0.0,0.0,0.0,0.0,0.0,0.0,0.0,0.0,0.0,0.0,0.0,0.0,0.0,0.0,0.0,0.0008702580439444341
0.0018006748800664285,0.10953800444529002,0.012035221465704342,0.04169729996466403,0.02360818788762668,0.011503791526973778,0.03431668351672382,0.023300513664408693,0.009727874474771832,0.013558388009300761,0.0016093238736833693,0.01597706218238841,0.003961914805768725,0.02371891511693556,0.060543247829569984,0.02516546937684988,0.00448012026845788,0.03629642710856736,0.0363736710714038,0.0033132232962585747,0.016116934175369534,0.012660579185460907,0.03374101851480881,0.0007849865833994016,0.051694670627038856,0.024455846343578933,0.014328968990919748,0.01107281808320138,0.005679696241034322,0.005466695366134584,0.0011458966983171005,0.026670842482273662,0.0002905725169636809,0.0015886646097158495,0.008655550356000475,0.022775274180172146,0.0068611525141523706,0.00013185609347126753,0.0017139792215786346,0.0039869210057102405,5.956167320736516e-05,0.012669875333142235,0.00810616137281801,0.0058237792010176655,0.008877442781950682,0.006175903713990045,0.005278186352421009,0.008909716913533906,0.0013657139453729138,0.01892360022431681,0.0,0.018292795278888496,0.0005630140757822169,0.0014546285667532111,0.003629755784500376,0.004049853308918765,0.001150669010868606,2.6023693266659288e-05,0.0025083330047333983,0.00407670950377889,0.01055809150519837,0.00642823216675149,0.0,0.004835964222768558,0.0047726208553608976,0.002714833920819383,0.0,0.01235510532245661,0.00612446100930856,2.8850899730708658e-05,0.0030806821759370145,0.0056650464269894715,0.002574724964065124,0.0,0.01413981977767845,0.0,0.006724523670206241,0.0013448237245601564,1.3548647922152487e-05,0.0027675306818922634,0.002315011518629034,0.010113160684469184,0.0,0.0,9.820207190962134e-05,1.2101242554727785e-05,0.001213212899124313,0.0013553643731880945,0.00029578157013257993,0.003884892819018939,0.0014074692537204372,0.0009116570877959369,0.0,0.0016873454032673594,0.004134519549090654,0.001887123195594173,0.005326746757637966,0.0003092578150424248,0.0,0.005000267805012405,0.0011070610177595145,0.0006310868239653805,0.0,4.964176937071297e-05,0.00134340120624886,0.00011435145128841998,0.001460033426097208,2.8269785242965557e-05,0.000329611791869435,6.889434363150562e-05,0.0003607256542694136,0.0005662265054913986,2.0468657144723837e-06,0.00024168861405269565,0.0,0.004679980697149302,0.0021692757736592534,0.0,0.00016954303055880012,5.986374824102469e-05,0.0005800861767885044,1.5030193870927236e-05,2.5813717208703826e-06,0.0012499095902098372,0.0,0.0013677193618206087,0.0,0.0003639012617475999,0.0,0.00028596934087268757,0.0,0.0,3.392088830957397e-05,0.0,2.3844265250284865e-05,0.0,0.0007265900122168989,0.0001362755669078765,0.0,0.0,0.0,0.00024585652764310935,0.0,0.0004487762024483355,0.0,0.0,2.562632746996872e-05,2.8245165856149088e-05,0.0,0.0,0.0002475449892517167,0.0,0.0,1.0119287059305736e-05,0.0,1.1416839583992572e-05,0.0,6.125691496172754e-05,4.560147486359128e-06,0.0,0.0,0.0,0.0,0.0,0.0,0.0,0.0,0.0,0.0,0.0,0.0,0.0,0.0,0.0,0.0023774307521029357
0.0,0.12263976658589043,0.04302781320830854,0.06399695476091402,0.020257558734497486,0.028392345696465357,0.030634653181470264,0.008756332916778194,0.016458728355919508,0.02473226858945581,0.0,0.004796603473688676,0.0,0.03142312417650149,0.007064351316312251,0.018967449896782472,1.1041750891000464e-05,0.025377771746177787,0.05511058814467745,0.01665321325199638,0.0061633708617245585,0.014145371262704742,0.03810407246653776,0.016109172046189654,0.031839697042486154,0.024805346587751815,0.008048756741001358,0.004835437392281579,0.012825678043615386,0.004760456562128067,0.0010917896028760292,0.0014721624244449256,0.04768110017924198,0.004334122917645333,6.594691977745276e-05,0.011284856078974307,0.0026723523118394946,0.014439854059942385,0.012036557451679187,0.000667586416746278,0.02353393752797038,0.009531129888353728,0.006333871574402107,0.00453916284412219,0.00043903578548466104,0.00768795514013561,0.002815873468348499,0.00396989394105783,0.007840009670606758,0.008814895654034446,0.0,0.004494039026887923,0.0,0.007675415303374229,0.000980170874422166,0.0012000553570075511,0.00018875364009312873,0.0011758211409055373,0.002814150338957397,0.00016363139689641972,0.004323833034329045,0.0076507174499608,0.0,0.0006817713360607545,0.0017559475213757426,7.326620046890505e-05,0.0,0.001806616374971136,0.0005911633260369887,0.015358209766115438,0.003156064001811166,0.0051418575216459214,0.0013133116860119655,0.0003548515229308115,4.9093916407710966e-05,0.0,0.0015309972033653448,0.005560058639223304,0.0008817406811508396,0.007283718282827885,0.0018821135618990138,0.0008399916063946912,0.0,0.0,0.008249635651491317,0.002116559855307995,0.00028813946868903715,0.0043821653736525554,0.006192907095391198,0.0,0.00024383031144697642,0.0022164357013160787,0.0,0.0002752250551430417,0.0004516698051283592,0.0016253690973673113,0.0004566500123420322,6.289738833023673e-05,0.0,0.00018280039712652963,0.00016167840227606666,8.442325160495584e-05,0.013552537943976784,0.001227886182887364,0.0003998835331010483,0.004196249157846326,0.00019801143521461207,0.0010585354741258638,0.0,0.0005042035891881952,1.9285688292471503e-05,1.4406732212211325e-05,6.048758826850834e-05,0.0007588076361687357,0.0,0.004355809397209838,0.000859870709480817,0.0,0.0012614129078510384,0.003357190431409802,0.0002231615006474879,0.00010840279686029339,4.979591501364712e-05,7.660770274363383e-05,0.0,1.7215559101149228e-05,0.0,0.000508782794177244,0.0,0.00020051472273143462,0.0,0.0,0.0,0.00014421139089548215,6.26702600231822e-05,0.0,7.186957634144844e-07,0.00021211790146023293,0.0,0.0,0.0,0.0006023759270933076,0.00023474583166287397,3.182632752303807e-05,0.0,0.0,0.00117631587821854,0.0,0.0020911813367882437,0.0,0.0003592709672112575,0.0,0.0,0.00021275124852327697,0.0,0.003963161111102022,0.0,1.7697843444636538e-05,4.983969024713088e-05,1.0436731102181741e-05,0.0,0.0,0.0,0.0,0.0,0.0,0.0,0.0,0.0,0.0001397811569651486,0.0,0.0,0.0,8.068792742470617e-07,0.0005732651952159638
5.56583670617661e-05,0.0694006335172568,0.036315767523571976,0.05074528798424157,0.021667316048170196,0.04154594468087047,0.01903234527778151,0.006788242037187253,0.012768260480287051,0.11965187650188379,5.8317062139432215e-05,0.0034647079868671475,5.7250964759381666e-05,0.026488168482286332,0.0052887141346442046,0.008755375100847911,4.8188329526572655e-05,0.01919015132581402,0.03864696681601292,0.06443248820747059,0.005316465580483919,0.010189048240366491,0.036448027650896206,0.0054763202193889296,0.020796973635618454,0.014315556111270214,0.02167946008145733,0.0022604872638190376,0.01534808072533187,0.004921181058404728,0.001227832573911374,0.005140716061846356,0.0030631730304010595,0.004141900338395034,0.00012785797980200802,0.0063148338973302255,0.003065390897811606,0.0013282154327085443,0.003483244342164325,0.0007872985792187439,0.04810208096784683,0.011781028630712348,0.00951783160092929,0.002422657626765136,0.0028655864593264656,0.00439511357022215,0.003062003472949449,0.003174581242224175,0.028218908141542556,0.0044787287588201495,0.0,0.002580830356072659,0.0,0.009838142435898607,0.001709544863395959,0.002345626913593147,0.00041010198714202,0.0006950779205553444,0.0019950787761981305,0.0001256145089790169,0.003522425717786468,0.003921085224163429,8.191938373258962e-07,0.0013185664735896262,0.0016201239180309926,0.0007316456337594085,0.0,0.0009943404606809396,0.0001843645344827488,0.03063518382303149,0.001980259128890906,0.002557672616467205,0.0011026290226478677,0.0,1.4167452390009861e-05,0.0,0.000981050682881599,0.015475590851341292,0.00011657783733792792,0.005641956123246264,0.0019708827328956003,0.00026976707807313923,0.0,0.0,0.004037800525107501,0.00021749029566637775,0.0008588849130847002,0.0017307641582187745,0.01156425942205791,1.9203016553813366e-07,0.00022107281512007484,0.0024405226356704573,0.0,0.0008435046117522851,0.0002504221667283538,0.003435468631878525,0.0008124623583826118,8.220143348526267e-05,2.3893153135978106e-06,0.0006046953426582278,3.557115983457128e-06,0.0006742945736353622,0.0038204394550329884,0.001055253112985527,0.0007021808438922949,0.004764456665227205,0.0016627061944420258,0.00504968375847026,2.2058502101148596e-05,0.0001446026508595721,4.5515109037204694e-05,0.0008985077691965395,0.00010085703610522337,0.00045222778299968194,0.0,0.0019141868298199905,0.0011783845142592834,0.0,0.002811458335576393,0.0033851377636151952,0.00030080544213978243,8.170910256207077e-05,0.006759351290255248,7.089579287635876e-05,0.0,0.00024008410391509392,0.0,0.0004750757077933217,0.0,3.85790710996833e-05,0.0,0.0,6.255104198195683e-05,7.51422360907658e-08,0.00012669368830633097,6.143953508327904e-07,6.969041727586634e-06,5.6410984849547966e-05,0.0,0.0,0.0,0.00021187322655308495,0.00017998157131160939,0.00023845468598908184,0.0,3.620407648483672e-05,0.0013611373546675981,0.0,0.0026487828870212873,0.0,0.00310602754966204,0.0,0.0,7.014635315160285e-06,0.0,0.006656214699186102,0.0,3.978058304859068e-05,0.0004326969507025964,4.780163458576239e-05,0.0,0.0,0.0,5.892739921653421e-07,5.9214850548600436e-05,1.4100440515786594e-05,0.0,0.0,0.0,3.0094132395208342e-05,0.0,0.0,0.0,6.318121514127163e-06,0.00032488858486761827
0.00012960904780251147,0.14757449343372037,0.022553513041509803,0.04315047863812083,0.02300226433588515,0.0392030196706685,0.045876367454198624,0.01873298998522328,0.012958432215754425,0.015093352335243311,4.803376981596742e-05,0.020874683065366047,0.0002414059635990623,0.0246393387003898,0.03247976869743584,0.035090853896181384,0.0004836813373333974,0.038903112936988095,0.03848149336769246,0.008254902783654473,0.010408704936298004,0.0023040054532807133,0.017557101385259295,0.0033476096035371878,0.05808405386189284,0.032642302837431095,0.005484959222461738,0.01204772677740234,0.00370938382250985,0.0023559582923368544,0.0005008779336740075,0.005620312459596394,0.00012709691268801288,0.002567846480471284,9.027438767121479e-05,0.020484458024234774,0.0005711213004411279,0.0011102550649688004,0.002786888096560181,0.003875351344642938,0.0005250116897925183,0.009910162714446525,0.012204464852920783,0.005639740790415611,0.0011271537347906108,0.021682211068809534,0.010507968994979829,0.012944046428106865,0.0012089818544623997,0.019917212298592515,0.0,0.013962143469102609,5.016458433842545e-05,0.0025805055062081035,0.005374650805212633,0.0019733952770112717,4.433804249450435e-05,0.0005540161926964008,0.012946198582461706,0.0002972939354186323,0.004524007054688502,0.004343029262385343,0.0,0.0025708817520140597,0.004901106283224027,0.000896520038340678,0.0,0.002263751843584576,6.180040033482864e-05,6.16553401987488e-05,0.00559793359724942,0.006131346938174776,0.009218122502094807,0.0004142806974907235,0.002613070623966892,2.624851536008275e-05,0.002053383552696711,0.0004961870465838641,0.00037407303724353117,0.0006164064091572595,0.0028993452684799416,0.005461842725248702,0.0,0.0,0.00046964012641900966,5.1377950899243e-05,0.0007709538673320891,0.00044436123766062886,0.00018092454882541966,7.104787555804913e-05,0.004046330076798657,0.0017039721622891214,0.0,0.0005411901600687961,0.0029959215940426605,0.0010272597451530386,0.005914086050462788,0.0011727187644628573,0.0,0.0006506325472041098,0.0004023092851608962,0.00018481219965109025,4.47921918202372e-05,0.0010990906712612146,0.0031999221053480046,0.0005586331422283127,0.00014307538833692183,0.00011295277176899576,2.873806514498697e-05,0.0015827614287546126,4.515905608707867e-05,2.1161039282750416e-05,0.0009398098595525395,0.0007867728435609803,0.0,0.007912351544739914,0.0035149693859226725,0.0,0.0,8.552777857990918e-07,0.0009508307642382013,0.0006547912305146787,6.44462282356488e-05,0.00012849570387121382,0.0,0.0020421944660760807,0.0,0.00034453838294988873,0.0,0.004915807459074828,0.0,0.0,0.00045970758654703307,0.0,2.1617124065683572e-05,0.0,8.270191849507032e-06,0.0003618880506470111,0.0,0.0,0.0,0.0015106463065980137,0.0,0.00013565768403387785,0.0,0.0001793233857805243,0.0001539134513696685,7.055793532071554e-05,0.0,0.0,0.0001621946871082997,0.0,0.0,9.220112396753366e-06,0.0,0.0,0.0,7.278827380986433e-05,3.4081854538873434e-05,0.0,0.0,0.0,0.0,0.0,0.0,0.0,0.0,0.0,0.0,2.4955372010236832e-05,0.0,1.0972737169753697e-06,0.0,1.6482223171493407e-06,0.004650008704625001
0.00012441746119037843,0.0832262751517528,0.04899569518515041,0.021322916899003348,0.027207321161761003,0.07065189102510762,0.02887674560900117,0.0074653178577223965,0.007958373903866755,0.041734327715733835,0.0003048703085068669,0.040938389198108334,0.0007056991827261079,0.03045324373497001,0.043897185748894674,0.020458492796776126,0.0016487422209375058,0.01795255154316652,0.00850526675017457,0.0054225599500096235,0.020307699720349653,0.005338347047869166,0.021265396217116678,0.0022715065665821284,0.029897853244351413,0.01742765383143286,0.01188225072918713,0.008478733201613027,0.0059582488033319584,0.0035677127828016466,0.0010700493548173365,0.020341271703054192,1.188818752776208e-05,0.009389015253831772,0.0011760136414435247,0.025824075261777244,0.0009500647188178608,0.0004736121706909816,0.0010434049176408387,0.014804667409133498,0.0003900840040130782,0.008530978166951933,0.017694475595287074,0.007908417546069298,0.005218436605138824,0.009705476774168062,0.02017167528623272,0.01508236421684049,0.0016225886058053877,0.01656784888767711,0.0,0.0011439052741808251,0.0011927013188344315,0.0019766680641297497,0.009240437320614804,0.011634043508227882,0.002796816335859211,0.0009307739073969539,0.00046857120783716825,0.0014392483443053383,0.006185260019634969,0.0032185414255185654,0.0,0.009423318465052963,0.003428599994094271,0.0044532121970621095,0.0,0.001283930158915486,0.002076424714057754,2.2634919840009985e-05,0.0038901428766156976,0.004384089468496296,0.0034899145838052517,0.00028645184013390083,0.005203543461855966,0.0,0.005070978484375795,0.001151523647564124,0.00019284124531133878,0.001636480062276777,0.0063437105399804655,0.008484673136179812,0.0,0.0,0.005762817638862754,0.00010470782930491245,0.004176050653135051,0.0006055890124132686,0.00019799375768198132,0.0019250784585318746,0.005769158913682831,0.0005075262268057364,0.00046646857231612607,0.005472586674871635,0.009717985510213429,0.0031605336272252345,0.00037716581716131214,0.004082164060354032,0.00022451730597774773,0.003938201268350613,0.0038789979174348303,0.0038147082107510837,1.1162395846600635e-05,0.0024062042082726018,0.0029667386722404703,0.0009987354610333436,0.00245621867321459,0.0001711804051446136,0.00026562691636093915,0.0008866274557864615,0.0001979777142893566,0.00011770713837607455,1.1607879095536525e-05,0.000163726366663543,0.0,0.0007606787173737521,0.0011631913190994088,0.0,5.543445865732568e-05,2.2457640464307567e-05,0.0032327164840603366,6.215615265323556e-06,0.0,0.001168418487975815,0.0,0.005426729700883459,0.0,0.00015046484707462605,0.0009399275535910163,0.0038816161536160683,0.0,0.0,0.00011499013371974393,9.077703111736783e-06,0.00017639004876312267,0.0,0.0005311827059922352,0.0005737006001840828,0.0,0.0,0.0,4.6010535921492265e-05,0.0,0.0008459507365770261,0.0,0.0,1.0718841112765805e-05,0.0,0.0,5.6708118353081496e-06,0.00031052894535456033,0.0,1.8410837367171145e-06,2.7116342461822883e-05,0.0,3.696036798507059e-05,0.0,0.0003461203787655347,0.0007401723316335429,7.328552451366772e-06,3.872758217331752e-06,0.0,0.0,4.13993414665929e-06,0.0,0.0,0.0,0.0,5.580248422507647e-06,7.657893599456614e-07,0.0,0.0,0.0,0.00015459170164286844,0.00113214335087189
0.0,0.07091655498680313,0.04092851647981675,0.010169457778626738,0.09102094333018519,0.10854189214673293,0.009669829717649651,0.00047370317540322814,0.0031313814962120675,0.0909765711105197,0.0,0.0250863444589286,0.0,0.020413361299764978,0.02915038188707849,0.008599379055964498,0.0,0.020463426231934354,0.009156529936855694,0.07404725203311152,0.003606056818971481,4.818401952343894e-06,0.009429065544862628,3.747343008056652e-05,0.01342291463647491,0.010683554841543479,0.0001735200890607281,0.0006936849176109506,9.396295373121784e-05,0.00014272405533800533,0.0013242107373342422,0.0003600564419052256,0.0,0.048329590366534114,0.0003067639095609583,0.008084008379856275,0.0,2.8088493381953917e-05,0.0013118107390138,0.004370153387428127,0.08111823782178486,0.008608584943174851,0.002464219677694233,0.0022186026395457446,0.01166108696475734,8.214898577864416e-06,0.0006161927370816597,0.0021980955607713995,0.039857731751092314,0.0028518513988492642,0.0,6.427800121590246e-05,0.0,6.778597149392942e-06,0.0004776175902857662,0.002415378864032091,0.00029520033504640785,0.00019440696125429938,1.1806049608192949e-05,8.85945907283146e-05,0.0014184737471404898,0.0005309877776790645,0.0,0.0001312504836191017,0.014030874905030237,0.0005765530687806661,0.0,0.00030695012583768647,3.6368628874857525e-05,0.03377515889071288,0.0010067856392217205,0.0029025266411224194,0.0005075191379396801,0.0,0.0,0.0,0.00024330528566935392,0.017929852070461383,2.753493645458172e-06,0.0,0.002099397503427077,0.0,0.0,0.0,0.0035279997733944526,4.672067869034749e-05,0.005057953024092056,0.0007287144678557233,0.01391163052718442,0.0,0.001852438685150413,0.0009704821048098591,0.0,0.0010156239350999708,0.0,0.0029600736560103868,0.0,1.1856705919557714e-05,0.0,2.3060132478727017e-05,0.0,0.0014755833678828897,0.0,7.75320600390442e-06,0.00015008227307733448,0.007183124091514813,4.086234233685751e-05,0.0039058903060486157,0.0,1.7805888275323542e-05,1.6557221847056412e-06,7.171129512498267e-05,8.003486716192054e-05,2.1788914517855933e-05,0.0,0.0005451050557011864,5.9848124177669395e-05,0.0,0.00011576421411241534,0.002284108524875784,5.32959036406233e-05,1.14200233456328e-06,0.0,1.5531214141446164e-05,0.0,0.00010527973704060848,0.0,0.0007520347117031256,0.0,6.315808121381399e-05,0.0,0.0,2.9263542118688916e-06,0.0,0.0003861393431164315,0.0,5.313781947955896e-07,0.00015918755568780822,0.0,0.0,0.0,0.0002670375764061208,0.0,0.0008422470183561525,0.0,0.0,0.0,0.0,1.0604346419869606e-05,0.0,0.0,0.0,0.0,0.00012432559234124035,0.0,0.0050964376546225,0.0,1.0646898060405378e-05,0.00016420680931206563,0.0,0.0,0.0,0.0,0.0,0.0,0.0,0.0,0.0,0.0,0.0,0.0,0.0,0.0,0.0,7.397588747383277e-05
1.2604820773023807e-05,0.07869188646843771,0.04440968650512871,0.014709110255758889,0.06523662057814489,0.08580220521175227,0.014055348722780574,0.0019183923201988784,0.0028527493356317805,0.08223262462316466,0.0,0.03749632441778659,6.524739576374625e-07,0.022336892757187688,0.027753314232741383,0.010107157349956609,2.0182354829688703e-05,0.026556472486293767,0.008846659413657617,0.06692284189372297,0.005967673035272163,0.00027352278846144533,0.009948717288868116,0.00024336532189037012,0.015718187508083736,0.012892031610668805,0.0019516552139297258,0.0032712802653490293,0.0005703750333701132,0.0001887113028802494,0.0014910224569666054,0.003349471083950558,0.00027261833046593155,0.03692683097199642,0.0,0.008600848830381737,1.3717992139084258e-05,2.9016165532956116e-07,0.0010051990996776566,0.01066299799043225,0.0800376668502775,0.008299735224058444,0.003797344711330265,0.003929214290118669,0.00815535203008276,0.0001365733380971043,0.0004392282706584903,0.0039508684558177305,0.03923745487946945,0.004164006882281397,0.0,0.00034773112559213933,0.0,2.664242564529777e-06,0.0020345448866679657,0.002723109017070471,0.0003026392016861347,0.0001397840547812947,0.00010321944627434197,7.039187879197418e-06,0.0016605470561701205,0.0005136286382534674,5.987294683024499e-05,0.0005290013869484506,0.01515079738756941,0.002144972679345206,0.0,0.0007828735347465065,7.339279371489973e-06,0.03555919301984631,0.0019805032348592473,0.004559466484117246,0.0005999309405298504,0.0,0.0,0.0,0.0001237578861061724,0.013080094302977208,7.917980370737857e-05,3.0126349393795084e-05,0.0023551309399047243,5.2977003650105254e-05,0.0,0.0,0.0022817950133930515,0.00021675062307226634,0.0041530309755541655,0.002766499924080898,0.013768061365640457,0.0,0.003166582975585408,0.0019578989643971785,0.0,0.00184103698444939,6.784030456785076e-05,0.0018745333910621343,0.00021396439002894892,7.128008309280306e-06,0.0012870101850622959,0.0003825512994612394,0.0,0.0016136946544551924,1.1857566424354835e-05,1.0302239108488687e-05,0.00018705713760608372,0.005785043613508087,0.002420104916736128,0.0037259517681062994,0.0,8.66231956613436e-05,2.4847297880593497e-06,1.2476054169110172e-05,1.9038339946353304e-05,4.8069524995062035e-05,0.0,0.0012447258406431802,0.00012197418870331432,0.0,0.00097097619321447,0.002176972947308645,0.00014355717857134377,5.320318310260129e-07,5.3208605014028076e-05,0.00011814675582183306,0.0,0.00015308127322065403,0.0,0.0004149068367843583,0.0,6.485159069137683e-05,0.0,0.0,0.0002442580676470086,0.0,0.0003214715506552704,7.183952938371844e-06,0.0,4.231129457200564e-06,0.0,0.0002414082597605706,0.0,0.00017406472154364637,0.0,0.0004014807755793568,0.0,5.2734809729686444e-06,3.2472106131271736e-05,3.4847447285128433e-07,0.0,0.0,0.0,0.0,0.0,0.0001389591740459417,0.0,0.003292557239972901,0.0,7.15607328055286e-05,0.0008989867772480576,9.498475112512474e-07,0.0,3.6117673970217405e-06,0.0,0.0,0.0,0.0,0.0,0.0,0.0,0.0,0.0,7.701108560950198e-05,0.0,0.0,0.00032603779189856104
0.0,0.046422788484700106,0.04532236641125852,0.020604165594336362,0.07444825908970688,0.17384077785260077,0.007567803087484049,0.0019571522521712715,0.0038618011625246645,0.06795829626925225,0.0,0.03689665947190863,0.0,0.028251571975727238,0.012075726681727853,0.010083127615577803,2.6884406139704133e-06,0.017022243250747728,0.005982070564002926,0.0788073782970706,0.0013349721468511673,0.00040107154287370646,0.006712615357042328,0.00043360163885692806,0.010829154474238763,0.009517859577143321,0.008422692806752069,0.00023869947952001494,0.0016593801631305664,0.0008442968409678718,0.0015015188044302272,0.013502160895627703,3.33471912617349e-05,0.03854365582367899,0.0,0.008516820288381827,0.00015787588698943985,3.894265750737717e-06,0.0015405860399047011,0.0005749929067143245,0.06262684372389266,0.008148845505752247,0.018659719068308704,0.0015252950684582762,0.0067839438182520076,7.136805697677264e-05,0.0012909406647974905,0.0020962003959449802,0.047483468065348686,0.0008131796016276122,0.0,0.004815422781855689,0.0,0.0003014871488730343,0.00010791034079444703,0.0026268469384211506,4.458697157514306e-05,5.827590049810875e-05,1.0934893287276769e-05,8.028693525102289e-05,0.001341433008726736,0.000803233273883404,0.0,0.0006923618758072235,0.016501547313063424,0.0032188624148733473,0.0,0.0008455677989213579,4.535104768434631e-05,0.023166016939542605,0.0013302583423436146,0.001644716652918589,0.0025596634555817388,9.868404210816564e-06,7.25496432181565e-06,0.0,8.965092225274766e-05,0.005323024181878618,0.00019130729241678628,0.00045664093422000633,4.265127373678784e-05,0.0,0.0,0.0,0.004153719655775276,0.0,0.006476604903784008,0.000822590289148198,0.010075133579621767,0.0,0.00318104615114402,0.0014172426848087396,0.0,0.0017274754815306671,2.5908273089135097e-05,0.00031681766513515274,0.00023568716273373528,6.185245176315136e-06,0.0,2.527401090628292e-05,0.0,0.0023910694200471585,7.541893361167152e-05,3.358606331276013e-05,0.00022444273577180377,0.0014752155770563742,0.00014111175018566055,0.004679759545936713,0.0,8.016015218527352e-06,0.0,0.0,6.600178529265947e-05,8.163789142675731e-05,0.0,0.0022052158778612433,2.5171744953913657e-05,0.0,0.0,0.0010501281241179561,0.0007872048916458183,4.890358888883824e-06,0.00019272298133280242,1.0799713888342927e-06,0.0,1.3019069152076182e-05,3.748229434664798e-07,0.0005633092633054132,0.0,0.00011123452351786598,0.0,0.0,0.00046153083937041,0.0,5.2560550914125346e-05,7.797007309237349e-05,0.0,1.7833525289997064e-05,0.0,0.0,0.0,0.0005240998353935758,0.0,0.0015705801978570261,0.0,0.0,2.2617922180272758e-05,0.0,0.00013515356200511521,0.0,0.0002397510076548348,0.0,0.0,1.5885615985497444e-05,0.0,0.0008713300126862783,0.0,6.3491350071054585e-06,0.0004328350728781913,0.0,0.0,0.0,0.0,0.0,0.0,0.00011256349448345702,0.0,0.0,0.0,0.0,0.0,0.0,0.0,0.0,0.0011756040975527677
0.0002703231750323565,0.07219809201982032,0.02633805970302767,0.027882782873923238,0.029537393378618663,0.07308984968655487,0.022226335088937142,0.021023914246123168,0.015574125424645908,0.027030390099741213,0.00027471275942242163,0.03670693540733801,0.00048548946398632714,0.02399685327814495,0.04300972249426526,0.01361989778939382,0.002001607576925127,0.018824062014056793,0.011598044594852122,0.002008701855722208,0.011524489425367873,0.010323799543772338,0.02495647054391739,0.0014036695447904274,0.023296603873108643,0.020485436808549282,0.01709101975997687,0.008034636514741378,0.005204648270280918,0.007007157705537327,0.0010181536156470784,0.01555337530433467,0.0007092717202511772,0.01236950511857223,0.008911284794127707,0.012489275327370283,0.005647866448440736,0.0010179086350672326,0.0013270745114963916,0.019480538202934307,7.949367731806482e-06,0.009166534735760953,0.01680470968893512,0.005627401298965181,0.007077541729758829,0.0033359905804497126,0.005023265436788942,0.0391343132118782,0.0010400901861649426,0.012450040968332193,0.0,0.011430517558726804,1.1325184786031958e-05,0.011004333720553882,0.011553561820318109,0.007924672889240618,0.0015127280889452592,0.0002795132931752141,0.0009134120785425973,0.0062239048866706195,0.006005484788379643,0.004361927953890156,0.0,0.004642723664362947,0.008186724165089527,0.0036607341118203274,0.0,0.008505951918253677,0.008446829785609195,6.149067718045267e-05,0.0048554362891416476,0.0032096857080091226,0.007472238671901123,7.527616393657927e-05,0.0030453222347876356,3.488270981913881e-05,0.010425582044733516,0.00024291101894679734,0.0005256043684072831,0.0035083072420391726,0.0055354821282253925,0.006642736209232812,0.0,0.0,0.004518320292726,0.0004597114149746772,0.0033255282058639833,0.000407088923585673,0.00030049440386429346,0.006593190561219553,0.005455104686759979,0.0008288935209203218,0.0,0.005530572659603905,0.002037094383125581,0.0027986099397777214,0.004128291652368444,0.0005471758865315792,0.001267605182702098,0.008377935815868032,0.0024969353051853874,0.0027503662051655354,0.0002018206717243388,0.0002506610306038911,0.0013062702769321174,0.000746178051993308,0.0032964681870837364,5.009687514316324e-05,0.00042432979155360053,0.0003440723596600222,0.00041089404100284703,0.00045436367379224677,5.643373444254738e-05,0.0004317964855235871,0.0,0.002041684045640405,0.002692897561824151,1.18166735062354e-05,3.505566665078192e-05,3.0254372219698747e-05,0.0024841051136112566,9.931474454534163e-06,0.003697346204301819,0.0019286461286989627,0.0,0.0015272416893024811,0.0,0.0004190741285999539,0.0,0.0006001653467134222,0.0,0.0,1.7420160861536615e-05,0.0,0.00016216773406515107,0.0,0.0007401034080853396,0.0001921608109408986,0.0,0.0008048397653762938,0.0,0.00022868879574445913,0.0,0.0004084433393064221,1.3744941598001878e-06,0.0,9.003353631673363e-05,3.12557611921551e-05,0.0,0.0,0.0011040488611381947,0.0,0.0,2.2704528982953962e-05,0.0,9.024098227837082e-06,0.0,0.00026848833518351765,0.0010598948529672806,5.387324247941719e-07,0.0,0.0,0.0,5.263199317765358e-07,0.0,0.0,0.0,0.0,0.0,0.0,0.0,0.002897704953743056,0.0,1.2818056896848378e-05,0.0011566236509261223
0.0,0.07059945375959649,0.05664730333348132,0.03433284932611529,0.14224445730593552,0.13739699342041037,0.015624432248121455,0.01649356749180523,0.013523916533019154,0.05535497487399866,0.0,0.048765794604374184,0.0,0.04516098391296186,0.021452201011649002,0.019864358934966856,0.000297418270070266,0.0193980750912973,0.009124155630002795,0.009921843030640178,0.004250835521445976,0.003032645989137806,0.009539731558997658,0.000314113125439593,0.014397204954868353,0.013175126608401875,0.020875615487871594,0.0019360289808161635,0.006758494609697,0.00202757601826502,0.0006613206523296984,0.005720889243726227,2.576983293994934e-05,0.024563281613672782,0.0,0.009587974879768795,0.000610583857186964,2.504894238814154e-05,0.003337885236911268,0.010038370901019045,0.0045779552584144486,0.006507576646536684,0.0154842310402066,0.002485887057832101,0.008480118162819222,0.0012122110580017253,0.007756334880230048,0.006942375941751464,0.004317820568339111,0.00038728290413230827,0.0,0.004323595275561858,0.0,0.004319079567752648,0.00216996907901654,0.003812631361563351,0.0005281776037137894,0.0007389289642031609,0.0,0.00013461145781599486,0.0023046918072663044,0.0011214160017833886,0.0,0.002287761769936325,0.007666379696897821,0.00027070567479743493,0.0,0.0017506609844284713,0.0001637938961663134,0.0010244412511124811,0.0018269588923765004,0.0033341618835939953,0.002123725548009092,5.11013990429575e-06,2.7651889769795982e-05,0.0,0.0002529714455701706,0.0009338447060757569,0.00015859009061029548,0.005914076624578436,0.003974450634948884,0.0007162806291036785,0.0,0.0,0.0032779198404478504,2.6316910245486265e-05,0.0069815784019227395,0.000961993009837542,0.0006926496964401061,0.0,0.004741188703624701,0.0006408862447896201,0.0,0.0021351953490363475,0.00036302021864120066,0.0028915657528190237,0.0001056757775813146,0.00038734209033857857,0.0,0.00011309470827973698,3.238048397418416e-05,0.0019110724687758007,0.0002527731791286185,0.00016334610447524928,0.0005659542029485358,0.004177558912489981,0.0001934610475811646,0.0007311730895207148,0.0,0.0002219292141299476,4.540745091006293e-06,0.0,2.4876955994336635e-05,0.0003242101734048577,0.0,0.0010149355428473211,0.0005098005429621468,0.0,0.0,0.001345885121924119,0.0008923094202899775,8.395495841935418e-07,0.00034124639414297197,1.2605252179790585e-05,0.0,0.00019553546446997525,0.0,0.0009976525100761076,0.0,0.0007697662458546042,0.0,0.0,4.701938741121195e-05,0.0,0.0001560674298252121,1.487916897187916e-05,2.675831371336167e-05,0.00027545308598953103,0.0,9.168337185179241e-05,0.0,0.0004832976009869781,0.0,0.0007264255540807542,0.0,0.0,4.519416232402704e-05,0.00013573994348892255,0.0005325730741438217,0.0,0.001109126269431298,0.0,0.0,2.4327939720426622e-05,0.0,0.0001585541470423275,0.0,2.697380830813469e-06,0.0007162186284644807,0.0,0.0,0.0,0.0,0.0,0.0,0.0,0.0,0.0,0.0,0.0,0.0,0.0,0.0,5.725890574855915e-06,0.0003282421371481472
0.0,0.08309952496121208,0.04294248868413709,0.04442074240651456,0.027343186968402846,0.029219244674367324,0.01798636347294033,0.043913774062310396,0.02759881454905453,0.02917289595871387,3.293053328170293e-05,0.009427131411928715,0.0,0.03131096794535072,0.020271079340511325,0.019127207337007773,0.002774677100718159,0.015599739878267604,0.05876994256245266,0.009729985703011404,0.00456715142564209,0.011892066733641028,0.03877636502514351,0.013889542946548107,0.025674675289351804,0.022006946878895393,0.01454537153278648,0.0041521062086363695,0.014218994570544041,0.0052747530123264125,0.0007150404408271838,0.016266011909186733,0.007881253656804298,0.0008543916229242079,0.0009080657021725254,0.010900248457996042,0.0028227417624525244,0.0055253083677377504,0.008662371059808532,0.0024186601036927545,0.013596805428607885,0.007077510451686362,0.012398617201209348,0.0039213105720045304,0.0006450095770686423,0.0036493883467421818,0.011778098181034225,0.024015101073429343,0.0062303102722780215,0.005179951645555936,0.0,0.024345042179808863,0.0,0.00846649502390706,0.004507536967383986,0.004141545372536034,0.0002218300426113882,0.000756711230673332,0.0016990501405179214,0.0002765297965434889,0.004107445354535852,0.004644063152093063,0.0,0.00340243775942825,0.0008784284286214878,0.0001370325603818919,0.0,0.0026297048812625053,0.0006585388044050358,0.007790710080033479,0.004001329336919312,0.003130694613248471,0.008550968292748524,0.00011408560378925444,0.0058809867059773265,5.206792341145283e-06,0.0009962789395599825,0.004934692628375455,0.0005608266595061563,0.004393624193663685,0.004315981406999045,0.005195534418886873,0.0,0.0,0.0087688631673791,0.0017373452827426886,0.000413902537736674,0.0006336497115311248,0.0032246710792550614,0.0006779659372783348,0.0013513187216586922,0.0009237811967103467,0.0,0.0015476718144480904,0.0015178812262049673,0.0005478586107153748,0.0022224150585756757,0.0007842284716188846,0.0,0.003444460720768482,0.0014615895080236304,0.0002344856298113922,0.014068855831198905,0.0029186176570808638,0.001261111241040977,0.0006802724758284154,0.0005300206504751483,0.0006031157543847019,3.30471444323398e-06,0.0005740949484882605,0.0001418236695010982,5.623633432406527e-05,1.968157456002616e-05,0.0010128211480882512,0.0,0.0018412319350588824,0.0015120359876796372,3.527648249180651e-06,0.00265209844352781,0.0010524387606801377,0.0011549105559754077,0.0005223105707777728,0.0006369967604000724,0.0003340981456865604,0.0,0.001859416745256959,0.0,0.0009152690587427504,0.0,0.0009386252142749167,0.0,0.0,8.613115546635914e-06,0.00014678874831697074,2.3575360613478207e-05,0.0,0.00012903088909712058,0.0006499086996652224,0.0,9.341435654264241e-05,0.0,0.0012004402910257234,0.00010840447925436727,1.1805890069784955e-05,0.0,0.0,0.0016808652499229685,2.3327066451512996e-05,0.0018466335010687174,0.0,0.0004742258562897153,0.0,0.0,1.1085508366277575e-06,0.0,0.0015374733042525773,0.0,8.237002282617943e-06,3.596465670344432e-05,6.085340757852064e-06,0.0,0.0,0.0,9.803551097255738e-07,0.0,0.0,0.0,0.0,0.0,8.185026472495372e-05,0.0,0.00017691384943421001,0.0,0.0,0.003041170298174382
0.0,0.08220019873802162,0.047883341835466275,0.051287504724224574,0.024203258610607622,0.030760642626945743,0.01900495585056781,0.023710443101774066,0.02310305369353449,0.034667607360551696,0.00010248521034305782,0.01013669362462156,0.0,0.028798142254143955,0.01768410021590391,0.01859520399016967,0.004254539001413585,0.019845046417431466,0.04247108395316692,0.010489497905988875,0.00695856386406544,0.018602849825960645,0.03594911775955534,0.012662394836114097,0.025791327672070586,0.021619712911116726,0.02642665550077524,0.007237779566254763,0.013055459309027316,0.005870095029026568,0.001271366984533648,0.01441693966231358,0.0075665690681414625,0.0008243165144653534,0.004235328259461421,0.013427695832873924,0.005136754840568538,0.006971524643964519,0.0070234903623858985,0.0026884404747749883,0.020741164521358324,0.006898435121302831,0.009713417248185145,0.0051263792494046475,0.0016857454741419726,0.0036883782043078497,0.006679600707243972,0.011834276843471516,0.008775190213857448,0.00919347429946309,0.0,0.010257386524488248,0.0,0.007267818268407572,0.003841010811051651,0.0038164253963146938,0.0009061267089272999,0.0008332464196562859,0.0006917535619679778,0.001106878334909075,0.004462479740838805,0.004144253293619048,0.0,0.004383604308363814,0.0004060790959365156,0.00043259245929416865,0.0,0.006929546029458819,0.0020309527160133605,0.011271449285905283,0.0036006338203488737,0.0043248226363334745,0.0044910854170855385,3.5180837098926775e-05,0.004499014040817401,5.305544733307817e-06,0.00539516011086139,0.007848978383340283,0.0001431403139083417,0.0036647760188585933,0.004412114236617917,0.008859745925869847,0.0,0.0,0.010204199635212475,0.001569677990185164,0.0015434168118472415,0.0013849985575601737,0.00556467865407342,0.00416300649841526,0.00016546392290035276,0.0008524295510984216,0.0,0.0016430831129302737,0.0030154050993432832,0.0009772652075736167,0.003098607863576485,0.0007125490033596789,0.0,0.003843310206056264,0.004893799473207136,0.0007872802817752471,0.0030060408182217358,0.0032093600118412472,0.0015031025585144485,0.0009582104802760414,0.0005930854464998432,0.0006805379393643651,8.317457971573023e-05,0.0005972075658120273,0.00034656618653114527,0.00021602742954725116,7.48587769002912e-06,0.00043386512026812393,0.0,0.001499120518058808,0.0011329166130227668,3.5945538756182006e-06,0.0011423578605310898,0.0010373042391948722,0.0012671911019801422,0.0005269047379090453,0.0011185834942227574,0.0021038283037333005,0.0,0.002710212807512341,0.0,0.0006554148745777974,0.0,0.0003205129022485717,0.0,0.0,0.0,0.0,1.0612204024852713e-05,0.0,0.0004621056703000423,0.0009046181019629557,0.0,0.00027603957354237527,0.0,0.0014128132998721533,4.079437096068168e-06,0.00022237049616793869,0.0,1.3535628283410806e-06,0.0006848744415971779,0.0,0.00038966025828113797,0.0,0.0006546967336682959,0.0,0.0,0.0,0.0,0.002187895988544296,0.0,2.100346917036912e-05,7.462901083581703e-05,1.6297314352193612e-06,0.0,0.0,0.0,9.98948594141906e-07,0.0,0.0,0.0,0.0,0.0,1.2019089960526509e-05,0.0,0.0002372305529789229,0.0,2.4522645298263897e-06,0.0015353351182555656
0.0001570671820779438,0.10422253758561957,0.02363620744474642,0.03442701294807486,0.028698203324901174,0.041236711415468356,0.03222056396550085,0.08806066985281476,0.009210362306582277,0.01820917354015591,0.0002705364950021415,0.010720024949793086,0.000601240529467018,0.014563131619558477,0.02677589185722046,0.023561675590912146,0.00161544425718421,0.013768265921835676,0.018700388106455,0.0036069338163374834,0.005160885324291958,0.009577253669518017,0.012005078502814941,0.0041133158826554325,0.024067230083495688,0.019855738212120184,0.020036708382534112,0.009437962283462865,0.007723880608769686,0.003000885172757726,0.00034071506155971377,0.023941186322103094,0.00040083049104278144,0.0028895682082812103,0.0004437256513333115,0.013298690190959554,0.0016599538781317765,0.0015822883635442466,0.0017939473462317075,0.00415300686168442,0.0003798355852663205,0.009120999903433675,0.06371103296870678,0.003976515034722674,0.001668263322782712,0.018511562637975647,0.019295798454998663,0.01696887728442727,0.0014126774922141334,0.0052097152183550365,0.0,0.03744975519320811,0.0003185294257031884,0.004273648164691376,0.005108717143616072,0.003650941731576465,0.00014074972148968897,0.0023352979627506787,0.010563938640028261,0.0002712966455245053,0.0035111966471886584,0.006706188853336909,0.0,0.0037380519106313117,0.0017018071987772777,0.0002923159232700172,0.0,0.0020641745037543713,0.00013965497743073405,0.00015092693971259082,0.005031447057504835,0.004213835515781416,0.0052719844554751615,0.0020414808745486557,0.029753174287691708,2.5380336416053927e-05,0.0009434603443172514,0.0,0.0,0.000498559117260673,0.002937187466284873,0.005631402423017927,0.0,0.0,0.0010285737817797267,7.015963002222443e-05,0.0007018018639301228,0.0005767612519406695,7.64253628335771e-05,0.00040162718265565893,0.0031836630492646056,0.0009692818388405865,0.0,0.0009777997518839042,0.0018528815021044837,0.000897526765045514,0.001481041522643864,0.001999549820398165,0.0,0.003093433815842105,0.0015140734531151234,0.0008345132025501073,0.00010895626097624191,0.004091506554494938,0.000887822512404205,6.574152280740095e-05,0.0002667863929722321,0.0,0.0001458672083333316,0.0021994125388157975,0.00010346189711775693,0.00021486301504589303,0.007626763482301576,5.0168999405647586e-05,0.0,0.0026676222147345493,0.0012329852508975718,2.149425535329083e-06,0.0,0.0,0.0011379415467127943,0.0021256924187036336,0.001326130188263246,0.00042250183506491754,0.0,0.0034279498127988157,0.0,0.0003168677108852062,0.0,0.0006863231825210955,0.0,0.0,0.00017867507007915818,4.162893374079682e-06,2.718931254445095e-06,0.0,0.00020637344894285166,0.00022718542592050554,0.0,0.0007171686583003728,0.0,0.002702461253135586,0.0,9.486159528320355e-05,0.0,0.0026194862356848053,0.00013774025390652717,1.137070110249141e-05,1.3352803401667187e-06,0.0,0.00039496777504642155,0.0,0.0,0.0,0.0,7.194805293494009e-06,0.0,2.4953658303894757e-05,5.610169616624319e-06,0.0,0.0,0.0,0.0,0.0,0.0,0.0,0.0,0.0,0.0,2.7841111069829437e-05,0.0,0.00041167953548801295,0.0,0.0,0.004692310861342886
0.0,0.0919347966259287,0.02582538168168809,0.07151150743762537,0.03612009388462549,0.05883252106529295,0.024755355380468982,0.02259489070947216,0.03023462068420175,0.02091833312167427,0.0,0.010698085774205446,0.0,0.06487074861135754,0.002979943180895058,0.030599178124367316,0.00016591118626987906,0.012744643070182663,0.03752824615676177,0.0017166425452520336,0.003848437788461045,0.02225848194800016,0.03084332359902988,0.0026367209092918223,0.014319312424974707,0.021490050407049696,0.09548302568345372,0.003799108652983204,0.013470989457198441,0.008706061815656346,0.00038542130070501183,0.004873245051156567,0.00026874185265042696,0.008450436948922483,4.826206864983467e-05,0.010265488953186304,0.0025139256867297483,0.0002699467437527317,0.01318648112451192,0.000537553768232577,0.0008284104124399505,0.006594697045199637,0.017805560782107523,0.0026642601456120813,0.000629869495913185,0.0034319741059007257,0.030925451364364896,0.0031784823185087227,0.0009658618281344041,0.00018270209830275813,0.0,0.003909608201127662,0.0,0.018149507783771005,0.0005491118209467813,0.007111595644083865,8.021360792615072e-05,0.00024113203216075246,0.0031281373705418854,4.402943647016326e-05,0.003450723541731726,0.004517113575289666,0.0,0.0010932096273899303,0.0015607519596607866,0.0,0.0,0.000596349354259564,0.0003350890515864614,0.00041458502209109266,0.000938415267206455,0.0029088966633567695,0.0021443417471952156,0.00025533238733056133,0.0,0.0,0.0017438806921764743,0.00018920673488266877,0.0013838748132811117,0.021773110875415187,0.0010128661287126172,0.0008153388952457192,0.0,0.0,0.00027697406412488567,1.0080977285792619e-05,0.00023314424431998743,0.0018692890189213238,5.7854552282263405e-05,0.0,0.002609676970264956,0.0002765282851867638,0.0,0.0007759634287027923,0.00016929314536916998,0.0003899720124053542,0.0018373141061563678,0.0005149196699194402,0.0,8.682190818307715e-05,0.0,0.00022257891916226417,0.018865312909306767,0.00021185856822253938,0.0005206908361924895,8.914012239035706e-05,4.093936483580645e-06,1.6826479451910155e-05,0.0,2.1499279215255353e-05,3.6040922149523952e-06,5.6657176252456935e-06,0.00010672341651108149,0.00046443354774970924,0.0,0.0009317226002143799,0.0005428165932417485,0.0,0.0,0.0024276697717585923,0.0006453673817570391,3.0016876845757663e-05,0.0008110843322473868,8.262728763000667e-05,0.0,0.0004199811797240935,0.0,0.001510939244724467,1.3813432276418083e-07,0.001542629424623117,0.0,0.0,9.600709075226251e-05,0.0010129884489954854,2.2203078445431422e-05,0.0,3.1909702400142366e-06,0.0002624380772447101,0.0,0.0,0.0,0.00043364784226507437,7.161629782805589e-05,3.927328957167889e-05,0.0,1.1609462284902265e-05,0.001159091896245375,0.0,0.008652141696587456,0.0,0.0008936369602952929,0.0,0.0,4.864532805325922e-06,0.0,6.123631100765052e-05,0.0,0.0,4.687868190710929e-05,6.944715372829157e-06,0.0,0.0,0.0,0.0,0.0,0.0,0.0,0.0,0.0,0.00010986140489251262,0.0,0.00011425087999433421,0.0,0.0,0.001173258073336426
0.0,0.11274097414094744,0.022804521826065263,0.05255147502065256,0.13012258150891812,0.09846712999974555,0.023744028995161145,0.020108167724314525,0.012134427320979978,0.019074578755780346,0.0,0.006023091032231139,0.0,0.054290198317083545,0.009627007680136622,0.023686552039248396,0.00010234321557777108,0.02496885391346392,0.007985775033839378,0.0038145324825963212,0.005830254949705824,0.01733569971383251,0.010741162772818825,9.596262914771205e-05,0.029168692066049176,0.013568437670611208,0.0714024651293849,0.005431343017670273,0.028586014590624542,0.005210575848513435,0.0003158962267598969,0.00340588452511384,0.0008688909640603506,0.01665169275548819,0.0005327211509708598,0.013144272457887974,0.002266221846869894,4.026922569793366e-05,0.004219798465332119,0.002686373648336643,0.0009133942649939778,0.005048870939891898,0.024084299473477167,0.0030307109914283923,0.0019031878310427476,0.0007665717296370072,0.003236542269851377,0.0014965548080554951,0.0008331619918488208,0.0028820426341747015,0.0,0.009432255820453888,0.0,0.0018214506708271066,0.0007366281325942621,0.0013091694952273214,0.0003818833850653886,0.0004998909024562327,5.876164379306216e-05,0.0006758248117913152,0.0017044848298090546,0.0010874973170183421,0.0,0.0005308211878102016,0.0012393604696884098,0.000404386038849691,0.0,0.0018562596526415182,0.00029534387982578573,0.0009613486984636506,0.0018860077736396266,0.009838005260605753,0.0014903762681122493,0.0027597192484340844,0.0,0.0,0.0017264517178497349,0.0009169719886072848,0.0004618602846593828,0.022450022844240337,0.0012686920836924409,0.00010798979513677122,0.0,0.0,0.0014073198347662923,0.0,0.0010301852236943806,0.0006124799978502232,0.0005034235163735173,0.0,0.0027404705937588204,0.0018152157072590523,0.0,0.0008079049900704715,5.141781054700018e-05,0.002167881736741466,0.0036461155025563183,4.6300999926741275e-05,2.3363669801527166e-05,6.0727165165720344e-05,2.9908895392052063e-06,0.0003165745891844677,9.842243125603055e-05,6.128217888012492e-05,0.0002652325012481305,0.00034364283683452357,0.00010033843739453383,0.0003433110781912159,0.0,0.001088055693015061,2.7580744272096468e-05,0.0001316005803038938,0.0003811862927315908,0.00037912825719707533,0.0,0.001140791098061438,0.00023159253307202562,0.0,0.0,0.0015338702348058027,0.00019485573689755086,1.9148482144555207e-05,0.00012775493332680378,5.103715401817283e-06,0.0,0.00017773262844010413,0.0,0.0010811484490436986,0.0,0.00013515422467360908,0.0,0.0,0.0002115445219031936,1.606442194418605e-05,7.462599259826973e-05,0.0,0.0,0.00027281714381790936,0.0,0.005324201208070082,0.0,0.0005937495436534072,1.1198975040818898e-05,0.0010592605620826116,6.187805074012456e-07,0.0,6.003115033421295e-05,0.0,0.00027956385866451154,0.0,0.0019845092284232146,0.0,0.0,2.4635171605411942e-05,0.0,0.0001654361095189067,0.0,2.4096872203287273e-06,0.00030055752356071157,0.0,0.0,0.0,0.0,2.8876421704409547e-06,0.0,0.0,0.0,0.0,0.0,4.213105919230071e-07,0.0,0.0015081356929796908,0.0,0.0,0.0011623563835732335
0.0022340119873154327,0.09755800868950244,0.011547067635326052,0.04509432424736819,0.01675122937051397,0.07899495456695071,0.030461230780989314,0.019345727742432765,0.005865804014106877,0.008963824451425668,0.0045156865721655065,0.049695708286442646,0.004063037520601195,0.024259940203131936,0.024800060532300394,0.023778130508375097,0.003936828905566341,0.02244606320064173,0.03268384336664277,0.0004035847422334241,0.024111976790550323,0.009824391111471696,0.02372148863079404,0.0011415082536941872,0.034570788571360936,0.018713769893269463,0.018121578707533507,0.009838829078888932,0.005058489518462784,0.00855370747122218,0.0004096811079152234,0.016771480437243462,0.0007188736994964377,0.000566728968430989,0.019615298024686513,0.016215148346118043,0.008263422590226822,8.207938994590336e-05,0.0027473609938610914,0.0011062679837738996,3.586129118085509e-07,0.008106812156363673,0.007147092504534036,0.005030010058772169,0.011061731125164754,0.007241433914876227,0.003595921842508961,0.010690484693346472,0.0013277278403392525,0.01381632170683965,0.0,0.014070007536444893,0.0011243561142986048,0.0020807660382865497,0.0010848050468418103,0.0007421479121813067,0.0015651225568839037,4.050310723651443e-05,0.0035570628574377516,0.008717904665407051,0.012210670719189808,0.0061291671985523035,0.0,0.0006664793994486428,0.001108831480540281,0.002593521497032019,0.0,0.00831512056953932,0.009999197077648622,6.749256435951039e-05,0.0028600630004957024,0.009595833346720905,0.0010335169971878101,0.0005319504413608231,0.006934477531618767,0.0,0.014846309995080296,0.00011246085160597643,0.0,0.004390700570920629,0.0008967767660840001,0.007123281373877174,0.0,0.0,2.2188905043464497e-05,0.0,0.0021532317996725238,0.0025524431356309927,7.393349142013443e-05,0.01935399503128208,1.02975697291364e-05,0.0002912797734609043,0.0,0.001138732392973116,0.0015884584391375272,0.0015591286517624568,0.0097869104588696,0.0002748986797681858,0.0,0.00609008733514796,0.006173844989563058,0.00335952695922492,1.5137094688097218e-05,4.0767875062888284e-05,0.00014144930704410415,0.0,0.004096676952574886,0.0,0.0013266773321038545,0.0013835840320156312,0.0006733851363930202,0.0012183223952183114,0.0,6.5440148106978345e-06,0.0,0.002777132470749661,0.0009917690280767887,0.0,1.5586877434255295e-05,0.0,0.0005789224776667122,0.00033950814688171976,3.0081080519971918e-05,0.006135251057813293,0.0,0.0010332075065803998,0.0,0.00033085142868248746,0.0,0.0,0.0,0.0,2.4424719153609766e-05,0.0,0.0,0.0,0.0015252290708600196,3.835768052642368e-06,0.0,0.0,0.0,0.00019310018017655684,0.0,0.0016699400250760278,1.839040385308473e-06,5.126173865957369e-06,7.687923038435361e-05,0.0,0.0,0.0,0.0015541599204181658,0.0,0.0,0.0,0.0,7.510506673754259e-07,0.0,0.0,3.069694904983487e-06,0.0,0.0,1.5087049874903798e-05,0.0,2.6252687810525215e-05,0.0,0.0,1.1047694114477927e-06,0.0,0.0,0.0,0.0,1.644463454797414e-05,0.0,1.629730747173037e-06,0.001348955861743257
0.0,0.05573244772760147,0.037679572280127624,0.012304510570577515,0.054909154576191076,0.08093721703402232,0.018117756404241493,5.225377054396179e-05,0.0033292621445473046,0.11160946574424416,0.0,0.03646034557346209,0.0,0.019599080937221076,0.03801493249887972,0.010833304490395892,0.0,0.022472416698194005,0.019062154005316783,0.06790293363363335,0.004740696841149602,0.0,0.006505526495056222,0.0017403332640170256,0.019580551197590626,0.012647220177704277,0.0016784925909171505,0.004967105015142222,0.0009005772021935042,0.0009165001750858058,0.001031964467988784,0.010449697122070289,0.0006384512931135202,0.01853037158754693,0.0,0.006293460556085976,1.4749199476657062e-05,0.00014008724008474047,0.0006646020187810941,0.011960520140345326,0.04622572326866884,0.009020493254113611,0.0020482447315333025,0.0021297025708182865,0.006504786638937407,0.009255815652078487,0.0016835580609724633,0.0040214782245116916,0.031391149919777823,0.003480951068145055,0.0,0.0,0.0,8.516344135132556e-05,0.005802986174736152,0.0030636822213111945,0.0004700806133969685,0.0017025417842771574,0.008207588952284437,0.0012700823411486658,0.0044254566257578565,0.006783938967861914,0.0,0.001965463624738979,0.011801307213380671,0.0013424989925855373,0.0,0.0003579224822127996,0.0006632509321597827,0.02335609644929191,0.005976945453536584,0.0023660207016029606,0.0013542988303842528,0.0016876359176361733,0.0,0.0005188889051724913,8.434260096953579e-06,0.012643312609847596,0.0002720127203123837,0.0,0.0051056449980225556,3.4844405514924924e-05,0.0,0.0,0.004391015952290978,0.00021178169906924932,0.0018898174406462706,0.0020879264091462446,0.01247630938906571,0.000679942387802645,0.0025523937166652567,0.004174912934805927,0.0,0.001598513357540524,0.0010337736656181686,0.004576262955178138,0.0,0.00019983910517405913,0.0,0.0009180149944485089,0.0008079130629910575,0.0027428146076126,3.0327544798405762e-05,0.003216475683481034,0.0018050481772710098,0.0018176072088795215,0.0017186823355070414,0.006712851274184973,0.00011690382658141942,0.0006040766275577861,0.0,0.00046288062618713875,0.006620926735366097,0.0,0.0,0.0027976657014789803,1.0388203254026755e-06,0.0,1.7006957224357087e-05,0.001239931650200675,2.0100911463144327e-05,0.0012757563267671943,0.0,0.0007415302942282485,0.0,0.0005804172136883408,0.00014878107935927386,0.0007875573365393807,0.0,0.0030142422456450203,0.0,0.0,0.0,0.0,0.0016960960449466434,6.513801219566779e-06,0.0,3.612115456947119e-05,0.0,0.0,0.0,0.0011680286816909459,0.0,0.0002040222970291308,0.0,0.0023189049850093246,3.7914826201580713e-06,0.0,1.1165255953084488e-06,0.0,2.668731863189913e-05,0.0,0.0,0.00013733049024018394,0.0,0.0030633429788468123,0.0,0.002529390802237399,0.0019201255128944382,0.0,0.0,0.0,0.0,0.00016612649106967017,0.0,0.00043525593180117404,0.0,0.0,0.0,1.6572086657603192e-07,0.0,0.0,0.0,2.569664582533337e-06,0.002767652179630122
0.5042073551495618,0.04204083613877428,0.07449083932187671,0.009923437218306208,0.00164999054040261,0.000912300368244696,0.07918040802190372,0.002788465211503541,0.0701427751806966,0.007628953133628547,0.01801184115178134,0.0002686891872890846,0.03168311638283901,0.0002754799526662545,0.0029467414760610804,0.006502370267416122,0.014026736934388183,0.005328428832517871,0.00660425530686123,0.0012467967585543826,9.32728476051585e-05,6.487925347727008e-05,0.005966839790324838,0.0012514790586923756,0.0,0.00390850568429739,8.247327913299003e-08,0.00854253826479175,0.0025044816397973386,2.653345429737383e-05,0.0006071284629010795,0.00012827680717588457,0.0012286778255359062,0.0001510095588909789,0.002345352737288384,0.0035727566418598815,5.870381762471778e-05,0.0024919365567990723,0.0008961407632568796,1.3206718791145935e-06,0.000400471635084266,0.001517775579673535,4.302675147564766e-06,0.0023188493708354617,1.957284534849072e-05,0.012168847324909077,0.0016566439997406125,0.0025968647959992296,8.514220156270868e-05,0.0007366606557725555,0.0,0.00015913716467380866,0.00015389272615068294,0.00045470938266111446,3.317776502846872e-05,1.3559076411410897e-05,0.0009035811191873539,0.01709790570847608,0.007707612267516821,0.00010920263184281314,0.0007188322930106206,0.0006040631845706132,1.8314141529265071e-06,0.00042545129898890707,5.105227302773013e-06,0.0,3.1686994401043705e-06,0.0,0.0001317947738086647,0.00022123120110445946,0.004329324500624912,0.0010034272387724496,0.0013282021513364055,0.002131609955755274,1.3968413030795395e-06,1.3739123693343044e-05,0.000762809939626966,0.00015718522228083855,0.00018572578083505734,7.297025887740305e-05,0.0003301137143863906,0.0017765449026354086,0.0,3.00741427774003e-07,0.00026299870249995065,7.278582066611372e-05,8.07984666654801e-05,0.0006286787825638305,8.389904922689371e-05,0.00021969011706340298,9.731033265341262e-06,0.00025059671215749276,7.78204242057853e-05,3.5139858485068747e-06,0.005572003672380009,6.66255546813663e-07,4.065563566394431e-05,0.0007976778301373488,2.1007845514017457e-05,0.0,0.0010137321735292871,0.0,3.232471710211536e-05,0.0027712988339510625,1.6821224418436597e-05,5.668998365536738e-05,8.891674300195882e-06,9.689668704723416e-05,2.2605235188833577e-06,0.0008734663001651829,0.00045715259207690536,0.0,0.002659748668784554,2.4175035000583152e-05,0.0,2.5596757631333877e-05,2.9016358563327363e-05,2.518136188107893e-05,4.6985419020501095e-05,5.2272191941601234e-05,0.00019069488645266433,0.0011195330408701536,0.0001902953907474481,0.0,4.0333098652664835e-05,4.363606754635426e-06,2.0283815967191843e-05,7.386787437357844e-05,3.5631714560094277e-06,3.2415399307918784e-06,0.0,0.0,0.0008132776829969342,7.166931890310517e-05,7.010383463817582e-06,1.1174729930615815e-06,4.085967829860867e-05,0.0,0.0,0.0,0.0,0.0014876903028827955,3.3571712299913017e-06,5.897774390780278e-07,9.720014006297512e-06,0.0009765982414949054,0.00022357011603377032,0.0,6.638393017583781e-05,0.0,4.1470420294432125e-05,7.908535394107815e-08,0.0,0.0,0.0,6.81040531808189e-05,3.795750829005753e-06,0.0,0.00024025708516100153,1.6830509918016462e-05,0.0,4.397966259323022e-06,0.0,1.250412131770549e-06,0.0010272700394143974,9.208297380789016e-06,5.158905708718754e-06,3.802512436160968e-07,0.0,8.917839751386401e-06,0.0,3.323388239819643e-05,2.12887336694198e-05,5.725427936948274e-05,0.0007555769018154448
0.5042073551495618,0.04204083613877428,0.07449083932187671,0.009923437218306208,0.00164999054040261,0.000912300368244696,0.07918040802190372,0.002788465211503541,0.0701427751806966,0.007628953133628547,0.01801184115178134,0.0002686891872890846,0.03168311638283901,0.0002754799526662545,0.0029467414760610804,0.006502370267416122,0.014026736934388183,0.005328428832517871,0.00660425530686123,0.0012467967585543826,9.32728476051585e-05,6.487925347727008e-05,0.005966839790324838,0.0012514790586923756,0.0,0.00390850568429739,8.247327913299003e-08,0.00854253826479175,0.0025044816397973386,2.653345429737383e-05,0.0006071284629010795,0.00012827680717588457,0.0012286778255359062,0.0001510095588909789,0.002345352737288384,0.0035727566418598815,5.870381762471778e-05,0.0024919365567990723,0.0008961407632568796,1.3206718791145935e-06,0.000400471635084266,0.001517775579673535,4.302675147564766e-06,0.0023188493708354617,1.957284534849072e-05,0.012168847324909077,0.0016566439997406125,0.0025968647959992296,8.514220156270868e-05,0.0007366606557725555,0.0,0.00015913716467380866,0.00015389272615068294,0.00045470938266111446,3.317776502846872e-05,1.3559076411410897e-05,0.0009035811191873539,0.01709790570847608,0.007707612267516821,0.00010920263184281314,0.0007188322930106206,0.0006040631845706132,1.8314141529265071e-06,0.00042545129898890707,5.105227302773013e-06,0.0,3.1686994401043705e-06,0.0,0.0001317947738086647,0.00022123120110445946,0.004329324500624912,0.0010034272387724496,0.0013282021513364055,0.002131609955755274,1.3968413030795395e-06,1.3739123693343044e-05,0.000762809939626966,0.00015718522228083855,0.00018572578083505734,7.297025887740305e-05,0.0003301137143863906,0.0017765449026354086,0.0,3.00741427774003e-07,0.00026299870249995065,7.278582066611372e-05,8.07984666654801e-05,0.0006286787825638305,8.389904922689371e-05,0.00021969011706340298,9.731033265341262e-06,0.00025059671215749276,7.78204242057853e-05,3.5139858485068747e-06,0.005572003672380009,6.66255546813663e-07,4.065563566394431e-05,0.0007976778301373488,2.1007845514017457e-05,0.0,0.0010137321735292871,0.0,3.232471710211536e-05,0.0027712988339510625,1.6821224418436597e-05,5.668998365536738e-05,8.891674300195882e-06,9.689668704723416e-05,2.2605235188833577e-06,0.0008734663001651829,0.00045715259207690536,0.0,0.002659748668784554,2.4175035000583152e-05,0.0,2.5596757631333877e-05,2.9016358563327363e-05,2.518136188107893e-05,4.6985419020501095e-05,5.2272191941601234e-05,0.00019069488645266433,0.0011195330408701536,0.0001902953907474481,0.0,4.0333098652664835e-05,4.363606754635426e-06,2.0283815967191843e-05,7.386787437357844e-05,3.5631714560094277e-06,3.2415399307918784e-06,0.0,0.0,0.0008132776829969342,7.166931890310517e-05,7.010383463817582e-06,1.1174729930615815e-06,4.085967829860867e-05,0.0,0.0,0.0,0.0,0.0014876903028827955,3.3571712299913017e-06,5.897774390780278e-07,9.720014006297512e-06,0.0009765982414949054,0.00022357011603377032,0.0,6.638393017583781e-05,0.0,4.1470420294432125e-05,7.908535394107815e-08,0.0,0.0,0.0,6.81040531808189e-05,3.795750829005753e-06,0.0,0.00024025708516100153,1.6830509918016462e-05,0.0,4.397966259323022e-06,0.0,1.250412131770549e-06,0.0010272700394143974,9.208297380789016e-06,5.158905708718754e-06,3.802512436160968e-07,0.0,8.917839751386401e-06,0.0,3.323388239819643e-05,2.12887336694198e-05,5.725427936948274e-05,0.0007555769018154448
0.15187743094583414,0.017951087270744116,0.24765352542378796,0.00753277958255758,0.006657686422387505,0.0018196683901861024,0.002406588600915904,0.05206511707821349,0.02583554622311821,0.007850758515037673,0.04894245306280866,0.0025183376533843504,0.004213189095145484,0.08156203648247272,0.0007335268303951004,0.0688248956512917,0.006619285572862979,0.003813588375707345,0.0016040284748601817,0.0073727058909434946,0.0035613378914116692,0.05226123980979641,0.002839616069129501,0.007269352857293745,7.474990683437121e-05,0.0014299674776274342,0.0029864391274510944,0.0018912551053306148,0.004337083297033544,0.0016713286904798353,0.0020781658057958184,0.002247187181216604,0.031176863394804848,0.00047431605050463234,0.0006559385691863492,0.0015796859176442745,0.002232517420458091,0.007821149736732484,0.022332250199801007,1.2472094019590553e-05,0.000488900631322139,0.0014829738075646836,0.0010398589016359257,0.0019659686433632865,0.0008477746781371557,0.002043834993218729,0.003447366818699309,0.0020107527517984267,0.0019511120709197031,0.005231805879056829,0.0,0.0007256521797753344,0.002388468304756411,0.008566762696441434,0.00014879284238948572,0.0001433071914335018,0.00018011397002587335,0.0005631600216062238,0.0006616664213812637,0.002052959116958179,0.0013137392742427717,0.0012985967873578941,0.0006745268979844046,0.0019612263745215595,0.00020463453495101153,0.0008316092127923426,0.0005764557313859298,5.922102818948006e-05,0.0001807553107567675,0.0007915393309480848,0.000576494430350862,0.000338417294151084,0.0010099558374920647,0.00022560353918085667,0.000908730621176067,0.000682441137204734,0.0006587624981219253,0.0005646520907144624,0.00037848752866002477,0.0006189882714275819,0.00040553609359004507,0.0005500185228772856,0.0017480958916545205,0.000713048111474833,0.000565992852495968,0.001891398708004009,0.0008683213865973997,0.0008400353030485563,0.0002490962207346055,2.8593613160174424e-05,0.0012683372787063673,0.0005410050121966766,0.0006407061966224422,2.865545912169882e-05,0.0006928639320275579,5.903502218366983e-05,0.00039765424078553734,0.0007117664420806612,0.002105751550848821,4.2227444949317185e-05,5.9389942204448146e-05,0.00024256331952181675,4.4210981241580284e-05,0.0005805191754060647,0.00020555181979798066,0.0005577006849084113,2.295826633009686e-05,0.0009467475496021777,0.00023148226639990352,0.0010797630414697116,0.0001241052095650495,0.0010868737394937958,0.00012788731738601396,0.0017274544293638466,0.0,0.00021884377165889412,0.0006190959473112974,0.0005373761892864319,0.0002727648614335525,0.00011497463834893646,0.00047234452700120545,0.00037461830735924093,0.0001414056924172536,1.2862405193155763e-05,0.00010954212731731873,3.0490795944553662e-05,0.00026438703943197704,0.0001566499035610769,2.108244235483827e-05,3.750216851684016e-05,0.0005020788067760227,0.0001601718486126323,0.0032212699329711584,0.00015963201263905256,0.0002683243361186949,0.0002888810302724347,0.0002521618995445629,7.214608155538402e-05,4.2999672176406095e-05,0.0003387462031387802,4.6711590379609106e-05,0.00021485596465558663,0.00015525207693125982,5.99408330228491e-05,0.0005531201289951553,0.00013049828184744718,4.062078561579428e-05,0.00014898411104525086,1.3794078832577585e-05,1.79940706068912e-05,0.0002959364488547735,0.0,5.7692579748739605e-05,0.0001450982694340484,0.00012161886868318425,0.0001383337920540415,0.0,2.714251620670604e-05,3.71134756041689e-05,0.0005041295269201272,0.00010418863537199917,0.0003367974200742378,2.0098934815808393e-06,0.0003408341214903686,6.22345866223814e-05,6.09537726683824e-05,8.113585305473665e-05,0.0001994970787822265,7.880836254027075e-05,4.045912560246661e-05,1.2501832723760665e-05,0.00019694328438924082,0.0016071781645311202,9.332932654330382e-05,0.01741536967859265
0.14869189299247945,0.025716759182673653,0.0067930319413467685,0.0660754190771834,0.03268151468470683,0.009408707472305183,0.012208376284057753,0.0038660148233823186,0.0069518803281861385,0.004929071407958559,0.04396310012542376,0.06148792031359719,0.020897607136290148,0.022540318360887303,0.0071070851933667505,0.012475324463987927,0.005871694357702827,0.03718681797668559,0.010627932472981771,0.0009058171121800642,0.011605168674826435,0.010409002514469664,0.008944269319948003,0.0048906565362886985,0.0019593930650534156,0.003003839476346959,0.006890395149323073,0.0061564496352541015,0.010305765975083305,0.0048871975900347244,0.0029666903360922978,0.008749566410438739,0.00013834552958930378,0.0010016383913169133,0.009457907621928517,0.0019418589760671707,0.002232212422967936,0.0007881171767311593,0.01386725643575735,0.003008232566919976,0.0001958676603633679,0.004856952963707005,0.001739543464649644,0.006132710770772215,0.006862763672185802,0.009893412823907731,0.010944774515781552,0.004407476483877726,0.0008358534968387535,0.001598437558031252,0.011913137941704581,0.0026896009624944976,0.0018389725727799176,0.005318653071593624,0.002423842225025967,0.0012039297108531004,0.0030870774184307563,0.0006736717673617044,0.002622180945034769,0.002269212667908091,0.005315454832368398,0.004705773666705191,0.0024636995629727034,0.0038302170964683918,0.00026214351803585916,0.00067295270635622,0.0016232356211872373,0.0025686279414301816,0.0031614084111192845,0.00020702846070281766,0.002621762634403788,0.0016694564373538748,0.0005386206727426326,0.0008288626008930707,0.002555965700242601,0.0001227244902736535,0.0020710325094902443,0.00015965529467287123,0.003436605340935147,0.003167579362242988,0.0021852538285475247,0.011173460467267117,0.0,0.0007563035505537236,0.0027066731536047623,0.0003141180476333434,0.003224156264708027,0.002053325807234361,1.1848541351247969e-05,0.0030822965665636875,0.0012735642984965014,0.00845062515794299,0.0005944712681108318,8.21928617290497e-05,0.006499810246556708,0.011195680033879732,0.00022598105660733974,0.003066656977868276,0.0008505951495916921,0.0018514652278357716,0.0007863392644788677,0.0026927211383467264,6.851689565333399e-05,0.004323889507242247,0.0003142399266452325,9.820875042631686e-05,0.00024484910526177017,1.1778552359140665e-05,0.0021982968645646766,0.0020562656311894586,0.0008100301982456726,0.0031665505865867047,0.0004454291220052657,0.0002229708403257002,0.0029669923654818543,0.00012831911164300048,0.0005633616828741502,0.0015542941117538138,8.354420765473787e-05,0.0004546854193857364,0.0009658009843377895,0.0008041104514373478,0.001300488500282394,0.0012753638592097453,0.0,0.0007728173984063648,8.846332636832684e-08,9.918901404722463e-05,0.00015151049771084375,0.0038937261288401926,0.00019873383981338093,0.002334614669111164,1.3908558753798004e-05,0.0010081962801955844,7.493950624952685e-05,0.000497104529946793,0.0010750700702090183,0.00010065021747711696,0.0,0.0,8.910472603743738e-06,5.121934749989253e-05,0.00036620612776968404,0.00043195008552751667,0.00038831592266148673,0.001685192026449922,0.0011304659467900994,0.0029650954290652283,0.002112357933555721,2.7300356137612398e-05,0.00016831942316553983,0.012212988703673105,0.0010064654442517905,2.3907211671304735e-05,6.985749239654315e-05,4.865483052009175e-07,0.001991707018654665,0.0002805998894523285,0.0008318373494864998,8.018118483535733e-05,0.0006233702403781986,0.00125305072204238,1.4225086915384725e-05,5.2028713645113585e-06,0.0014797701106920955,0.00024987234056066154,0.0002884821071621971,0.00021549917951471775,9.390137566874251e-05,0.00040602562139349977,4.370650362841674e-05,1.845548627227901e-05,7.376097357109146e-05,0.000662233910538342,0.0943018757330622
0.33872937871453324,0.12448921762712639,0.0445263872625205,0.028789109047247675,0.011922494993867572,0.014422721770430467,0.11988528462789969,0.0012437640687011076,0.014932280026003913,0.01480023781142524,0.00014686016225817514,0.0007358661557217525,0.00111598737389837,0.0001426297963716586,0.001979794191503902,0.005660071256135083,0.0004480735363367131,0.008732881780104462,0.005809382415484305,0.0007226144837632245,0.010587760848927956,0.00016357093115049333,0.002011443486553798,0.0019981402275626027,0.0,0.0048542888620502,2.114532510166024e-06,0.016810760945326148,0.0038722489418650573,0.00039132558366691253,0.03452236661418752,0.00044808225189983,1.701347965843349e-07,0.008578621145892184,0.00018852438777549455,0.009219557640032051,0.0001248012496211406,0.008880422180528697,0.0075949190313961586,0.0020282836014223846,0.0,0.0020749975503345126,0.0002203751259829249,0.013280231154140494,0.008973625994747509,0.012515567761320885,0.014186316160421542,0.010024094650559045,3.703511661370223e-05,0.0009060160300050695,0.0,0.0001423442545610037,7.599916271921273e-05,7.404001729865043e-05,0.009403045480611386,0.000864015246033694,0.00446394824605619,0.0031864539964781475,0.007512085993174929,0.0010197637452644978,3.130977429173865e-05,0.0011680400852703728,8.808351933433894e-07,0.0016565605004193811,0.0006427061859648541,0.0012335756181048238,3.068933709762119e-06,1.490035184989453e-05,0.0010528275656278441,0.0,0.004257616817069606,0.008057981212398304,0.002560270974347806,0.0,0.0006394539598226103,1.6668428451113257e-07,0.00011193294353015662,0.0,3.4745335700469085e-05,1.9315358841146993e-05,0.0015620224881442817,0.0016180074045506023,0.0,1.4264793781341355e-05,0.00011138075599106556,9.721988376247707e-08,0.00016295918650523065,0.0003093970081465073,0.0,8.181688113242793e-06,0.0005252381984582517,0.00015155635923648134,9.971016092324929e-05,0.0004286495938784309,0.006663375271580083,6.583798829126614e-07,0.0,0.0009316397287328087,0.0003423381528902329,9.235888701887672e-07,3.4590514096858907e-06,0.00029549782554293467,5.649288348844667e-06,0.0009889525015774738,0.0005835564653525415,8.88764334607196e-06,0.0,0.0,3.18209213699803e-05,0.004025270983258247,1.5879193188710338e-05,7.211684293644416e-06,0.003336254580174895,0.0004421490596872403,0.0,0.00019944239456405136,0.00044713744860075557,7.255416722228623e-05,0.0,9.721988376247707e-08,0.0015122454285463115,0.00291171074634443,1.208764952858168e-05,2.9458357230706647e-05,0.0,1.7479285235163617e-05,1.166638605149725e-06,0.00014505418200323292,6.953961446937081e-05,8.263690229330973e-07,0.0,0.0,0.0002896073882228787,2.03939894541922e-07,9.640981041450978e-06,0.0,1.6373969187697393e-05,0.0002468632523990723,0.0,1.4582982929439635e-07,0.0,0.00028223519365855386,0.0,0.0003170623987615553,0.0,0.0007832263461503337,0.0014101396682549806,0.0,6.506959667458817e-06,0.0,9.375366410976793e-05,0.0,2.267764780953388e-06,1.21524852877756e-07,0.0,0.0,0.0,0.00010993570761016057,0.0004471142514423417,9.721988376247707e-08,7.767082231140998e-06,6.62392164891262e-05,0.0,0.0,0.0014462540767794406,0.0,0.0,0.0,0.0,7.782299808979896e-06,0.0,0.003491162261401004,0.0,7.4900776900121785e-06,0.0009064717262280724
0.1936247225344529,0.17991447399777158,0.005310067290613047,0.07053756262843001,0.004593995582196248,0.002419839711680053,0.20755198938734398,0.0068044684763165246,0.10237888433718992,0.0025272984855615006,3.382421025253888e-05,5.7045800319350546e-06,5.0005464825360444e-08,0.0007624767175761234,0.0001323199928315697,0.00407520857715324,7.062769912118657e-05,0.012124983686723267,0.004391576196272257,0.0018607732590829812,0.004593782590344238,0.0004897872010609464,0.0028619463487356074,0.0014904654684056412,0.0,0.0036724519633667832,1.444268965639668e-07,0.026526150680550278,0.005362166013156435,0.0005384653823827948,0.016949437652792852,0.0004280502696945821,0.0004160256286795778,0.008647920911241945,0.0,0.013380556453919537,0.00010008717515435126,0.002154301075807976,0.004502334833381744,5.163107955630872e-05,0.0013029283742980477,0.0008695909654279882,0.00011789709160121008,0.022572026333435965,0.0004636320464048811,0.006763314354060549,0.0011859116182372734,0.000913333168630593,0.0005585424058797345,0.00038105703616998435,0.0,0.0003321472686966799,0.0,0.0004433607453060984,0.004816048354901468,5.442989880091443e-05,0.0024789209454539915,0.002667787684860485,0.004888306685272604,0.0013311601491514035,6.279988952004201e-06,0.0009471882314426155,0.00027469410537720937,0.0007708500716200897,0.00011715299327351905,0.0,0.0,0.0,0.002554387585793752,0.000598701079416111,0.0027098973603361417,0.013867513430113764,0.0017324699980067265,0.0,0.0002746941053772095,6.867352634430232e-05,1.7943601291628004e-05,0.0003844449273116174,0.00027956673425852396,0.00036626346411815317,0.0010291543361867872,0.0007525548809685832,0.0,0.0,0.00012359026687774004,0.00013283960114674278,4.3994335646321085e-06,0.0019503644189149795,0.0003521644737278203,0.0,0.00015149597243330548,0.000793618812030917,0.0,1.7632644023702748e-05,0.003154110544299337,0.0,7.92780777681243e-05,0.0003902909531690124,0.00048071467530221067,1.4917503661305955e-05,4.568281358605876e-06,1.8350759306437003e-05,0.00025234359275410565,0.0006227404882704908,0.0006314780228216522,0.0001217046056817207,6.792398111776247e-06,0.00022925636372138773,0.0,0.001465899525402264,1.2933907130365855e-06,3.7731592052026686e-06,0.001516103056676039,0.000671887108783855,0.0,0.000343668041649071,0.0007150353520388704,0.00021234117544812275,0.00025123039883412595,5.709044805344136e-05,4.988149682500507e-05,0.0017684602400748143,0.0002925018333538443,2.8031455538830732e-06,0.0,3.0239347533223414e-05,0.0,4.831440849008902e-05,0.001648675722525718,0.0,0.0,0.0,0.0013930314936598737,0.0002784661487051113,1.1481803636394424e-05,0.0004120411398500027,6.879020576222815e-05,0.0015342363270372569,0.0,0.0,0.0,0.00029996073223849406,0.00020901520492862968,0.00013734705268860468,0.0,0.00038207448136189803,0.0007564418847483295,0.0,0.0001436051012271896,0.0,0.00018093177661822213,0.0,0.0,0.0,0.0,0.00023659035888497318,0.0,3.1209440195967056e-07,0.00010468162351506171,4.822587261966494e-06,0.0,0.00013743027786246054,0.0,6.274377004619361e-07,0.0007391111193160296,2.3197544019462367e-05,0.0,6.867352634430234e-05,0.0,2.7810215453701338e-06,0.0,0.0035478667716903035,0.0,0.00013734705268860466,0.00039790743422763884
0.13678163520106365,0.18146277919989007,0.006456213471116892,0.08979728400502965,0.00551135173441069,0.024893875562469345,0.1836151419598635,0.013551891223894661,0.1345361987344525,0.0082847185367588,0.0,0.00011747686258620088,0.0,0.0013183505742461283,1.0143699960999804e-05,0.004339494350239361,3.0821758488177645e-07,0.014376512114395532,0.005042517023584234,0.0002374559321814379,7.793521587592279e-05,0.0006075126510498855,0.0018754381644362512,0.0004981704175839005,0.0,0.0031802434151293178,0.0,0.007494574931746003,0.010037080157438384,0.0007345088485822718,0.004866117194663482,0.0,0.0,0.006095110900835518,0.0,0.023416142495484082,1.7913346176980252e-05,0.0008302355138063434,0.013788230612338864,0.0,0.0,0.0035135188725426186,2.0402105907697463e-06,0.013435125504966478,0.0,0.008179469194639237,0.002727486896084754,0.00040189128169780016,1.3964509855832814e-06,0.000415953087005859,0.0,0.0002948382506327321,0.0,0.0001289005789395753,2.6124780724228592e-05,0.0,0.0010910855277479932,0.010413226994843313,0.006852244427576497,0.006221923898950027,0.0,0.0012121561163516046,8.806216710907899e-07,0.0004430016966167777,0.0,0.0,0.0,0.0,0.0019716927900677327,0.0,0.007792817379962666,0.01596028792755568,0.0018448591667165532,0.0,1.4677027851513167e-06,0.0,0.0,0.0,0.0009664226337036365,7.705439281396808e-07,0.0023505695816837726,0.0006294427196309959,0.0,0.0,1.314076029510011e-06,4.318930003174882e-05,1.2388493940719746e-05,0.005247832136596348,0.0,4.121571846276121e-06,0.0,0.00048626172721962175,0.0,0.0,0.003399515341897158,0.0,0.0,0.00010787160658279303,2.5837901638169965e-06,0.0,2.397126994689547e-06,6.804526225235284e-07,0.0,0.0003657286504278695,0.00033992788522596036,0.0,0.0,0.0,4.703735317010806e-06,0.0063229672048118555,1.4957317372443126e-06,0.0,0.0017468827156971335,0.0023783380875666963,0.0,7.1867289543862936e-06,0.0006082414134788435,0.00018654517471062122,0.0,0.0,4.621742509153338e-07,0.0018308864092122135,0.0003549728088332252,0.0,0.0,0.0,0.0,0.0,1.9817815330151135e-05,0.0,0.0,0.0,0.0005238677098741445,1.3001835286647078e-05,0.0,0.0,5.136959748029608e-07,0.0009079593923879908,0.0,0.0,0.0,3.665898075301138e-06,4.450586417082953e-06,4.6966489124842126e-07,0.0,0.0003776076131730968,0.0013432804212992345,0.0,0.00019079624272190358,0.0,9.099757267938162e-07,0.0,0.0,0.0,0.0,2.1265368595359917e-06,0.0,0.0,0.000691742658234367,0.0,0.0,1.9969467935595008e-05,0.0,0.0,0.0011079293784558185,0.0,0.0,0.0,0.0,2.222624711464877e-06,0.0,5.04538812729673e-05,2.4398270590450802e-05,3.435075725493857e-08,0.0005261305283979203
0.13678163520106365,0.18146277919989007,0.006456213471116892,0.08979728400502965,0.00551135173441069,0.024893875562469345,0.1836151419598635,0.013551891223894661,0.1345361987344525,0.0082847185367588,0.0,0.00011747686258620088,0.0,0.0013183505742461283,1.0143699960999804e-05,0.004339494350239361,3.0821758488177645e-07,0.014376512114395532,0.005042517023584234,0.0002374559321814379,7.793521587592279e-05,0.0006075126510498855,0.0018754381644362512,0.0004981704175839005,0.0,0.0031802434151293178,0.0,0.007494574931746003,0.010037080157438384,0.0007345088485822718,0.004866117194663482,0.0,0.0,0.006095110900835518,0.0,0.023416142495484082,1.7913346176980252e-05,0.0008302355138063434,0.013788230612338864,0.0,0.0,0.0035135188725426186,2.0402105907697463e-06,0.013435125504966478,0.0,0.008179469194639237,0.002727486896084754,0.00040189128169780016,1.3964509855832814e-06,0.000415953087005859,0.0,0.0002948382506327321,0.0,0.0001289005789395753,2.6124780724228592e-05,0.0,0.0010910855277479932,0.010413226994843313,0.006852244427576497,0.006221923898950027,0.0,0.0012121561163516046,8.806216710907899e-07,0.0004430016966167777,0.0,0.0,0.0,0.0,0.0019716927900677327,0.0,0.007792817379962666,0.01596028792755568,0.0018448591667165532,0.0,1.4677027851513167e-06,0.0,0.0,0.0,0.0009664226337036365,7.705439281396808e-07,0.0023505695816837726,0.0006294427196309959,0.0,0.0,1.314076029510011e-06,4.318930003174882e-05,1.2388493940719746e-05,0.005247832136596348,0.0,4.121571846276121e-06,0.0,0.00048626172721962175,0.0,0.0,0.003399515341897158,0.0,0.0,0.00010787160658279303,2.5837901638169965e-06,0.0,2.397126994689547e-06,6.804526225235284e-07,0.0,0.0003657286504278695,0.00033992788522596036,0.0,0.0,0.0,4.703735317010806e-06,0.0063229672048118555,1.4957317372443126e-06,0.0,0.0017468827156971335,0.0023783380875666963,0.0,7.1867289543862936e-06,0.0006082414134788435,0.00018654517471062122,0.0,0.0,4.621742509153338e-07,0.0018308864092122135,0.0003549728088332252,0.0,0.0,0.0,0.0,0.0,1.9817815330151135e-05,0.0,0.0,0.0,0.0005238677098741445,1.3001835286647078e-05,0.0,0.0,5.136959748029608e-07,0.0009079593923879908,0.0,0.0,0.0,3.665898075301138e-06,4.450586417082953e-06,4.6966489124842126e-07,0.0,0.0003776076131730968,0.0013432804212992345,0.0,0.00019079624272190358,0.0,9.099757267938162e-07,0.0,0.0,0.0,0.0,2.1265368595359917e-06,0.0,0.0,0.000691742658234367,0.0,0.0,1.9969467935595008e-05,0.0,0.0,0.0011079293784558185,0.0,0.0,0.0,0.0,2.222624711464877e-06,0.0,5.04538812729673e-05,2.4398270590450802e-05,3.435075725493857e-08,0.0005261305283979203
0.13678163520106365,0.18146277919989007,0.006456213471116892,0.08979728400502965,0.00551135173441069,0.024893875562469345,0.1836151419598635,0.013551891223894661,0.1345361987344525,0.0082847185367588,0.0,0.00011747686258620088,0.0,0.0013183505742461283,1.0143699960999804e-05,0.004339494350239361,3.0821758488177645e-07,0.014376512114395532,0.005042517023584234,0.0002374559321814379,7.793521587592279e-05,0.0006075126510498855,0.0018754381644362512,0.0004981704175839005,0.0,0.0031802434151293178,0.0,0.007494574931746003,0.010037080157438384,0.0007345088485822718,0.004866117194663482,0.0,0.0,0.006095110900835518,0.0,0.023416142495484082,1.7913346176980252e-05,0.0008302355138063434,0.013788230612338864,0.0,0.0,0.0035135188725426186,2.0402105907697463e-06,0.013435125504966478,0.0,0.008179469194639237,0.002727486896084754,0.00040189128169780016,1.3964509855832814e-06,0.000415953087005859,0.0,0.0002948382506327321,0.0,0.0001289005789395753,2.6124780724228592e-05,0.0,0.0010910855277479932,0.010413226994843313,0.006852244427576497,0.006221923898950027,0.0,0.0012121561163516046,8.806216710907899e-07,0.0004430016966167777,0.0,0.0,0.0,0.0,0.0019716927900677327,0.0,0.007792817379962666,0.01596028792755568,0.0018448591667165532,0.0,1.4677027851513167e-06,0.0,0.0,0.0,0.0009664226337036365,7.705439281396808e-07,0.0023505695816837726,0.0006294427196309959,0.0,0.0,1.314076029510011e-06,4.318930003174882e-05,1.2388493940719746e-05,0.005247832136596348,0.0,4.121571846276121e-06,0.0,0.00048626172721962175,0.0,0.0,0.003399515341897158,0.0,0.0,0.00010787160658279303,2.5837901638169965e-06,0.0,2.397126994689547e-06,6.804526225235284e-07,0.0,0.0003657286504278695,0.00033992788522596036,0.0,0.0,0.0,4.703735317010806e-06,0.0063229672048118555,1.4957317372443126e-06,0.0,0.0017468827156971335,0.0023783380875666963,0.0,7.1867289543862936e-06,0.0006082414134788435,0.00018654517471062122,0.0,0.0,4.621742509153338e-07,0.0018308864092122135,0.0003549728088332252,0.0,0.0,0.0,0.0,0.0,1.9817815330151135e-05,0.0,0.0,0.0,0.0005238677098741445,1.3001835286647078e-05,0.0,0.0,5.136959748029608e-07,0.0009079593923879908,0.0,0.0,0.0,3.665898075301138e-06,4.450586417082953e-06,4.6966489124842126e-07,0.0,0.0003776076131730968,0.0013432804212992345,0.0,0.00019079624272190358,0.0,9.099757267938162e-07,0.0,0.0,0.0,0.0,2.1265368595359917e-06,0.0,0.0,0.000691742658234367,0.0,0.0,1.9969467935595008e-05,0.0,0.0,0.0011079293784558185,0.0,0.0,0.0,0.0,2.222624711464877e-06,0.0,5.04538812729673e-05,2.4398270590450802e-05,3.435075725493857e-08,0.0005261305283979203
0.09321200896875856,0.006926630558231897,0.013645060707659994,0.05002950916244047,0.0072116806649438325,0.0,0.0651123714973063,0.11879113356178019,0.00361626341871129,0.0,0.09045391555901774,0.022991393102843236,0.09894075120995963,0.0017442498539370712,0.009040949371077979,0.03187896970311699,0.08748043867403456,0.002315407001585923,0.0,0.005922878253502792,0.01699105081683085,0.007138521676055233,0.012172041158339099,0.021081856033860664,0.0,0.001992685146612575,0.0,0.02402022391477169,0.004801571035396622,0.0,0.008367878490149706,0.0,0.0,0.0,0.006934359301885019,0.0025890045901656206,0.0,0.0005855315532576937,0.01646481999839723,0.0005694867283634839,0.0,0.008367878490149704,0.0,0.013918418339446955,0.0,0.0027124261484554935,0.00544209464374708,0.0008150210756901604,0.0005849442983155531,0.0030811692888890177,0.0,0.0,0.0,0.0,0.004153507877035989,0.0,0.005388281572021646,0.04706360152794594,0.0,0.0,0.0009486310589191167,0.0003073030043905541,0.0,0.00014697100610268287,0.0,0.0,0.0,0.0,0.0,0.0,0.0,0.0009085480823635535,0.002821900033637835,0.0010287970734073205,0.0,0.0,0.015115449428038377,0.0,0.0,0.00044927645783267783,0.0,0.0017734272371070032,0.0,0.0,0.0,0.0,0.0010164722996678349,0.0025685264420785216,0.0,0.0009619920511043039,0.0,0.0,0.0,0.0,0.0016882124799157828,0.001099146851598927,0.0,0.005550742860379065,0.002233576993698663,0.0,0.0,0.0,0.0,0.0,7.928408426986703e-05,0.0,0.0002271370205908884,0.0,0.003165074471702016,0.0,0.0024369271279389227,0.0,0.0,0.003946736555937213,0.0,0.0,0.0033348262636981787,0.0021644820842961435,0.0,0.0,0.0,0.001248164614895513,0.000968883949958635,0.0,0.0,0.0,0.0,0.0,0.0,0.0,0.0,0.0,0.0,0.004997414817220864,0.0,0.0,0.0013146356178700216,0.0,0.0,0.0,0.0,0.0010703350785534992,0.0,0.0,0.0,0.0,0.0,0.007412330665774545,0.00028862793901048754,0.0,0.0,0.0,0.0,0.0,0.0,0.0,0.0,0.0,0.0,0.0,0.0,0.001125305368035513,0.0,0.0,0.0,0.0,0.0,0.0,0.0,0.0,0.0,0.0,0.0,0.0008103174584697655,0.0022405585468440858
0.09321200896875856,0.006926630558231897,0.013645060707659994,0.05002950916244047,0.0072116806649438325,0.0,0.0651123714973063,0.11879113356178019,0.00361626341871129,0.0,0.09045391555901774,0.022991393102843236,0.09894075120995963,0.0017442498539370712,0.009040949371077979,0.03187896970311699,0.08748043867403456,0.002315407001585923,0.0,0.005922878253502792,0.01699105081683085,0.007138521676055233,0.012172041158339099,0.021081856033860664,0.0,0.001992685146612575,0.0,0.02402022391477169,0.004801571035396622,0.0,0.008367878490149706,0.0,0.0,0.0,0.006934359301885019,0.0025890045901656206,0.0,0.0005855315532576937,0.01646481999839723,0.0005694867283634839,0.0,0.008367878490149704,0.0,0.013918418339446955,0.0,0.0027124261484554935,0.00544209464374708,0.0008150210756901604,0.0005849442983155531,0.0030811692888890177,0.0,0.0,0.0,0.0,0.004153507877035989,0.0,0.005388281572021646,0.04706360152794594,0.0,0.0,0.0009486310589191167,0.0003073030043905541,0.0,0.00014697100610268287,0.0,0.0,0.0,0.0,0.0,0.0,0.0,0.0009085480823635535,0.002821900033637835,0.0010287970734073205,0.0,0.0,0.015115449428038377,0.0,0.0,0.00044927645783267783,0.0,0.0017734272371070032,0.0,0.0,0.0,0.0,0.0010164722996678349,0.0025685264420785216,0.0,0.0009619920511043039,0.0,0.0,0.0,0.0,0.0016882124799157828,0.001099146851598927,0.0,0.005550742860379065,0.002233576993698663,0.0,0.0,0.0,0.0,0.0,7.928408426986703e-05,0.0,0.0002271370205908884,0.0,0.003165074471702016,0.0,0.0024369271279389227,0.0,0.0,0.003946736555937213,0.0,0.0,0.0033348262636981787,0.0021644820842961435,0.0,0.0,0.0,0.001248164614895513,0.000968883949958635,0.0,0.0,0.0,0.0,0.0,0.0,0.0,0.0,0.0,0.0,0.004997414817220864,0.0,0.0,0.0013146356178700216,0.0,0.0,0.0,0.0,0.0010703350785534992,0.0,0.0,0.0,0.0,0.0,0.007412330665774545,0.00028862793901048754,0.0,0.0,0.0,0.0,0.0,0.0,0.0,0.0,0.0,0.0,0.0,0.0,0.001125305368035513,0.0,0.0,0.0,0.0,0.0,0.0,0.0,0.0,0.0,0.0,0.0,0.0008103174584697655,0.0022405585468440858
0.09321200896875856,0.006926630558231897,0.013645060707659994,0.05002950916244047,0.0072116806649438325,0.0,0.0651123714973063,0.11879113356178019,0.00361626341871129,0.0,0.09045391555901774,0.022991393102843236,0.09894075120995963,0.0017442498539370712,0.009040949371077979,0.03187896970311699,0.08748043867403456,0.002315407001585923,0.0,0.005922878253502792,0.01699105081683085,0.007138521676055233,0.012172041158339099,0.021081856033860664,0.0,0.001992685146612575,0.0,0.02402022391477169,0.004801571035396622,0.0,0.008367878490149706,0.0,0.0,0.0,0.006934359301885019,0.0025890045901656206,0.0,0.0005855315532576937,0.01646481999839723,0.0005694867283634839,0.0,0.008367878490149704,0.0,0.013918418339446955,0.0,0.0027124261484554935,0.00544209464374708,0.0008150210756901604,0.0005849442983155531,0.0030811692888890177,0.0,0.0,0.0,0.0,0.004153507877035989,0.0,0.005388281572021646,0.04706360152794594,0.0,0.0,0.0009486310589191167,0.0003073030043905541,0.0,0.00014697100610268287,0.0,0.0,0.0,0.0,0.0,0.0,0.0,0.0009085480823635535,0.002821900033637835,0.0010287970734073205,0.0,0.0,0.015115449428038377,0.0,0.0,0.00044927645783267783,0.0,0.0017734272371070032,0.0,0.0,0.0,0.0,0.0010164722996678349,0.0025685264420785216,0.0,0.0009619920511043039,0.0,0.0,0.0,0.0,0.0016882124799157828,0.001099146851598927,0.0,0.005550742860379065,0.002233576993698663,0.0,0.0,0.0,0.0,0.0,7.928408426986703e-05,0.0,0.0002271370205908884,0.0,0.003165074471702016,0.0,0.0024369271279389227,0.0,0.0,0.003946736555937213,0.0,0.0,0.0033348262636981787,0.0021644820842961435,0.0,0.0,0.0,0.001248164614895513,0.000968883949958635,0.0,0.0,0.0,0.0,0.0,0.0,0.0,0.0,0.0,0.0,0.004997414817220864,0.0,0.0,0.0013146356178700216,0.0,0.0,0.0,0.0,0.0010703350785534992,0.0,0.0,0.0,0.0,0.0,0.007412330665774545,0.00028862793901048754,0.0,0.0,0.0,0.0,0.0,0.0,0.0,0.0,0.0,0.0,0.0,0.0,0.001125305368035513,0.0,0.0,0.0,0.0,0.0,0.0,0.0,0.0,0.0,0.0,0.0,0.0008103174584697655,0.0022405585468440858
0.09321200896875856,0.006926630558231897,0.013645060707659994,0.05002950916244047,0.0072116806649438325,0.0,0.0651123714973063,0.11879113356178019,0.00361626341871129,0.0,0.09045391555901774,0.022991393102843236,0.09894075120995963,0.0017442498539370712,0.009040949371077979,0.03187896970311699,0.08748043867403456,0.002315407001585923,0.0,0.005922878253502792,0.01699105081683085,0.007138521676055233,0.012172041158339099,0.021081856033860664,0.0,0.001992685146612575,0.0,0.02402022391477169,0.004801571035396622,0.0,0.008367878490149706,0.0,0.0,0.0,0.006934359301885019,0.0025890045901656206,0.0,0.0005855315532576937,0.01646481999839723,0.0005694867283634839,0.0,0.008367878490149704,0.0,0.013918418339446955,0.0,0.0027124261484554935,0.00544209464374708,0.0008150210756901604,0.0005849442983155531,0.0030811692888890177,0.0,0.0,0.0,0.0,0.004153507877035989,0.0,0.005388281572021646,0.04706360152794594,0.0,0.0,0.0009486310589191167,0.0003073030043905541,0.0,0.00014697100610268287,0.0,0.0,0.0,0.0,0.0,0.0,0.0,0.0009085480823635535,0.002821900033637835,0.0010287970734073205,0.0,0.0,0.015115449428038377,0.0,0.0,0.00044927645783267783,0.0,0.0017734272371070032,0.0,0.0,0.0,0.0,0.0010164722996678349,0.0025685264420785216,0.0,0.0009619920511043039,0.0,0.0,0.0,0.0,0.0016882124799157828,0.001099146851598927,0.0,0.005550742860379065,0.002233576993698663,0.0,0.0,0.0,0.0,0.0,7.928408426986703e-05,0.0,0.0002271370205908884,0.0,0.003165074471702016,0.0,0.0024369271279389227,0.0,0.0,0.003946736555937213,0.0,0.0,0.0033348262636981787,0.0021644820842961435,0.0,0.0,0.0,0.001248164614895513,0.000968883949958635,0.0,0.0,0.0,0.0,0.0,0.0,0.0,0.0,0.0,0.0,0.004997414817220864,0.0,0.0,0.0013146356178700216,0.0,0.0,0.0,0.0,0.0010703350785534992,0.0,0.0,0.0,0.0,0.0,0.007412330665774545,0.00028862793901048754,0.0,0.0,0.0,0.0,0.0,0.0,0.0,0.0,0.0,0.0,0.0,0.0,0.001125305368035513,0.0,0.0,0.0,0.0,0.0,0.0,0.0,0.0,0.0,0.0,0.0,0.0008103174584697655,0.0022405585468440858
0.12288584909118251,0.0028761291485691572,0.02037877505852429,0.032130484770698915,0.015383930478334964,0.0,0.08433830974454445,0.12014257233126154,0.000590857374613383,0.00027226287363969233,0.08027207144444448,0.012661344183739511,0.08537404025426842,0.0,0.006501479149738874,0.0404065200255106,0.0664139486477116,0.001675002004596871,0.0,0.0038434460470429736,0.012783174380442136,0.0,0.0,0.03189857566093666,0.0,0.000698860715268197,0.005162241948677217,0.022763682971615126,0.00043609338358224125,0.0,0.01755689301541493,0.004055043835795243,0.0,0.0,0.020994208351533997,0.00083029489307086,0.0,0.033289349445492104,0.01201889093574782,0.0,0.0,0.017566158889864004,0.0,0.0,0.0,0.00015686123175475138,0.006170998430573102,0.000371305233404805,0.0,0.005442628932396391,0.0,0.0,0.0,0.0,0.001444042332651693,0.0,0.011325555863592032,0.012814370299068333,0.002227296240933395,0.0033031456630839675,0.0009620822214291414,0.0,0.0,0.0008278518381548823,0.0,0.0,0.0,0.0,0.0,0.0,0.0,0.0009307099976439815,0.004786887135081067,0.010073172974492261,0.0,0.0,0.0,0.0,0.0,0.0,0.0,0.0043553922121820614,0.0,0.0,0.0,0.0,0.0,0.005023942623046522,0.0,0.0,0.0,0.0,0.0,0.0,0.0010344414778397616,0.0037686527453567238,0.0,0.0077996960471001225,0.0,0.0,0.0,0.0,0.0,0.0,7.81453998823524e-05,0.0,0.0008008295706217505,0.0,0.00625870185700973,0.0,0.001755674249049117,0.0,0.0,0.003848492372180545,0.0,0.0,0.0007717030850583272,0.007746803301487542,0.0,0.0,0.0,0.0018836519280340757,0.0,0.0,0.0,0.0,0.0,0.0,0.0,0.0006278435563741321,0.0,0.0,0.0,0.00091072227231968,0.0,0.0,0.0029951814550147936,0.0,0.0,0.0032049503736800624,0.0,0.0,0.0,0.0,0.0,0.0,0.0,0.005831454906171815,0.001634101228453287,0.0,0.0,0.0,0.0,0.0,0.0,0.0,0.0,0.0,0.0010892935034545448,0.0,0.0,0.0010339994443677406,0.0,0.0,0.0,0.0,0.0,0.0,0.0,0.0,0.0,0.0,0.0,0.0005089269411926468,5.1814163210566165e-17
