P02768,P01834,P04004,P02647,P02649,P01008,P01857,P02656,P10909,P00734,P02675,P04196,P02679,P02652,P01042,P01024,P02671,P01871,P01009,P04003,P0DOY2,P02655,P02766,P19823,P0DOY3,P01876,P35542,P01859,P06727,P68871,P0C0L5,P02654,Q14520,P02743,P01619,B9A064,P69905,P19827,P04114,P03951,P00742,P0C0L4,P55056,P01860,P02776,P02787,P02749,Q14624,P07225,P02760,P0DOX7,P0DJI8,P04264,P27169,P03952,P05154,P00747,P01861,P00738,P02746,P01764,P00739,P60709,P06396,P10720,P02788,P13645,P06702,P02747,P00740,P01023,P01766,P08603,P01593,P02775,P07737,P06312,P04070,P05090,O14791,P05155,P02765,P24844,P35908,P08697,Q06033,P05546,P02748,P22891,P04433,Q03591,O43866,P35527,Q92954,P02790,P00748,P81605,P00751,P02745,P18065,P01615,P49908,Q13790,P02774,P12259,Q13103,P15169,P20851,P07358,P01011,P02751,P07996,P02763,P09871,O75636,P01591,P00736,P07360,P02741,Q9UK55,P18428,Q5TB80,O95445,P17936,P08727,P00746,P67936,P04406,P01700,P05452,P61626,P62805,P27918,P01031,Q9Y490,P61224,P13671,P80748,P09211,P01599,P07355,P01877,P08514,Q9BXR6,P63104,P04217,P01019,P36955,P35858,P05109,Q6Q788,P35442,P02730,P35579,P60660,P08709,P63261,P23528,Q96IY4,P49747,P27105,P07357,P01880,P06733,P19652,P62937,P02533,P05106,P18206,P08519,P26038,P48740,P51884,P10643,OTHER
0.882,0.6127980519480519,0.812,0.878,0.8849395604395605,0.775763492063492,0.826,0.7642333333333332,0.862,0.7640476190476192,0.7828380952380953,0.8230999999999999,0.8810666666666667,0.8143333333333332,0.626,0.954,0.8344880952380953,0.89,0.82,0.8451095238095239,0.5977857142857143,0.7056,0.7924380952380953,0.8017111111111112,0.812,0.7719857142857144,0.808,0.786,0.932,0.6376666666666666,0.6810517316017316,0.664,0.7700212121212121,0.7547999999999999,0.32262380952380953,0.6492555555555556,0.734,0.6044166666666667,0.8667666666666667,0.698,0.388,0.8642333333333333,0.6933333333333334,0.8362666666666667,0.584,0.7768333333333334,0.194,0.812,0.728,0.6131666666666666,0.138,0.32130476190476187,0.80925,0.7390666666666668,0.647,0.626,0.5499666666666667,0.8425904761904761,0.8221666666666666,0.22466666666666668,0.3356047619047619,0.7966476190476192,0.708,0.7313333333333334,0.566,0.15,0.818,0.14,0.874,0.662,0.8264999999999999,0.2055,0.5655380952380953,0.060525974025974025,0.546,0.27,0.6818761904761905,0.502,0.846,0.78,0.7945,0.6586952380952381,0.082,0.834,0.8181666666666666,0.144,0.801,0.6827238095238094,0.242,0.7522833333333334,0.582,0.8274333333333334,0.8468333333333332,0.652,0.6562761904761906,0.736,0.64,0.7773333333333333,0.228,0.6,0.5868285714285715,0.494,0.214,0.822,0.769,0.34,0.618,0.19,0.7273333333333334,0.7295333333333334,0.7305,0.304,0.3751,0.2548,0.354,0.3408722222222222,0.3247333333333334,0.3610952380952381,0.154,0.786,0.7906666666666667,0.16770432900432897,0.894,0.554,0.004,0.6082000000000001,0.008,0.7138666666666666,0.034,0.716,0.744,0.806,0.7226717948717949,0.6293333333333334,0.736,0.532,0.7221428571428571,0.422,0.108,0.21551583710407238,0.126,0.7868476190476189,0.71375,0.14514285714285713,0.786,0.6381714285714286,0.8920555555555556,0.628,0.858,0.676,0.7676666666666667,0.068,0.588,0.216,0.032,0.122,0.652,0.134,0.7904690476190477,0.722,0.424,0.5573333333333333,0.251345,0.52,0.7695,0.472,0.468,0.612,0.37,0.84,0.752,0.01565,0.014,0.6737857142857143,0.6296333333333334
0.97,0.407002380952381,0.504,0.604111111111111,0.896,0.49,0.5116777777777778,0.3126333333333333,0.49168571428571434,0.44,0.868,0.96,0.64,0.468,0.9161666666666666,0.974,0.8733333333333333,0.646,0.498,0.424,0.394,0.462,0.40675,0.3591428571428571,0.434,0.5281190476190476,0.444,0.412,0.5671666666666666,0.5301333333333335,0.4245,0.7691666666666667,0.7877999999999998,0.396,0.6270000000000001,0.31,0.58,0.4923333333333333,0.48656666666666665,0.925,0.416,0.5133333333333333,0.5125238095238095,0.466,0.5535999999999999,0.4686666666666666,0.406,0.482,0.45666666666666667,0.42326666666666674,0.128,0.642,0.466,0.5668,0.97,0.62,0.9315,0.362,0.5543333333333332,0.8508333333333332,0.07666666666666667,0.542,0.582,0.9338333333333333,0.5934666666666666,0.6133333333333333,0.484,0.212,0.48496666666666666,0.436,0.57,0.18333333333333335,0.638,0.1153357142857143,0.574,0.5055166666666666,0.36616666666666664,0.4046833333333333,0.623,0.5635,0.49716666666666665,0.5478333333333333,0.016,0.48,0.4726666666666666,0.05,0.89,0.4443333333333333,0.26,0.4901952380952381,0.5178666666666667,0.478,0.3149333333333334,0.4962,0.5176666666666666,0.6431,0.4594238095238096,0.61,0.8222380952380953,0.528,0.4706,0.6815,0.13315555555555555,0.582,0.5532,0.146,0.9201,0.034,0.5701,0.48,0.516,0.496,0.43793333333333334,0.264,0.638,0.5553666666666667,0.482,0.198,0.056,0.43715000000000004,0.5903333333333333,0.018666666666666668,0.552,0.53,0.004,0.6102000000000001,0.01,0.5,0.23030952380952383,0.754,0.652,0.488,0.292,0.5689384615384615,0.534,0.524,0.606,0.3617666666666666,0.16,0.126,0.138,0.272,0.397,0.5268333333333334,0.54,0.586,0.5091,0.562,0.522,0.45,0.6048,0.076,0.478,0.26302777777777775,0.17783293373293374,0.004,0.524,0.13156666666666667,0.6545,0.286,0.606,0.551025641025641,0.6412976543064779,0.6076666666666667,0.49882857142857134,0.30130158730158735,0.25295,0.436,0.5711666666666667,0.72,0.64,0.05222857142857144,0.026,0.348,0.931495238095238
1.0,0.002,0.0,0.788,0.976,0.002,0.0,0.009428571428571429,0.0,0.002,0.004,0.006,0.016,0.004,0.002,0.0,0.022,0.992,0.824,0.0014666666666666667,0.002,0.02448095238095238,0.014,0.008,0.002,0.0,0.008,0.006,0.002,0.03292857142857143,0.0036,0.012,0.022,0.012,0.018285714285714284,0.0035,0.032,0.004633333333333334,0.0,0.0,0.008,0.004,0.012,0.01,0.004,0.018,0.012,0.002,0.014,0.014466666666666668,1.0,0.013666666666666667,0.0135,0.012,0.008,0.008,0.022333333333333334,0.017333333333333333,0.018,0.924,0.003,0.852,0.0395,0.002,0.002,0.016,0.014,0.028,0.93,0.01,0.006,0.018,0.025333333333333336,0.04733333333333333,0.014,0.05381818181818182,0.032933333333333335,0.01,0.03271428571428572,0.01,0.016666666666666663,0.008857142857142857,0.0,0.034,0.005333333333333333,0.018,0.006,0.017214285714285717,0.01,0.01811111111111111,0.02,0.994,0.02,0.008,0.017,0.012,0.04566666666666666,0.0115,0.03416666666666667,0.016,0.0174,0.016,0.002,0.017166666666666663,0.015714285714285715,0.026,0.002,0.012,0.015555555555555555,0.026333333333333334,0.006909090909090909,0.01,0.033333333333333326,0.02707692307692308,1.0,0.02435714285714286,0.03026190476190476,0.01908571428571429,0.006,0.017333333333333336,0.016,0.048742063492063496,0.03378692810457517,0.008,0.0,0.004,0.01,0.02,0.025714285714285714,0.01,0.01,0.008,0.013800000000000002,0.0178,0.012,0.03126262626262627,0.018850000000000002,0.06313636363636363,0.038,0.0077599999999999995,0.03,0.0005714285714285714,0.006,0.024,0.038,0.0259,0.02446190476190476,0.017523809523809525,0.025,0.028,0.016666666666666663,0.0,1.0,0.029333333333333336,0.022,0.0,0.002,0.016,0.03135897435897436,0.0275,0.998,0.017,0.0,0.034,0.03775,0.038,0.018,0.012,0.02,0.01,0.02,0.006,0.002,0.021333333333333333,0.8016444444444445
1.0,0.006,0.004,0.702,0.978,0.006,0.008,0.02242857142857143,0.002,0.014,0.004,0.002,0.012,0.01,0.002,0.0,0.012,0.98,0.794,0.007466666666666667,0.014,0.026766666666666664,0.0124,0.014571428571428572,0.006,0.004,0.034,0.02,0.006,0.024928571428571432,0.019933333333333334,0.022,0.04,0.018,0.014,0.0025,0.028,0.0185,0.0,0.002,0.012,0.004,0.012,0.032,0.006,0.02,0.032,0.014,0.03,0.0178,1.0,0.029454545454545452,0.042,0.0265,0.01,0.006,0.013,0.01521904761904762,0.015333333333333332,0.894,0.009,0.842,0.0355,0.014,0.002,0.006,0.026,0.016,0.922,0.026,0.008,0.024,0.026,0.024,0.016,0.04381818181818182,0.014,0.072,0.038714285714285715,0.012,0.008,0.010666666666666668,0.0,0.04,0.006,0.03,0.004,0.011714285714285714,0.024,0.01711111111111111,0.014,0.982,0.026,0.004,0.0105,0.008,0.033833333333333326,0.007,0.019866666666666664,0.004,0.019399999999999997,0.01,0.008,0.0223,0.013714285714285715,0.028,0.0,0.028,0.02355555555555556,0.016333333333333335,0.01,0.008,0.043133333333333336,0.014,1.0,0.019,0.008,0.02428571428571429,0.004,0.019333333333333334,0.008,0.04399206349206349,0.04444565826330533,0.002,0.0,0.002,0.008,0.012,0.017555555555555557,0.016,0.008,0.008,0.013800000000000002,0.023133333333333332,0.008,0.033262626262626264,0.0204,0.014,0.018,0.0,0.018,0.008321428571428572,0.008,0.03866666666666666,0.028,0.0236,0.024033333333333334,0.027857142857142858,0.02,0.03,0.0,0.0,0.992,0.022,0.016,0.0,0.008,0.014,0.03931048951048951,0.0255,1.0,0.017,0.002,0.02,0.033083333333333326,0.03,0.011214285714285713,0.022,0.026,0.014,0.016,0.004,0.004,0.018333333333333333,0.7924444444444445
0.994,0.6602374458874458,0.7410095238095238,0.9471296568965839,0.972,0.5255333277833278,0.8737391053391055,0.2950571428571428,0.8244242424242425,0.19,0.926,0.8751496336996336,0.864,0.3270190476190477,0.7921,0.988,0.882,0.9304491208138268,0.872,0.49303838383838383,0.13472619047619047,0.3753333333333333,0.2949728660228661,0.24198547008547017,0.182,0.6944527323553638,0.426,0.7893813020313022,0.9051746031746032,0.6170714285714286,0.40596960261960263,0.33012142857142857,0.1815,0.344,0.6079555555555555,0.27989047619047613,0.75,0.30692380952380954,0.3669047619047619,0.7428333333333333,0.273,0.3001412698412698,0.3005285714285715,0.34600634920634926,0.382,0.694597569097569,0.6344626984126984,0.3154137806637807,0.25975,0.17783333333333334,0.09,0.1873260461760462,0.6088333333333332,0.27566666666666667,0.7842121212121211,0.2324,0.4158174603174603,0.567331746031746,0.7559753968253968,0.5895239538239537,0.1363414862914863,0.30234756909756916,0.47817857142857145,0.399895238095238,0.07011111111111111,0.332,0.588,0.2255,0.5555333333333333,0.16,0.6743206876456876,0.24698333333333333,0.3774588744588745,0.15073650793650795,0.7107142857142857,0.3647095238095238,0.23546536796536802,0.10236190476190477,0.781969696969697,0.5041079365079365,0.5154285714285715,0.6474,0.124,0.444,0.176,0.15426666666666666,0.4275,0.6051928571428572,0.086,0.20495,0.2696,0.321,0.1,0.288,0.3115,0.33925,0.6226333333333335,0.36663549783549787,0.5264904040404039,0.182,0.12309788267288267,0.248,0.09,0.16513333333333333,0.7163428571428573,0.56,0.318,0.026,0.38,0.2733333333333334,0.49977777777777777,0.442,0.18097777777777777,0.5463250360750361,0.086,0.5794939393939395,0.3994761904761905,0.4301666666666667,0.088,0.28,0.23076666666666665,0.21395000000000003,0.38854047619047616,0.228,0.126,0.18399047619047612,0.286,0.2846666666666667,0.32830288460593415,0.256,0.578,0.194,0.3016811319399555,0.3121856888209829,0.478,0.43377777777777776,0.28238754578754577,0.3507465367965369,0.046,0.059372788623060266,0.056,0.42498333333333327,0.4422444444444444,0.24247619047619048,0.46,0.2834285714285713,0.22946666666666668,0.356,0.4625857142857142,0.088,0.41022857142857144,0.07739560439560439,0.104,0.392,0.296277141485965,0.12,0.922,0.251,0.0954065934065934,0.124,0.382,0.26862994652406413,0.49539624183006536,0.378,0.1375809523809524,0.3922714285714286,0.19350952380952383,0.38915,0.41,0.17676666666666666,0.18,0.3012386724386725,0.15,0.2703666666666667,0.8897775613275614
0.9990769230769231,0.75237863577173,0.8111111111111111,0.8100352679461595,0.8862538461538462,0.6919603285603285,0.8476119769119771,0.5708865079365077,0.7370354715945576,0.578,0.86,0.8896286158286161,0.782,0.7205544733044735,0.6479833555333555,0.998,0.8042666666666667,0.8199550965374495,0.782,0.6643243145743144,0.5059800865800864,0.7526952380952382,0.6619235653235654,0.5810901154401152,0.292,0.8089807588610219,0.448,0.8078977633477632,0.7595317460317461,0.7617349206349204,0.5938122821622824,0.7444214285714285,0.5103761904761904,0.25,0.6505069153069153,0.5140509379509378,0.706,0.6985182539682541,0.7250571428571428,0.7308571428571429,0.546,0.5836293040293042,0.51,0.7710420634920637,0.39,0.8071761904761905,0.5589315295815297,0.6498761044511047,0.71,0.6386603174603174,0.398,0.5588063492063492,0.716,0.8001412698412698,0.7931500000000001,0.686,0.8404309523809522,0.7403267676767677,0.8185445887445888,0.868164407814408,0.37138944943944946,0.7079984126984127,0.7019920634920634,0.9297531746031745,0.268,0.252,0.544,0.614,0.8775000000000002,0.56,0.7646777777777776,0.46311637806637806,0.8401367965367964,0.703298986605892,0.77,0.41165714285714283,0.5361761904761905,0.3683619047619048,0.5965503385503387,0.6086666666666667,0.858,0.7849460317460318,0.032,0.548,0.716,0.562,0.619625,0.7586477522477522,0.086,0.5625841769341771,0.5428,0.556,0.3181666666666667,0.408,0.886,0.7445333333333334,0.6579752525252526,0.7096290043290046,0.5810131313131314,0.204,0.4548068960107659,0.766,0.27,0.7059285714285715,0.6985999999999999,0.454,0.3926666666666666,0.16,0.6280792207792208,0.722511111111111,0.7468658175158175,0.598,0.434,0.7827039793539793,0.396,0.6601957819957822,0.7401354256854256,0.7670778058542761,0.096,0.5253000000000002,0.694,0.2661558441558442,0.45483093018093024,0.712,0.12,0.5012917748917749,0.092,0.541,0.6733564436900201,0.636,0.608,0.422,0.1316859362859363,0.6308515376780084,0.542,0.5391944444444444,0.7068425685425684,0.6886081807081808,0.148,0.33263528062971554,0.342,0.12279999999999999,0.38920000000000005,0.5986285714285716,0.598,0.6976658730158731,0.7259887445887444,0.6517142857142857,0.8026089521589522,0.378,0.3178333333333333,0.14,0.506,0.624,0.4927278471528471,0.134,0.212,0.364,0.5525415140415141,0.354,0.492,0.6625640692640691,0.2160963172822003,0.496,0.47785476190476195,0.5024054112554114,0.5273333333333333,0.44351428571428575,0.364,0.606,0.452,0.44253311688311686,0.454,0.6518333333333333,0.8940434725405314
1.0,0.21,0.17,1.0,0.996,0.126,0.026,0.9226666666666666,0.08,0.08,0.996,0.079,0.996,0.9976,0.0404,0.004,0.916,0.196,0.896,0.044666666666666674,0.044,0.1035,0.06083116883116883,0.062,0.912,0.1425,0.076,0.096,0.108,0.944,0.037,0.588,0.11,0.066,0.12,0.032,0.98,0.07683333333333332,0.162,0.017333333333333336,0.096,0.006,0.06,0.018,0.098,0.91,0.12,0.056,0.124,0.0669,0.968,0.098,0.992,0.0725,0.029666666666666668,0.026333333333333334,0.094,0.063,0.9703999999999999,0.085,0.056,0.05388888888888889,0.11281818181818182,0.11626190476190476,0.0027,0.008,0.998,0.118,0.1239206349206349,0.154,0.144,0.024,0.18480000000000002,0.09333333333333334,0.14076190476190475,0.2194920634920635,0.15,0.168,0.12433333333333332,0.1455,0.08,0.08119047619047619,0.126,0.676,0.0925,0.136,0.088,0.12316666666666667,0.162,0.102,0.04,0.028,0.032,0.020666666666666663,0.152,0.158,0.102,0.109,0.032266666666666666,0.018,0.024,0.11,0.162,0.1105,0.13269999999999998,0.148,0.012,0.142,0.124,0.12,0.108,0.13,0.138,0.104,0.94,0.09493333333333334,0.044,0.11936666666666668,0.202,0.1515,0.12675,0.042,0.1811666666666667,0.008,0.994,0.0075,0.306,0.082,0.024,0.044,0.002,0.0,0.019,0.182,0.176,0.186,0.156,0.12498095238095237,0.094,0.014,0.038,0.0026666666666666666,0.20556818181818182,0.0542,0.184,0.1492,0.112,0.032,0.0756,0.078,0.151,0.0,0.212,0.302,0.134,0.166,0.248,0.148,0.06156428571428572,0.168,0.15,0.10697777777777777,0.0,0.132,0.178,0.14,0.168,0.1678181818181818,0.178,0.166,0.108,0.122,0.144,0.17,0.8432000000000001
1.0,0.984,0.662,0.988,0.968,0.7714285714285715,0.718,0.946,0.708,0.762,0.962,0.796,0.866,0.958,0.77,0.936,0.7816666666666667,0.918,0.682,0.7543333333333333,0.192,0.95,0.06,0.88,0.014,0.688,0.89,0.776,0.87,0.944,0.904,0.962,0.926,0.142,0.944,0.782,0.928,0.886,0.658,0.004,0.206,0.026,0.85,0.062,0.134,0.804,0.092,0.774,0.914,0.864,0.09,0.924,0.988,0.878,0.112,0.02,0.878,0.126,0.8566666666666666,0.548,0.148,0.7657142857142858,0.988,0.78,0.0,0.021666666666666664,0.99,0.096,0.9202,0.934,0.748,0.016,0.806,0.202,0.934,0.994,0.436,0.502,0.9436,0.868,0.122,0.1373333333333333,0.66,0.964,0.103,0.954,0.438,0.784,0.57,0.158,0.092,0.104,0.182,0.084,0.8336666666666667,0.122,0.842,0.872,0.6,0.002,0.66,0.106,0.98,0.904,0.4273333333333333,0.13,0.078,0.554,0.906,0.942,0.1716,0.932,0.93,0.48160000000000003,0.014,0.1456,0.428,0.966,0.632,0.96,0.926,0.122,0.54,0.004,0.966,0.11,0.968,0.902,0.134,0.008,0.012,0.014,0.17327777777777778,0.954,0.93,0.956,0.902,0.088,0.03,0.104,0.006,0.028,0.966,0.09,0.254,0.93,0.934,0.166,0.19,0.058,0.1,0.0,0.97,0.962,0.982,0.234,0.108,0.978,0.027499999999999997,0.604,0.976,0.9416,0.016,0.97,0.548,0.974,0.23,0.964,0.964,0.958,0.62,0.246,0.038,0.956,0.686
0.9425714285714285,0.9365583877995642,0.9707428571428571,0.9746965990688865,0.944,0.126,0.9713809523809525,0.21803463203463205,0.9694427350427348,0.169,0.9103333333333333,0.9047,0.9155,0.12610050125313282,0.312,0.994,0.892,0.9797663003663003,0.946,0.9254833333333333,0.164,0.25415714285714286,0.17742857142857144,0.21555238095238097,0.124,0.9577151515151514,0.212,0.8739166666666667,0.9590549783549784,0.196,0.9211111111111111,0.154,0.25049999999999994,0.1347166666666667,0.1562047619047619,0.1544,0.24266666666666667,0.25413260073260074,0.138,0.1905,0.2275,0.19173333333333334,0.1478,0.14845865245865247,0.18866666666666665,0.9438083333333334,0.8656666666666667,0.16022222222222224,0.235,0.23663846153846152,0.086,0.17190476190476192,0.8930333333333335,0.20521746031746033,0.18243867243867243,0.238,0.7828811965811966,0.22733333333333333,0.9252333333333334,0.18733333333333335,0.1460595238095238,0.2053888888888889,0.9192666666666667,0.7736556998556998,0.118,0.16583333333333333,0.824,0.2107,0.26533333333333337,0.23770000000000002,0.8505714285714285,0.13465054945054944,0.18215,0.16625151515151515,0.21359999999999998,0.8895,0.28382857142857143,0.2541666666666667,0.14166666666666666,0.22451443001443003,0.2248095238095238,0.3019818181818182,0.93,0.92,0.236,0.258,0.18020143745143744,0.8975000000000001,0.15706666666666666,0.21658333333333335,0.16069999999999998,0.16343333333333335,0.7826666666666667,0.14,0.8264444444444444,0.19379999999999997,0.15916666666666665,0.13182424242424243,0.1818552447552448,0.17847619047619048,0.09714070783018151,0.17,0.1695,0.196,0.922,0.264,0.24327878787878784,0.134,0.21299999999999997,0.17114285714285715,0.24117619047619043,0.886,0.08,0.12573333333333334,0.068,0.18318730158730157,0.1819833333333333,0.10333333333333333,0.1758920634920635,0.3577666666666665,0.12946666666666667,0.13323333333333334,0.152,0.212,0.04,0.18143333333333334,0.834,0.8703333333333334,0.07506580086580086,0.164,0.156,0.14,0.06885714285714287,0.08189761904761904,0.904,0.9036000000000001,0.17644444444444443,0.18671428571428572,0.08,0.05721222726660873,0.088,0.16451428571428572,0.94655,0.1791142857142857,0.898,0.14983333333333332,0.20215,0.13365812024830734,0.1588181818181818,0.086,0.1519333333333333,0.092,0.058,0.14937777777777778,0.9306961538461538,0.108,0.098,0.936,0.19446666666666668,0.21386666666666665,0.934,0.09291465201465202,0.14858766070530774,0.9646666666666667,0.10940567765567764,0.12057936507936508,0.09463333333333332,0.898,0.942,0.182,0.136,0.1219226551226551,0.082,0.10795238095238095,0.8909777777777779
0.994,0.7603333333333334,0.6854954545454546,0.848,0.7484812834224599,0.066,0.63575,0.13066666666666668,0.7284801587301586,0.6333333333333333,0.914,0.758,0.912,0.07843956043956044,0.802,0.808,0.182,0.7943833333333333,0.02,0.711021212121212,0.144,0.1437,0.022,0.056,0.034,0.613161111111111,0.1,0.6596168831168832,0.7867333333333334,0.19133333333333333,0.052,0.182,0.162,0.054,0.27066666666666667,0.06666666666666665,0.23,0.0851,0.048,0.17833333333333332,0.0896,0.79195,0.12,0.5691176470588235,0.124,0.092,0.776,0.7863333333333332,0.8086666666666668,0.1343,0.024,0.10175,0.218,0.806,0.8498131868131868,0.2365,0.8292,0.05275,0.1345,0.8676,0.13491190476190476,0.05433333333333334,0.3872,0.6712333333333333,0.028833333333333332,0.06916666666666667,0.192,0.134,0.8196666666666668,0.136,0.072,0.1544,0.7766285714285713,0.22226190476190477,0.05,0.20131428571428572,0.18054285714285714,0.108,0.11776666666666667,0.1382857142857143,0.09050952380952385,0.8510389610389612,0.016,0.2,0.7015,0.042133333333333335,0.09427106227106227,0.044142857142857136,0.072,0.13192857142857145,0.0175,0.066,0.14146666666666666,0.0723,0.79,0.852,0.15719999999999998,0.7984,0.95,0.042,0.0756,0.8469,0.102,0.81,0.074,0.04,0.047,0.094,0.8257555555555556,0.13333333333333333,0.8515384615384616,0.0592,0.0987,0.08902777777777778,0.064,0.23529761904761906,0.852,0.1032,0.05,0.061,0.091,0.10909999999999999,0.0735,0.04,0.022,0.06,0.045111111111111116,0.11266666666666666,0.06333333333333332,0.0435,0.108,0.124,0.007142857142857143,0.06986068376068377,0.144,0.11375,0.8506730769230769,0.10155555555555555,0.12,0.053280632411067196,0.106,0.016916666666666663,0.14357128427128427,0.06326666666666668,0.166,0.112,0.07916666666666668,0.06935064935064934,0.049,0.136,0.106,0.008,0.052,0.23947359307359303,0.252,0.052,0.044,0.10933333333333332,0.09366666666666666,0.072,0.148,0.07623333333333333,0.028,0.2077142857142857,0.024,0.11482857142857142,0.172,0.035777777777777776,0.13,0.938,0.194,0.2072,0.026,0.9006000000000001,0.7449023809523808
0.998,0.8550388888888886,0.646,0.7226451575799401,0.804,0.152,0.9462835164835165,0.10479999999999999,0.8158610275689224,0.038,0.844,0.962,0.844,0.038,0.6843818181818182,0.99,0.182,0.7701656413761678,0.126,0.712,0.11774502164502164,0.164,0.10246666666666665,0.074,0.07,0.7329408263305324,0.28,0.80075,0.7538333333333332,0.23365,0.054,0.18280000000000002,0.16620000000000001,0.144,0.3674380952380953,0.05434090909090909,0.272,0.12818888888888888,0.702,0.882,0.21159999999999998,0.6784015873015874,0.152,0.8373333333333333,0.036,0.194,0.7460166666666667,0.70675,0.188,0.1205,0.046,0.1216,0.18000000000000002,0.8445,0.8823333333333334,0.7946666666666666,0.8314545454545454,0.1993333333333333,0.3045,0.848,0.09391666666666668,0.21466666666666667,0.358,0.82756336996337,0.036,0.188,0.19,0.908,0.8193333333333332,0.238,0.19,0.26913333333333334,0.8079727272727273,0.317225974025974,0.146,0.2855333333333333,0.22377777777777777,0.179,0.306,0.04889444444444445,0.822,0.854,0.002,0.174,0.81,0.1706666666666667,0.1435,0.085,0.042,0.2275333333333333,0.1535,0.08983333333333333,0.204,0.144,0.8852000000000001,0.886,0.30036666666666667,0.24588888888888888,0.11887272727272725,0.2036,0.22548333333333334,0.844,0.072,0.87,0.1147857142857143,0.064,0.08088888888888889,0.048799999999999996,0.1667857142857143,0.246,0.8523428571428572,0.8272,0.28,0.10646666666666667,0.16,0.2126666666666667,0.13,0.12291666666666666,0.012,0.1721,0.194,0.15630769230769231,0.21916666666666668,0.228,0.006,0.21969999999999998,0.006,0.189,0.284,0.362,0.352,0.358,0.06271428571428571,0.19820512820512817,0.231,0.274,0.1984,0.2507142857142857,0.238,0.02776,0.318,0.06,0.06441666666666666,0.12966666666666665,0.302,0.216,0.3,0.22479506458453824,0.962,0.306,0.065,0.012,0.098,0.218,0.2523844211344211,0.012,0.09,0.022,0.302,0.232,0.268,0.2254290621143562,0.04159473684210526,0.20366666666666666,0.19913333333333333,0.2083452380952381,0.2495,0.094,0.082,0.918,0.344,0.026964285714285715,0.008,0.207,0.8128
1.0,0.21836903125145038,0.8940324841824842,0.7578401676898896,0.7281458103008105,0.6217089466089466,0.8261032241150662,0.4439209235209235,0.8525883311133311,0.608,0.964,0.8841244477744477,0.652,0.6677795581869113,0.27698624153624163,0.998,0.976,0.7933591953507393,0.81,0.7411337662337664,0.17006648351648357,0.5966564935064934,0.6305138306138305,0.43053275613275616,0.124,0.41763116678643003,0.194,0.26731080031080034,0.39178823953823955,0.49396666666666667,0.7701557249939601,0.6003992063492062,0.6867000000000001,0.116,0.5666580086580086,0.10396294962347595,0.555,0.7539188311688313,0.6865833333333332,0.745852380952381,0.624,0.32537569652569653,0.228,0.26985324675324673,0.77,0.35482607392607396,0.708962368187368,0.5667551650963415,0.6621690476190477,0.3154348984348984,0.262,0.146,0.7847999999999999,0.286,0.6832281385281384,0.626,0.7646451048951051,0.3608609612609612,0.8937222222222223,0.30729805194805193,0.27439743655037774,0.2375739760239761,0.57,0.9234886851710381,0.304,0.444,0.83,0.81,0.679,0.184,0.837161827061827,0.2984931401931402,0.5258780108780109,0.5233051812566517,0.814,0.33598333333333336,0.40098003385503383,0.1037,0.464,0.7763753968253967,0.6463333333333334,0.3811580808080808,0.26,0.828,0.627,0.166,0.6826303751803753,0.8109590354090357,0.034,0.3830043012543011,0.6471428571428571,0.636,0.148,0.542,0.5731741702741704,0.6802007187257189,0.3239333333333333,0.5782907925407926,0.7084726162726163,0.164,0.18827095886569564,0.632,0.168,0.294,0.6526921356421357,0.686,0.7721214285714285,0.04,0.7664039726355515,0.4785333333333333,0.5164772939478821,0.806,0.3983333333333334,0.7781359368701473,0.106,0.5715758574758575,0.3310260128760128,0.8085632034632034,0.13319999999999999,0.22598095238095242,0.64175,0.07373204018204017,0.40121904761904764,0.3,0.584,0.23751587301587299,0.074,0.546,0.32860277541515925,0.371,0.854,0.464,0.5056,0.7519282831547538,0.506,0.428,0.7951395160395162,0.41258066378066377,0.43,0.024689493406912764,0.406,0.18172705627705626,0.266,0.6928761904761904,0.578,0.369952380952381,0.453,0.7865386333917798,0.4400091575091573,0.35,0.328,0.48491717171717175,0.124,0.586,0.3715285353535353,0.018,0.216,0.346,0.228,0.062,0.428,0.3187193349134524,0.36647253540270774,0.564,0.2790285714285714,0.5207792207792209,0.35022777777777775,0.232,0.372,0.7616666666666667,0.446,0.12668809523809524,0.152,0.17493127428127428,0.8341798750269339
1.0,0.09107619047619046,0.8361844322344322,0.7850693817234139,0.695165860805861,0.6992311688311689,0.8798658674658675,0.6903380952380952,0.8555304140304141,0.654,0.938,0.9244830835830835,0.326,0.644307142857143,0.12667368742368743,0.994,0.916,0.7882884679046442,0.896,0.7764051226551227,0.06657142857142857,0.7573222222222222,0.6459414307914307,0.16408253968253966,0.1,0.12751680161943318,0.194,0.13332539682539685,0.2999166666666666,0.33080000000000004,0.6592608391608392,0.7139833333333332,0.789,0.092,0.40257936507936504,0.04764239094239095,0.424,0.8676666666666666,0.672,0.8449523809523811,0.828,0.08901500721500721,0.106,0.1320008658008658,0.822,0.20312196137196137,0.7573285714285715,0.613615482556659,0.7929666666666666,0.2418193473193473,0.178,0.098,0.8252999999999999,0.17675,0.814299567099567,0.678,0.7718556388056389,0.20419696414696414,0.9455,0.2414222222222222,0.14105,0.12506899766899768,0.422,0.8789523809523809,0.084,0.28,0.858,0.832,0.822,0.124,0.8879442224442226,0.1623838827838828,0.17892909312909314,0.38163928571428574,0.912,0.32179523809523813,0.25414637584637584,0.10009523809523811,0.398,0.7958682539682539,0.778,0.26944126984126987,0.13,0.88,0.718,0.096,0.7503811688311689,0.8127119047619048,0.028,0.23006689421689425,0.808,0.779,0.11320000000000001,0.748,0.3471329004329005,0.81943682983683,0.4020666666666667,0.3389645299145299,0.8272095238095238,0.176,0.09620221445221444,0.752,0.106,0.184,0.6979603174603175,0.862,0.814,0.074,0.8155,0.3375,0.2546278832278832,0.832,0.2833333333333334,0.8339590909090908,0.104,0.3530358974358974,0.15831736596736598,0.8933668831168831,0.106,0.16776666666666668,0.7302777777777778,0.07628888888888889,0.25631428571428577,0.19,0.742,0.1096142857142857,0.078,0.312,0.2885108974358975,0.292,0.988,0.37,0.806,0.8518333333333332,0.364,0.328,0.8031222222222222,0.3448888888888889,0.324,0.041073517984485726,0.342,0.14349610389610387,0.224,0.8317285714285715,0.424,0.254,0.32,0.9457894736842105,0.2693418803418804,0.324,0.198,0.1665765873015873,0.076,0.386,0.3544354256854257,0.02,0.202,0.198,0.12783333333333333,0.14,0.354,0.21418519258519253,0.25279928645142263,0.4295444444444445,0.1715142857142857,0.3410476190476191,0.19958333333333333,0.17,0.26,0.858,0.314,0.093565873015873,0.054,0.11294444444444444,0.8941664884135471
1.0,0.005682051282051281,0.9535333333333333,0.8105345632775166,0.9265972222222222,0.9170303030303031,0.9291319776628599,0.07247330447330447,0.9452379018040781,0.892,0.984,0.9683285714285712,0.976,0.922594890077243,0.8389373015873016,1.0,0.98,0.8856460021145004,0.926,0.9392766233766233,0.08233333333333334,0.10438585858585858,0.9082793650793651,0.9325048951048949,0.148,0.8974810373836689,0.874,0.9179707792207792,0.9513214285714285,0.9549333333333334,0.9171222166722166,0.10344444444444444,0.9607,0.87,0.9666174603174603,0.0892170274170274,0.964,0.9695714285714285,0.948,0.9798888888888889,0.146,0.8799555555555556,0.926,0.9387833333333334,0.934,0.9299333333333334,0.8374895743145743,0.9215395604395605,0.12739090909090908,0.9490441558441558,1.0,0.12,0.974,0.972,0.9766666666666667,0.942,0.9772111111111111,0.9829474025974027,0.9724151515151513,0.9550103174603175,0.8644499999999999,0.9436857142857143,0.996,0.9684,0.978,0.946,0.99,0.968,0.99,0.124,0.9293174825174824,0.08322142857142859,0.9502015873015873,0.3720289321789322,0.986,0.11303571428571427,0.1576434343434344,0.1194,0.99,0.9822222222222222,0.944,0.9429047619047618,1.0,0.996,0.956,0.112,0.9586666666666667,0.9632130036630038,0.058,0.99015,0.986,0.974,0.982,0.882,0.9431944444444444,0.99,0.08669999999999999,0.968253968253968,1.0,0.04,0.09377378659352341,0.964,0.178,0.974,0.9554166666666666,0.142,0.9842000000000001,0.046,0.982,0.942,0.9820888888888889,0.982,0.972,0.9865333333333333,0.188,0.9841025641025641,0.96,0.9883333333333333,0.988,0.9744285714285713,0.988,0.011095238095238097,0.996,0.99,0.082,0.996,0.034,0.958,0.14655641923436039,0.998,1.0,1.0,0.044,0.28949264069264075,0.986,0.202,0.9809,0.16880238095238093,1.0,0.03633796872196496,1.0,0.9339666666666667,0.146,0.9814166666666666,0.996,0.99,0.984,1.0,0.9955,1.0,0.996,1.0,0.13,0.966,0.11936048951048951,0.006,0.19,1.0,0.998,0.048,0.218,0.23232997557997556,1.0,0.998,0.9956,0.996,0.9976,0.18,0.168,0.994,1.0,0.07325158730158729,0.076,0.1246868686868687,0.9460167659138248
1.0,0.004,0.9386666666666668,0.9422649572649573,0.976,0.938,0.939295238095238,0.052,0.944,0.932,0.994,0.9766666666666665,0.982,0.9288,0.9646666666666667,1.0,0.995,0.9228,0.956,0.9098571428571429,0.076,0.14822222222222223,0.916,0.9622666666666666,0.044,0.946,0.978,0.9191969696969697,0.938,0.982,0.9536555555555556,0.12046666666666667,0.97,0.912,0.9885333333333333,0.07454545454545455,0.99,0.9358333333333334,0.9296666666666666,0.9861333333333333,0.088,0.9238,0.934,0.926,0.966,0.9635,0.964,0.93,0.0988,0.9463714285714285,0.998,0.06866666666666665,0.988,0.978,0.99,0.9455714285714285,0.996,0.9794545454545455,0.9586666666666667,0.986088888888889,0.9306,0.9628000000000001,0.99,0.9935,0.974,0.986,0.984,0.99,0.99,0.084,0.956,0.020666666666666663,0.972,0.21525533910533912,0.996,0.10561666666666665,0.16764444444444446,0.0655,0.97,0.978,0.9671666666666666,0.9657142857142857,1.0,0.974,0.9331,0.092,0.98,0.9681653846153846,0.05,0.998,0.956,0.9755,0.996,0.966,0.988,0.984,0.0746,0.9805,0.998,0.234,0.23555151515151512,0.9692666666666666,0.0355,0.9483333333333334,0.9623333333333334,0.044,0.996,0.006,0.994,0.9596,0.9867619047619048,0.984,0.9723333333333334,0.972,0.164,0.97625,0.969,0.969,0.996,0.9883333333333333,0.98,0.03326666666666667,0.998,0.998,0.024,0.998,0.082,0.95,0.12025714285714287,1.0,0.998,1.0,0.056,0.16619696969696968,0.984,0.15,0.98,0.08541269841269841,1.0,0.12580952380952382,1.0,0.9632000000000001,0.13,0.9815,0.988,0.9872000000000001,0.9796666666666666,1.0,0.994,1.0,0.994,1.0,0.11,0.982,0.06744230769230769,0.002,0.146,0.998,0.9733333333333334,0.11,0.19,0.138,1.0,1.0,0.994,1.0,0.994,0.126,0.1396666666666667,0.99,1.0,0.05680555555555556,0.028,0.08488888888888889,0.9916428571428572
1.0,0.0,0.99,0.9823076923076923,0.992,0.962,0.9811714285714286,0.004,0.982,0.944,1.0,0.9886666666666666,0.992,0.9544,0.99,0.992,1.0,0.9763999999999999,0.994,0.964,0.008,0.026,0.95075,0.9803333333333333,0.02,0.9821538461538462,0.99,0.9768636363636364,0.9865714285714285,0.992,0.962,0.026952380952380953,1.0,0.972,0.998,0.006,1.0,0.994,0.952,1.0,0.022,0.965,0.988,0.95875,0.994,0.994,0.984,0.96,0.026,0.996,1.0,0.024,0.998,0.992,0.9956,0.98,1.0,0.998,0.998,0.986,0.99,0.984,0.998,0.998,0.996,0.998,1.0,1.0,0.998,0.037,0.974,0.010666666666666666,0.974,0.9934476190476191,1.0,0.058,0.042277777777777775,0.0216,1.0,0.99,0.996,0.992,1.0,1.0,0.984,0.029,0.995,0.992,0.038,1.0,0.994,0.992,1.0,0.996,0.994,1.0,0.023600000000000003,0.996,0.998,0.042,0.039025,0.996,0.018,0.992,0.994,0.034,0.998,0.008,0.996,0.996,1.0,0.998,0.998,0.994,0.054,0.996,0.992,1.0,1.0,1.0,0.998,0.016800000000000002,1.0,1.0,0.022,1.0,0.04,0.994,0.026,1.0,1.0,1.0,0.032,0.034,0.996,0.052,0.998,0.034,1.0,0.04190909090909091,1.0,0.99,0.034,1.0,1.0,0.998,0.996,1.0,0.998,1.0,1.0,1.0,0.052,0.996,0.055483333333333336,0.02,0.048,1.0,0.998,0.04,0.104,0.024,1.0,1.0,0.996,1.0,1.0,0.056,0.036,1.0,1.0,0.018694444444444444,0.02,0.02288888888888889,0.9984444444444445
0.992,0.01,0.954,0.974,0.8652798412371944,0.9203777777777779,0.9366,0.13310476190476192,0.974,0.9275000000000002,0.9160111111111111,0.8733666666666666,0.9512666666666668,0.9035761904761904,0.822,0.98,0.9491999999999999,0.9623999999999999,0.962,0.924,0.043,0.1432,0.9433333333333332,0.9016666666666667,0.062,0.9457095238095238,0.951,0.93,0.992,0.899,0.8668088023088023,0.0885857142857143,0.9461261904761905,0.9388,0.934,0.08854545454545455,0.934,0.9009166666666665,0.8893333333333334,0.9133333333333333,0.0615,0.9156666666666666,0.925,0.8705761904761905,0.892,0.9486,0.931,0.9,0.0996,0.9342285714285714,1.0,0.11183333333333333,0.9531666666666667,0.9581666666666667,0.9053333333333332,0.888,0.9090999999999999,0.9415,0.98025,0.8872666666666666,0.9248476190476191,0.9324714285714285,0.97,0.938,0.952,0.946,0.964,0.957,0.949,0.1515,0.9350666666666667,0.11083333333333334,0.8659499999999999,0.2106261904761905,0.97,0.10349206349206348,0.18030000000000002,0.13466666666666668,0.982,0.944,0.8912,0.9516999999999999,1.0,0.964,0.9018571428571428,0.044,0.9436666666666667,0.950295238095238,0.0695,0.986,0.9418333333333333,0.9713952380952381,0.9755,0.93,0.9571333333333333,0.92,0.11675,0.9554428571428571,0.98175,0.14759999999999998,0.16273701298701299,0.886,0.09366666666666668,0.976,0.9,0.088,0.9675,0.052,0.95,0.9485999999999999,0.9666666666666668,0.964,0.976,0.9656363636363636,0.09,0.9706666666666667,0.9385,0.982,0.994,0.976,0.9590761904761905,0.12217294372294371,0.994,0.992,0.016,0.988,0.048,0.982,0.05783333333333333,0.998,1.0,0.998,0.1226891330891331,0.14059047619047618,0.922,0.088,0.964,0.10155555555555555,1.0,0.022,1.0,0.9613809523809524,0.134,0.939,0.984,0.9535,0.9567666666666667,0.994,0.9818181818181817,1.0,0.968,1.0,0.072,0.916,0.06,0.032,0.118,0.994,0.9575666666666667,0.152,0.116,0.14064761904761905,1.0,0.994,0.994,1.0,0.992,0.094,0.082,0.986,1.0,0.0226,0.07,0.14738095238095236,0.9250825396825396
1.0,0.956,0.996,1.0,0.9622859917859916,0.0,0.994,0.992,0.996,0.9693333333333334,0.996,0.0,0.99,0.9926666666666667,0.982,0.984,0.9900000000000001,0.9962105263157894,0.992,0.9953333333333334,0.0,0.996,0.988,0.99,0.006,0.9923157894736842,0.01,0.9965,0.9966666666666667,0.002,0.97,0.006,1.0,1.0,1.0,0.006,0.006,0.996,0.99425,0.0035,0.006,0.993,1.0,0.968,0.01,0.9926666666666666,0.998,0.0,0.004,0.998,0.01,1.0,1.0,0.996,0.0056,0.0015,0.004,0.998,0.996,0.014,1.0,0.998,0.018,0.984,0.0032,0.009,0.998,0.006,0.008,1.0,0.974,1.0,0.976,0.012533333333333334,0.0192,0.016,0.0208,1.0,1.0,0.9963333333333334,0.015,0.998,0.012,1.0,1.0,1.0,0.0182,0.998,0.01,0.0135,0.008,1.0,0.011,0.0,0.994,0.01,0.06,0.9975,0.034,0.004,0.06709999999999999,0.0,0.0,0.998,0.0,1.0,0.006,0.002,0.008,1.0,1.0,1.0,1.0,1.0,0.004,1.0,1.0,0.0216,0.01,0.004,0.8537720446220447,0.008333333333333333,1.0,0.002,1.0,0.006,0.002,0.998,0.008,0.006,0.016,0.018,1.0,0.011261904761904761,0.002,0.016,0.022261904761904764,0.012,0.012,0.0,0.014,1.0,0.014,0.018166666666666668,0.019714285714285715,1.0,1.0,0.011714285714285715,1.0,0.01,1.0,1.0,0.0,0.008,0.014,0.002,0.024,0.016,0.010544444444444445,1.0,0.02,0.008583333333333332,0.014,0.03,1.0,0.022,1.0,0.006,0.008,0.998,0.014,0.006,1.0,0.006,0.996
0.676,0.9409380952380952,0.37711111111111106,0.3647222222222222,0.428,0.286,0.9566666666666668,0.4885,0.7909523809523811,0.368,0.214,0.827838888888889,0.552,0.3833333333333333,0.17989206349206346,0.992,0.28,0.8268139173060529,0.802,0.3963436507936508,0.4527,0.3237,0.30066212121212116,0.23051515151515153,0.432,0.7713086726998492,0.184,0.44930000000000003,0.28124444444444446,0.5141833333333334,0.3528290043290044,0.22746666666666668,0.23433333333333334,0.306,0.3984666666666667,0.70775,0.414,0.23214285714285715,0.454,0.24571666666666667,0.318,0.46096031746031746,0.286,0.457647619047619,0.15,0.7103333333333333,0.22575,0.29039939309056956,0.3207777777777778,0.353,0.008,0.3256,0.13166666666666668,0.18306666666666668,0.2648923853923854,0.36,0.18028571428571427,0.326901948051948,0.224,0.27505555555555555,0.2782888888888889,0.3074343434343434,0.462,0.5706050366300366,0.182,0.541,0.112,0.568,0.2,0.304,0.3343333333333333,0.817430303030303,0.3946487179487179,0.50085,0.138,0.5255,0.4939523809523809,0.2753333333333334,0.12021428571428572,0.15732142857142856,0.308,0.2109714285714286,0.002,0.102,0.362,0.21719999999999998,0.2560873015873016,0.1590095238095238,0.26,0.0314,0.242,0.276,0.078,0.218,0.4017177489177489,0.31417727272727275,0.535,0.4544888888888889,0.15597727272727274,0.346,0.049151515151515154,0.214,0.146,0.312,0.3088809523809524,0.336,0.1307936507936508,0.352,0.10033333333333333,0.41466666666666663,0.228,0.24,0.436,0.28764357864357865,0.006,0.6230545454545455,0.3409166666666667,0.050833333333333335,0.164,0.177,0.21033333333333332,0.21545054945054945,0.11976428571428571,0.132,0.0,0.184,0.01,0.472,0.48,0.284,0.516,0.504,0.138,0.09708095238095238,0.514,0.088,0.21166666666666667,0.7760833333333333,0.36,0.01376,0.456,0.23422077922077927,0.066,0.15193333333333334,0.48,0.13622222222222222,0.3172666666666667,0.056,0.14748095238095238,0.48,0.065,0.0,0.032,0.4406666666666667,0.378,0.218,0.014,0.064,0.2495078033078033,0.15,0.526,0.11947965367965367,0.002,0.322,0.08466666666666667,0.3632666666666667,0.0756,0.062,0.022,0.12,0.44,0.04704761904761905,0.008,0.16318650793650796,0.5412924242424242
1.0,0.622,0.988,1.0,0.6328976962579904,0.717813492063492,0.91,0.6188725829725832,0.996,0.7442746642246646,0.43859393939393926,0.3527412698412701,0.6918860750360756,0.6200571428571428,0.45866666666666667,0.916,0.7574699855699853,0.974,0.91,0.7734682539682546,0.1517666666666667,0.4716714285714285,0.886,0.5293547619047619,0.066,0.7775380952380955,0.2,0.948,0.996,0.42325,0.5396321733821733,0.102,0.617793578643579,0.5159859307359307,0.5088404539904543,0.45283015873015864,0.1,0.5421483405483408,0.6540302308802303,0.011,0.21,0.5081119047619048,0.3785507936507937,0.6212155122655125,0.286,0.7202515873015871,0.898,0.8328,0.276,0.5342123376623379,0.03,0.7800669552669554,0.5565317460317459,0.6916150793650794,0.15417380952380955,0.102,0.47705555555555573,0.6434861471861474,0.6808579365079365,0.5509555555555556,0.32389884559884563,0.6852281385281386,0.32925317460317466,0.6115277777777777,0.026,0.014,0.362,0.096,0.7748658730158732,0.396,0.71852784992785,0.5583182539682541,0.7303349206349206,0.4483416194916195,0.4168839105339108,0.3595501498501499,0.5155146464646466,0.29533333333333334,0.5199174603174602,0.4184999999999999,0.7534682539682539,0.5752309523809522,0.018,0.38,0.4411833333333333,0.242,0.5287184981684983,0.7068087301587304,0.248,0.4620729770229771,0.2902230158730158,0.7061841158841161,0.4511023809523809,0.082,0.7324569264069265,0.066,0.16076666666666667,0.579972943722944,0.5935044122544123,0.01,0.4502644244644244,0.08,0.134,0.88,0.3179396825396826,0.384,0.018,0.112,0.112,0.6195420634920635,0.6374809523809527,0.254,0.6274735042735048,0.5712261904761906,0.068,0.5214119047619048,0.6591007936507938,0.7254743867243866,0.258,0.17,0.4392801587301586,0.6530181818181822,0.40469985569985567,0.02,0.098,0.018,0.23,0.30391269841269863,0.4763868273882979,0.014,0.024,0.012,0.7845886391386393,0.5848515873015873,0.168,0.36966352732235075,0.5690515873015873,0.5025570707070708,0.01,0.044,0.0,0.7005267232767233,0.4138530802530803,0.4088182539682541,0.164,0.550684126984127,0.5873248473748475,0.102,0.4973880952380953,0.014,0.4012444444444444,0.040958333333333326,0.08,0.182,0.017254545454545456,0.16,0.27,0.101,0.4217214285714284,0.25,0.016,0.363577417027417,0.05164850678733032,0.14,0.6299252802752803,0.17475,0.18288888888888888,0.37336736596736614,0.138,0.156,0.006,0.44527691197691194,0.256,0.6677963203463205,0.7314504329004332
1.0,0.298,0.906,0.996,0.8718662675559734,0.4841761904761905,0.882,0.8539238095238095,0.952,0.23481196581196576,0.8346666666666668,0.41592157287157283,0.8779190476190478,0.9135333333333332,0.206,0.846,0.9382317460317462,0.996,0.912,0.8739666666666667,0.077,0.6955833333333333,0.8044,0.55155,0.094,0.8556595238095239,0.478,0.956,0.992,0.25173333333333336,0.8147547619047618,0.114,0.5846031746031747,0.5760666666666666,0.4615747252747253,0.30520079365079367,0.126,0.4679992063492062,0.7819445165945166,0.002,0.214,0.6387142857142856,0.5851666666666666,0.658,0.048,0.6140904761904761,0.824,0.7200857142857143,0.184,0.3066793650793651,0.01,0.7944410533910535,0.9343666666666667,0.7282666666666666,0.044533333333333334,0.16,0.3544357142857143,0.4321714285714286,0.43065757575757574,0.8669111111111112,0.10576666666666666,0.8696999999999999,0.2770476190476191,0.3134,0.0045,0.016,0.904,0.12,0.9053,0.506,0.470986507936508,0.7934785714285714,0.7668,0.19434538794538792,0.17528008658008656,0.21981818181818177,0.5277666666666666,0.244,0.8827515151515153,0.6195,0.9190396825396826,0.23940000000000003,0.036,0.68,0.31366666666666665,0.504,0.4720904761904762,0.8657285714285714,0.246,0.27829920634920635,0.1016,0.8165428571428573,0.29631428571428575,0.023,0.28926666666666667,0.076,0.38226666666666664,0.2444785714285714,0.8677777777777779,0.002,0.3884040182040182,0.043833333333333335,0.114,0.42245238095238097,0.27450952380952376,0.298,0.024,0.112,0.19,0.3764,0.7739999999999999,0.352,0.3384920634920636,0.8055777777777778,0.018,0.26712857142857144,0.8511444444444446,0.6666202380952381,0.278,0.2053333333333333,0.2691238095238095,0.358447619047619,0.6377142857142858,0.014,0.83,0.022,0.266,0.29976587301587315,0.3889489177489177,0.0,0.018,0.0,0.891575668775669,0.2708761904761905,0.168,0.20299103119103118,0.5481666666666666,0.3648611111111112,0.0,0.11,0.0,0.4062926406926407,0.2700666666666667,0.2292333333333333,0.194,0.34087936507936506,0.3168595238095239,0.09,0.7963333333333333,0.006,0.43544444444444447,0.10446827339327337,0.032,0.252,0.0158,0.214,0.556,0.14977777777777776,0.03759563492063491,0.494,0.008,0.2804943722943723,0.03784615384615385,0.196,0.3027935786435786,0.234,0.3463333333333333,0.23074523809523811,0.178,0.282,0.004,0.504720757020757,0.69,0.636845238095238,0.9140626984126984
1.0,0.8515190476190476,0.964,0.784,0.8295557692307692,0.08366666666666667,0.6167142857142858,0.38577619047619055,0.968,0.9392666666666667,0.3838095238095239,0.06388809523809524,0.30633333333333335,0.9056666666666666,0.078,0.972,0.8630166666666667,0.49457142857142855,0.044,0.6571333333333333,0.7325,0.37360000000000004,0.08933333333333335,0.1628904761904762,0.026,0.08827777777777777,0.064,0.6018,0.966,0.167,0.5724834054834055,0.234,0.8693333333333333,0.08454285714285714,0.268239010989011,0.03518333333333334,0.172,0.3512634920634921,0.1413,0.016,0.142,0.5953,0.168,0.08868571428571428,0.056,0.08576666666666669,0.114,0.092,0.7663636363636364,0.3691904761904762,0.022,0.08086666666666666,0.16172063492063493,0.787652380952381,0.052,0.022,0.08875714285714287,0.051295238095238095,0.1525809523809524,0.792,0.2433142857142857,0.0907,0.208,0.09166666666666666,0.002,0.01,0.218,0.042,0.12,0.778,0.0716238095238095,0.1920190476190476,0.09755476190476191,0.26178174603174603,0.068,0.117,0.33972063492063503,0.2943333333333334,0.35506818181818184,0.31233333333333335,0.07994444444444444,0.13979999999999998,0.004,0.198,0.0975,0.216,0.13562857142857143,0.32429047619047624,0.25,0.21964512154512153,0.31,0.10488095238095238,0.3283666666666667,0.052,0.10280952380952381,0.076,0.092,0.2962396825396826,0.10500000000000001,0.0,0.24481299256299258,0.04,0.174,0.1985,0.086,0.086,0.032,0.886,0.2792,0.09576190476190476,0.0796857142857143,0.188,0.18855793650793648,0.288,0.01,0.06484285714285716,0.2883047619047619,0.185625,0.18,0.1368333333333333,0.15272857142857144,0.1756848484848485,0.30666666666666664,0.038,0.012,0.02733333333333333,0.192,0.09446666666666667,0.05,0.016,0.034,0.026,0.13754761904761903,0.2951095238095239,0.16,0.08,0.3020666666666666,0.178,0.006,0.05,0.008,0.07777142857142857,0.164,0.11416666666666665,0.18,0.23779285714285717,0.13602380952380952,0.104,0.186,0.034,0.256,0.011616666666666668,0.016,0.164,0.007692307692307693,0.072,0.042,0.062,0.03195714285714286,0.19,0.012,0.2885,0.01,0.1415,0.1677664502164502,0.07963636363636364,0.22039761904761906,0.17,0.142,0.108,0.002,0.1958,0.058,0.26079920634920645,0.5382333333333333
1.0,0.824,0.852,0.92,0.8373349666957084,0.1753095238095238,0.758,0.7516333333333333,0.8225714285714285,0.821595238095238,0.879,0.13385238095238097,0.8581666666666666,0.811,0.208,0.946,0.7926428571428571,0.098,0.078,0.7083333333333333,0.687,0.301,0.1696,0.2142,0.032,0.1035,0.218,0.262,0.906,0.3018333333333333,0.7325904761904761,0.292,0.8534285714285714,0.153,0.3020333333333333,0.14126666666666665,0.306,0.26566666666666666,0.142,0.12256666666666666,0.188,0.6957714285714287,0.24835714285714286,0.16383333333333333,0.262,0.20456666666666667,0.204,0.13,0.8692000000000001,0.8446857142857143,0.058,0.13624999999999998,0.2288984126984127,0.3364666666666667,0.3092857142857143,0.08523333333333333,0.2916,0.12316666666666667,0.2695,0.4074,0.22133333333333335,0.1499190476190476,0.31925,0.22206666666666666,0.03837857142857143,0.06069523809523809,0.254,0.07,0.2539666666666667,0.9,0.17806666666666665,0.036,0.7385,0.15910714285714284,0.1470857142857143,0.15968484848484849,0.231,0.2315,0.3060333333333333,0.2465,0.21166666666666667,0.294,0.044,0.232,0.23079047619047616,0.238,0.2536,0.2518666666666667,0.158,0.21823809523809523,0.2384,0.18433333333333335,0.19058333333333333,0.11866666666666666,0.30621904761904756,0.308,0.1487,0.28323333333333334,0.3168,0.034,0.0996031746031746,0.23067142857142856,0.158,0.25873333333333337,0.21213333333333334,0.14,0.196,0.934,0.352,0.15706666666666666,0.25685,0.254,0.2876952380952381,0.25983333333333336,0.046,0.22,0.3511666666666667,0.25383333333333336,0.148,0.2132,0.27013095238095236,0.21171746031746028,0.2808571428571429,0.056,0.048,0.2106666666666667,0.23,0.15591746031746032,0.1251,0.068,0.104,0.036,0.22891341991341987,0.3264888888888889,0.24,0.16777777777777778,0.26923809523809517,0.1766666666666667,0.014,0.1,0.01,0.07201666666666666,0.21721428571428572,0.15199523809523807,0.264,0.35527619047619047,0.281036507936508,0.252,0.38877272727272727,0.024,0.367,0.034,0.102,0.23,0.04311871657754011,0.206,0.098,0.12649999999999997,0.05905,0.254,0.164,0.3072,0.0939047619047619,0.238,0.2627695526695527,0.2154141414141414,0.258,0.2175959595959596,0.228,0.192,0.106,0.36467948717948717,0.016,0.26384761904761905,0.1816666666666667
0.998,0.9222558922558922,0.9709212121212122,0.994,0.96,0.008,0.0,0.009333333333333332,0.10075974025974037,0.004,0.982,0.9425666666666666,0.99,0.0,0.978,0.872,0.9873333333333333,0.9422714932126697,0.002,0.966,0.0055,0.006,0.004,0.008666666666666668,0.012,0.15912893217893226,0.006,0.01,0.008,0.028,0.0012,0.042,0.018,0.01,0.9926666666666667,0.01,0.02,0.018042857142857145,0.9286666666666666,1.0,0.014,0.9451666666666667,0.020957142857142858,0.004,0.058,0.014,0.014,0.9725,0.054,0.3662634920634921,0.002,0.02473333333333333,0.996,0.021,0.988,0.9863333333333333,0.982,0.03,0.016,0.994,0.7056759740259745,0.008,0.998,0.014,0.031033333333333333,0.0445,0.994,0.018,0.988,0.028,0.004,0.968,0.9706,0.6898373015873015,0.04643333333333334,0.034,0.99,0.022,0.014,0.01625,0.4235571428571429,0.036,0.002,0.988,0.024666666666666663,0.01,0.01,0.019666666666666666,0.042,1.0,0.010766666666666666,0.03683333333333333,1.0,0.0111,0.021,0.034,0.016,0.023833333333333335,0.08191666666666667,0.006,0.012,0.9921666666666666,0.004,0.044533333333333334,0.011333333333333334,0.02,0.011,0.004,0.03733333333333333,0.02853333333333333,0.994,0.022,0.02855,0.024253968253968257,0.038,0.8428148989898995,0.04641666666666666,0.022,0.01,0.004,0.020266666666666665,0.028325396825396823,0.016583333333333332,0.026,0.0,0.015428571428571429,0.016,0.0216,0.04602857142857143,0.01,0.016,0.012,0.0245,0.027666666666666666,0.018,0.028,0.032,0.028166666666666666,0.03,0.026,0.026,0.015555555555555555,0.8945721389721389,0.02909523809523809,0.036,0.0285,0.023766666666666665,0.023636363636363636,0.034,0.038,0.028,0.004,0.044,0.8521093989343993,0.025200000000000004,0.022,0.01,0.05544999999999999,0.03869047619047619,0.042,0.02,0.03277142857142857,0.002,0.03133333333333333,0.03182619047619047,0.025777777777777778,1.0,0.021492063492063493,0.034333333333333334,1.0,0.028,0.02890555555555556,0.008,0.03933333333333334,0.4491690476190479
0.994,0.7526335672125145,0.89,0.988,0.8731001031991743,0.028047619047619047,0.05353560371517028,0.07845476190476189,0.1700187731170491,0.05850666666666666,0.9646666666666667,0.8755666666666666,0.986,0.056,0.956,0.684,0.9566666666666667,0.8186132968480794,0.012,0.8668444444444444,0.05900252525252525,0.024,0.018,0.05266666666666667,0.03,0.1656668173329939,0.009662337662337662,0.06618181818181819,0.08811764705882354,0.078,0.03912097902097902,0.09468717948717949,0.052,0.03133333333333333,0.8355199855699857,0.0635,0.042,0.0645,0.626,0.916,0.018,0.8014666666666667,0.03295714285714286,0.03533333333333333,0.102,0.06162327476445124,0.05430714285714286,0.8766176470588235,0.114,0.3312918803418803,0.002,0.05166666666666667,0.904,0.0675,0.8707999999999999,0.908,0.9059128205128205,0.06472222222222222,0.05024343434343435,0.8910587086116497,0.571906010656011,0.012,0.948,0.08115796703296704,0.02003333333333333,0.040400000000000005,0.872,0.024,0.854,0.052,0.025333333333333336,0.7361538461538462,0.804,0.5839212121212117,0.06016666666666667,0.08081428571428571,0.772,0.066,0.012,0.026,0.3286333333333332,0.07946491228070175,0.002,0.884,0.052,0.012,0.012,0.0566031746031746,0.092,0.876,0.009966666666666667,0.048833333333333326,0.9595,0.016,0.06533333333333334,0.084,0.04,0.031933333333333334,0.10043333333333333,0.018,0.04,0.8346666666666667,0.006,0.05853333333333333,0.0205,0.024,0.013572649572649573,0.012,0.08092261904761905,0.05399999999999999,0.9446547619047619,0.048,0.0258,0.023055808080808076,0.07,0.5601144660894665,0.08015384615384616,0.023905228758169937,0.01,0.006,0.03193333333333333,0.04242063492063492,0.02683333333333333,0.034,0.0,0.017428571428571432,0.018,0.041100000000000005,0.04531428571428572,0.019422222222222223,0.018,0.014,0.0375,0.05422893772893773,0.018,0.0576,0.05860317460317461,0.022,0.03,0.045977777777777784,0.024,0.020942307692307694,0.7622643467643466,0.03853968253968255,0.046,0.027642857142857143,0.03376666666666667,0.05960307948894905,0.039,0.06,0.034,0.002,0.134,0.6893138361638369,0.025200000000000004,0.03,0.022,0.043949999999999996,0.06950426795426795,0.06,0.03,0.04933333333333333,0.006,0.037333333333333336,0.024392857142857143,0.02377777777777778,0.794,0.05453968253968254,0.064,0.872,0.032,0.025305555555555557,0.012,0.06643333333333333,0.4343091036414568
0.994,0.7694335672125145,0.728,0.7902481481481481,0.7215001031991745,0.07104761904761905,0.2047522703818369,0.1111547619047619,0.3222265412748172,0.10040666666666667,0.8674666666666666,0.6927841991341992,0.976,0.0788,0.774,0.676,0.8327,0.8072728206576031,0.076,0.6793333333333332,0.08794208569208571,0.049100000000000005,0.024,0.078,0.026,0.262118260334437,0.031056782106782106,0.10664848484848485,0.19091764705882355,0.164,0.10563526473526473,0.08197289377289378,0.048,0.032,0.7203620490620491,0.0895,0.146,0.06866666666666667,0.462,0.51,0.02,0.6607999999999999,0.05289047619047618,0.06,0.068,0.13356613190730837,0.1747904761904762,0.5955700280112044,0.144,0.26066587301587313,0.01,0.07056818181818182,0.712,0.1519,0.5504968864468865,0.65,0.6144911754911755,0.09753809523809523,0.12496321456321455,0.6846269286269289,0.4169490842490843,0.01,0.8808333333333334,0.21414880952380955,0.015333333333333334,0.08913333333333333,0.74,0.102,0.702,0.066,0.07066666666666667,0.6641538461538462,0.6173846153846153,0.5473474025974026,0.0495,0.3490809523809524,0.4968047619047619,0.078,0.12028333333333333,0.04066190476190476,0.20304047619047622,0.2645666666666667,0.006,0.78,0.086,0.018,0.014,0.04256507936507936,0.088,0.5053656565656566,0.009800000000000001,0.08138095238095237,0.8126666666666666,0.012,0.2970555555555555,0.11657777777777778,0.332,0.20536823176823177,0.16473333333333334,0.094,0.058924825174825175,0.62,0.018,0.19,0.04016666666666667,0.044,0.009572649572649573,0.042,0.14773543956043955,0.224,0.7378098901098902,0.038,0.2032,0.022693903318903322,0.058,0.6445476190476193,0.09823321123321124,0.029905228758169936,0.01,0.011333333333333332,0.08490000000000002,0.041285714285714294,0.05008484848484849,0.024,0.002,0.028,0.025,0.1695,0.144,0.021672222222222225,0.296,0.23,0.039342857142857145,0.06256227106227105,0.106,0.18206984126984127,0.21955873015873012,0.24533333333333332,0.328,0.0427884801189149,0.316,0.028942307692307694,0.6452295593295596,0.03915396825396826,0.234,0.22964285714285715,0.03754285714285714,0.05360307948894905,0.0512,0.286,0.035,0.002,0.124,0.7098862026862032,0.34520000000000006,0.044,0.028,0.04633333333333333,0.05287417027417027,0.058,0.154,0.05835555555555556,0.006,0.29,0.024892857142857144,0.11566666666666667,0.6655,0.06053968253968254,0.232,0.77,0.28,0.03263888888888889,0.014,0.15838791208791206,0.499129691876751
0.993981684981685,0.15739016578200563,0.9678047382966566,0.07940180376674619,0.972,0.1142750915750917,0.4349664973914977,0.0,0.04417727706081924,0.0,1.0,0.32562977169029816,1.0,0.6233898434898435,0.1095847874347876,1.0,1.0,0.15131593855920522,0.0,0.3967974802974805,0.4280099594849594,0.0,0.20616826278296885,0.25850983460983507,0.0,0.2794308754111392,0.0,0.29186598956598964,0.3432710234210234,0.0,0.22746787069140031,0.25107614052614075,0.0,0.0,0.6224104216045392,0.39101726574079576,0.0,0.4013370851370855,0.9713023670773671,0.0,0.0,0.37628137739453554,0.0,0.7420735042735052,0.0,0.24700448995449029,0.5040488455988456,0.10642466977467001,0.0,0.0,0.0,0.0,0.0,0.0,0.001,0.0,0.5845201243201245,0.4713178044178045,0.1941540792540796,0.46323897768897776,0.5631205079234491,0.1556720168720172,0.0,0.9964871794871796,0.0,0.0,0.0,0.0,0.0010857142857142858,0.0,0.21379493006993053,0.5359474025974024,0.41891240426240484,0.820191573568293,0.0,0.0,0.3038738816738817,0.0,0.0,0.0,0.0,0.0,0.0,0.0,0.0,0.0,0.0,0.4854323121323123,0.0,0.6881472616564729,0.004676190476190475,0.0,0.0,0.0,0.0,0.0,0.0,0.5643999222999224,0.0,0.0,0.8684547660379439,0.0,0.0,0.0,0.0,0.0,0.0,0.0,0.007883333333333334,0.0,0.6242148603030958,0.0,0.0,0.539802647352647,0.0,0.6009700743700745,0.0,0.009955011655011652,0.0,0.0,0.0,0.0,0.0,0.0,0.0,0.0,0.0,0.0,0.8891068131075491,0.0,0.0,0.0,0.0,0.4036598734598735,0.0,0.0,0.0,0.6607049617049616,0.0,0.9387579731789145,0.0,0.008327272727272727,0.0,0.002,0.002,0.0,0.0,0.0,0.7923211537688326,0.0,0.0,0.0,0.0,0.0,0.0,0.0,0.002,0.0,0.0,0.0,0.0,0.6580271604212776,0.0,0.0,0.0,0.0,0.0,0.0,0.0,0.0,0.0,0.0,0.0,0.0,0.2938405176522826
1.0,0.998,1.0,0.982,0.988,0.06549523809523809,0.946,0.994,0.998,0.998,1.0,0.722,1.0,0.986,0.05353095238095239,1.0,0.996,0.96,0.94,0.986,0.994,0.998,0.116,0.992,0.0,0.9391428571428571,0.382,0.9386666666666666,0.992,0.986,0.952,0.998,1.0,0.005904761904761904,0.3805333333333335,0.002,1.0,1.0,0.982,0.002,0.974,0.0,0.392,0.956,0.98,0.962,0.988,0.20706428571428565,0.994,0.998,0.004,0.452,0.988,1.0,0.004,0.006,0.232,0.12706666666666672,0.982,0.028,0.704,0.12112142857142855,0.994,0.992,0.0,0.0,0.996,0.014,0.784,0.998,0.968,0.972,0.982,0.05,0.994,0.998,0.21703333333333336,1.0,0.998,0.887802380952381,0.09919999999999998,0.9505658119658121,0.0,1.0,0.3082333333333333,0.998,0.112002380952381,0.982,1.0,0.034,0.012,0.8982523809523811,1.0,0.004,0.9256666666666667,0.028,0.3267586635586636,1.0,0.23377222222222216,0.0,0.008,0.056,1.0,1.0,0.042,0.996,0.0,1.0,0.478,0.17648492063492063,0.17115238095238092,1.0,0.43551428571428563,0.074,0.0,0.20536190476190475,0.046,1.0,1.0,0.4613619047619048,0.996,0.33447849927849915,0.518,0.0,0.0,0.002,1.0,0.994,0.008,0.002,0.002,0.004,0.996,1.0,0.996,1.0,0.998,0.064,0.012,0.024,0.01,0.002,0.996,0.38460396825396825,0.9974428571428572,0.9282666666666668,0.984952380952381,0.032,0.022,0.006,0.02,0.0,0.0,0.998,0.002,0.004,0.002,0.9993333333333333,0.01,1.0,0.002,1.0,0.0,0.9947666666666667,0.37,0.998,0.9681428571428572,1.0,1.0,1.0,0.004,0.074,0.008,1.0,0.982
1.0,0.998,1.0,0.982,0.988,0.06549523809523809,0.946,0.994,0.998,0.998,1.0,0.722,1.0,0.986,0.05353095238095239,1.0,0.996,0.96,0.94,0.986,0.994,0.998,0.116,0.992,0.0,0.9391428571428571,0.382,0.9386666666666666,0.992,0.986,0.952,0.998,1.0,0.005904761904761904,0.3805333333333335,0.002,1.0,1.0,0.982,0.002,0.974,0.0,0.392,0.956,0.98,0.962,0.988,0.20706428571428565,0.994,0.998,0.004,0.452,0.988,1.0,0.004,0.006,0.232,0.12706666666666672,0.982,0.028,0.704,0.12112142857142855,0.994,0.992,0.0,0.0,0.996,0.014,0.784,0.998,0.968,0.972,0.982,0.05,0.994,0.998,0.21703333333333336,1.0,0.998,0.887802380952381,0.09919999999999998,0.9505658119658121,0.0,1.0,0.3082333333333333,0.998,0.112002380952381,0.982,1.0,0.034,0.012,0.8982523809523811,1.0,0.004,0.9256666666666667,0.028,0.3267586635586636,1.0,0.23377222222222216,0.0,0.008,0.056,1.0,1.0,0.042,0.996,0.0,1.0,0.478,0.17648492063492063,0.17115238095238092,1.0,0.43551428571428563,0.074,0.0,0.20536190476190475,0.046,1.0,1.0,0.4613619047619048,0.996,0.33447849927849915,0.518,0.0,0.0,0.002,1.0,0.994,0.008,0.002,0.002,0.004,0.996,1.0,0.996,1.0,0.998,0.064,0.012,0.024,0.01,0.002,0.996,0.38460396825396825,0.9974428571428572,0.9282666666666668,0.984952380952381,0.032,0.022,0.006,0.02,0.0,0.0,0.998,0.002,0.004,0.002,0.9993333333333333,0.01,1.0,0.002,1.0,0.0,0.9947666666666667,0.37,0.998,0.9681428571428572,1.0,1.0,1.0,0.004,0.074,0.008,1.0,0.982
1.0,0.998,0.996,0.986,0.988,0.028333333333333332,0.976,0.988,0.98,0.994,1.0,0.028,1.0,0.992,0.01040952380952381,1.0,0.998,0.96,0.978,0.996,0.992,0.99,0.028,0.996,0.004,0.922,0.964,0.978,0.978,0.998,0.982,0.994,1.0,0.0019047619047619048,0.6726023809523808,0.0,0.998,1.0,0.9465714285714285,0.002,0.268,0.0,0.968,0.978,0.994,0.978,0.99,0.8922880952380952,0.998,1.0,0.006,0.99,0.992,1.0,0.002,0.004,0.118,0.0650111111111111,0.994,0.006,0.054,0.04184285714285714,1.0,0.968,0.0,0.0,0.998,0.008,0.082,0.998,0.978,0.992,0.95,0.008,1.0,1.0,0.10020476190476191,0.998,1.0,0.6158214285714286,0.03364285714285715,0.9824880952380952,0.0,1.0,0.9251809523809523,1.0,0.0322452380952381,0.98,1.0,0.01,0.004,0.6484523809523811,1.0,0.002,0.5758166666666669,0.008,0.19848388833388825,0.994,0.15270432900432898,0.0,0.01,0.006,1.0,0.996,0.002,0.996,0.0,1.0,0.998,0.07314999999999999,0.08627619047619048,0.998,0.7471571428571436,0.018,0.002,0.11363809523809523,0.01,1.0,1.0,0.7237404761904764,0.998,0.1585760461760462,0.996,0.0,0.0,0.002,1.0,0.998,0.004,0.002,0.002,0.004,1.0,1.0,0.992,1.0,1.0,0.01,0.012,0.012,0.01,0.002,1.0,0.736628571428572,0.9993333333333334,0.23345396825396822,0.9967238095238096,0.014,0.004,0.006,0.004,0.0,0.0,1.0,0.002,0.002,0.002,1.0,0.004333333333333333,1.0,0.002,1.0,0.0,0.8608563492063489,0.202,1.0,0.8472958874458879,1.0,1.0,1.0,0.004,0.022,0.008,0.998,0.974
0.976,0.99,0.98,0.98,0.962,0.99,0.996,0.04783333333333334,0.996,0.98,0.982,0.98925,0.98,0.986,0.986,0.998,0.9716333333333333,0.994,0.99,0.04855555555555556,0.99,0.812,0.984,0.9664285714285714,0.01,0.99,0.902,0.926,0.9567333333333334,0.976,0.9688,0.8603333333333334,0.102,0.016,0.978,0.99,1.0,0.19656666666666667,0.9155,0.995,0.018,0.9441,0.948,0.978,0.991,0.958,0.976,0.996,0.9371285714285714,0.22243333333333332,0.008,0.0115,0.9720000000000001,0.9685,1.0,0.998,0.9785,0.21,0.23886666666666662,0.9845,0.936,0.974,0.024,0.99,0.044,1.0,0.142,0.994,0.4032285714285714,0.034,0.982,0.026583333333333337,0.988,0.041,0.998,0.21724999999999997,0.946,0.026,0.0395,0.9735,0.988,0.8630333333333334,0.004,0.07,0.9245,0.256,0.994,0.9731666666666666,0.016,0.962,0.23013333333333333,0.08583333333333334,0.2839142857142858,0.992,0.9590000000000001,0.9966666666666666,0.024,0.9682333333333335,0.3504468253968255,0.9913333333333334,0.9873809523809522,0.984,0.018,0.022,0.992,0.14,0.9973333333333333,0.028,0.9736666666666667,0.228,0.968,0.992,0.028,0.188,0.0,0.0135,0.9155,0.012,0.024,0.202,0.9106428571428571,0.305547619047619,0.0,1.0,0.0,0.998,0.16342857142857145,0.272,0.14314285714285716,0.1035,0.006,0.016,0.02,0.20155714285714285,0.284,0.026,0.998,0.28373333333333334,0.01,0.112,0.024,0.002,0.002,0.9249571428571429,0.168,0.118,0.13693333333333332,0.004,0.24066666666666667,0.022,0.41065714285714283,0.002,0.004,0.204,0.018,0.042,0.0,0.2820111111111111,0.032933333333333335,0.156,0.03,0.22146666666666665,0.0,0.0634888888888889,0.008,0.202,0.22,0.002,0.07208636363636363,0.024133333333333333,0.024,0.25980000000000003,0.0,0.298,0.982
0.988,0.992,0.988,0.994,0.998,0.9783999999999999,0.9959166666666668,0.12751428571428572,1.0,0.976,0.986,0.9901428571428571,0.984,0.9703333333333333,0.9827857142857143,0.996,0.978,0.9881818181818182,1.0,0.04514285714285714,0.976,0.976547619047619,0.9763333333333334,0.9363714285714286,0.034,0.994,0.982,0.988,0.9946666666666666,0.9886666666666666,0.9724444444444444,0.9683999999999999,0.06559999999999999,0.034,0.976,0.9839,0.988,0.18392857142857144,0.966,0.9831666666666667,0.10976666666666667,0.1374857142857143,0.24263333333333337,0.972,0.978,0.9862222222222222,0.9653333333333333,0.97,0.9560666666666666,0.23206363636363636,0.012,0.06375,0.31873333333333337,0.9789428571428572,0.9768095238095238,0.9657,0.9682000000000001,0.244,0.2656,0.979,0.8592000000000001,0.968,0.03977777777777778,0.9500809523809526,0.008,0.98,0.124,1.0,0.9932666666666666,0.084,0.984,0.042727272727272725,0.9625809523809523,0.1480839826839827,0.996,0.22133333333333335,0.989,0.035,0.03169230769230769,0.982,0.972,0.9946666666666666,0.04,0.172,0.198,0.2791142857142857,0.952,0.9850333333333334,0.058,0.9896666666666667,0.18533333333333335,0.09034523809523809,0.17726190476190476,0.962,0.982,0.984,0.14066984126984128,0.2542059163059164,0.30095555555555553,0.998,0.2332050377726848,0.968,0.03,0.04,0.9913333333333334,0.25,0.996,0.024,0.3778999999999999,0.21166666666666667,0.97525,0.986,0.08366666666666665,0.24182857142857142,0.03,0.09955842490842491,0.3181571428571429,0.09858095238095238,0.04,0.18833333333333335,0.3506,0.304,0.02,0.996,0.026,0.43564761904761895,0.158,0.184,0.246,0.07,0.01,0.008,0.022392307692307694,0.07432380952380953,0.266,0.09177777777777778,0.938,0.3428904761904762,0.03,0.05771428571428572,0.006,0.032433333333333335,0.05,0.9875,0.236,0.28029523809523804,0.14483809523809527,0.014,0.05693650793650794,0.024,0.4188238095238095,0.002,0.026,0.22,0.06573333333333334,0.072,0.04,0.29560000000000003,0.0218,0.062,0.084,0.10060396825396824,0.014,0.066,0.024,0.2096666666666667,0.03955555555555556,0.10171428571428573,0.052,0.06216190476190476,0.02,0.33191111111111116,0.03,0.13,0.9902000000000001
0.986,0.972,0.954,0.944,0.922,0.964,0.9906666666666667,0.0325,0.994,0.944,0.97,0.97425,0.974,0.95,0.966,0.998,0.9808333333333332,0.996,0.99,0.08355555555555556,0.9345714285714286,0.872,0.95,0.9765714285714285,0.002,0.99,0.948,0.9545,0.9398692307692308,0.99,0.9488,0.9018333333333334,0.106,0.018,0.976,0.976,0.992,0.1391666666666667,0.8394666666666666,0.986,0.006,0.7693333333333332,0.608,0.946,0.963,0.962,0.942,0.972,0.7815769230769231,0.15417142857142857,0.024,0.004,0.8516666666666667,0.9585,0.98875,0.984,0.9721333333333332,0.1559878787878788,0.238,0.968,0.974,0.9676666666666668,0.11,0.996,0.07,0.9952000000000001,0.096,0.988,0.5727285714285714,0.02,0.964,0.034472222222222224,0.9786,0.0961952380952381,0.984,0.0968,0.974,0.013484848484848485,0.08096666666666667,0.9523333333333333,0.9875,0.9381666666666667,0.032,0.09,0.5646333333333333,0.108,0.982095238095238,0.9673999999999999,0.016,0.9646666666666667,0.2621333333333334,0.10983333333333332,0.20937619047619044,0.9896666666666667,0.9811666666666667,0.9866666666666667,0.051,0.9133,0.3096761904761905,0.9915333333333334,0.9106047619047617,0.972,0.04186666666666666,0.06,0.9843333333333334,0.098,0.9906666666666666,0.008,0.8496178804855277,0.202,0.974,0.972,0.14819047619047618,0.116,0.0,0.10338333333333334,0.6505217948717948,0.028,0.046,0.1288,0.896,0.13200952380952383,0.021185714285714287,0.984,0.004,0.950957142857143,0.1590952380952381,0.22,0.20904841269841268,0.10807142857142857,0.1,0.104,0.005,0.1636238095238095,0.202,0.05,0.994,0.20099999999999998,0.164,0.10780952380952381,0.142,0.04171428571428572,0.01,0.8117333333333334,0.134,0.192,0.16683333333333333,0.02310833333333333,0.14505,0.128,0.5997317460317461,0.013875,0.002,0.164,0.106,0.012,0.004,0.15995238095238093,0.057233333333333344,0.088,0.084,0.10345641025641027,0.01,0.19174040404040402,0.022,0.12041428571428571,0.11,0.008,0.12926255411255413,0.06343095238095238,0.092,0.09,0.002,0.20253333333333334,0.994
0.93,0.99,0.934,0.914,0.924,0.956,0.986,0.10948333333333334,0.96,0.94,0.892,0.984,0.894,0.894,0.96,1.0,0.9350666666666666,0.98,0.998,0.2312,0.854,0.854,0.942,0.882,0.062,0.958,0.874,0.914,0.9092216117216116,0.8625333333333333,0.7974,0.9299999999999999,0.14,0.274,0.9,0.9855,0.936,0.155,0.798,0.91,0.03,0.909,0.788,0.904,0.8868666666666667,0.936,0.946,0.946,0.79,0.5146714285714284,0.068,0.118,0.91,0.9246666666666667,0.946,0.976,0.9433333333333332,0.17933333333333332,0.4977,0.9053333333333333,0.894,0.8495,0.118,0.986,0.1951,0.9286,0.06,0.9395,0.6456285714285713,0.076,0.928,0.13,0.9772000000000001,0.19656190476190474,0.939,0.099,0.976,0.06,0.08716666666666664,0.8571,0.88,0.9258666666666667,0.036,0.05,0.7574,0.034,0.972,0.9087777777777778,0.056,0.878,0.6500261904761905,0.11293333333333332,0.6214928571428573,0.9896666666666667,0.9531666666666667,0.9359999999999998,0.07,0.9765,0.7156817460317463,0.9605666666666668,0.8707166666666667,0.976,0.09783333333333334,0.1396,0.906,0.116,0.9186666666666666,0.026,0.9133869281045751,0.217,0.91,0.93,0.163,0.10466666666666667,0.0,0.19613333333333333,0.7919051282051282,0.024,0.036,0.062,0.9631666666666666,0.04736666666666667,0.05,0.95,0.002,0.9782761904761904,0.034,0.238,0.2934506493506493,0.162,0.112,0.142,0.042,0.17293333333333333,0.142,0.06,0.956,0.20169999999999996,0.174,0.046,0.17,0.19584285714285712,0.014,0.635492857142857,0.114,0.098,0.1115,0.041875,0.057166666666666664,0.128,0.750736507936508,0.02,0.006,0.164,0.152,0.03,0.008,0.16275952380952383,0.17983333333333332,0.046,0.106,0.03702564102564102,0.02,0.174,0.03966666666666667,0.1331,0.036,0.012,0.05272857142857144,0.04036666666666667,0.154,0.094,0.004,0.1822,0.978
1.0,0.9601329392829392,0.978,0.9847948179271708,0.992,0.9509357142857143,0.9766452380952381,0.5547333333333333,0.958287081339713,0.938,0.998,0.9737111111111111,0.994,0.9470253968253969,0.9424761904761905,0.992,0.992,0.9785484848484848,0.984,0.336279797979798,0.9396269841269841,0.9356666666666668,0.9350291208791209,0.9338206349206348,0.018,0.961889898989899,0.958,0.9692999999999999,0.9703844155844156,0.9796666666666666,0.9525525252525251,0.9617484848484849,0.308,0.018,0.9828712121212121,0.9477738095238095,0.982,0.7694560606060606,0.9541666666666666,0.9107666666666666,0.15933333333333333,0.7759444444444444,0.8346666666666667,0.9448428571428572,0.966,0.9849801587301587,0.925847619047619,0.9187000000000001,0.968,0.7808666666666666,0.03,0.032,0.8886666666666666,0.9667714285714286,0.9470166666666667,0.9625,0.9322230158730158,0.7594333333333334,0.8643627705627706,0.9738095238095239,0.6310595238095239,0.9785,0.03,0.9695666666666667,0.008,0.924,0.888,0.9993333333333334,0.9537999999999999,0.194,0.9433730158730158,0.10207900432900434,0.9432634920634921,0.4356124847374847,0.974,0.5736,0.9760015873015874,0.13486666666666666,0.024,0.9816666666666666,0.972,0.938,0.052,0.868,0.8678333333333332,0.7068,0.956,0.9644047619047618,0.1595,0.4119273781773782,0.7210380952380951,0.3882166666666667,0.9355333333333334,0.962,0.904,0.87,0.03488333333333334,0.8162896103896105,0.9418333333333334,0.924,0.18164965614096046,0.964,0.022,0.0648,0.9953333333333334,0.82,0.986,0.004,0.849,0.824,0.9759533744033743,0.988,0.096,0.8788170995670995,0.034,0.11920856920856925,0.8541666666666667,0.2825191697191697,0.216,0.856,0.852,0.756,0.03377777777777778,0.988,0.012,0.83,0.596,0.802,0.9394605990500726,0.348,0.032,0.03,0.009892307692307692,0.5423357142857144,0.726,0.068,0.5653333333333332,0.7458757575757573,0.102,0.44734472416964954,0.026,0.030166666666666668,0.03715555555555555,0.8974333333333334,0.842,0.706,0.42880476190476197,0.018,0.2371221556221556,0.052,0.9465333333333333,0.0,0.032,0.86,0.11977777777777777,0.202,0.06,0.688,0.024,0.378,0.11,0.4246365079365081,0.014,0.058,0.028333333333333332,0.724,0.2773055555555555,0.074,0.044,0.08013095238095239,0.076,0.602,0.05,0.512,0.9574089466089465
0.9985714285714286,0.9152277572668877,0.96,0.951130363047685,0.966,0.9205375901875901,0.9493531746031746,0.3536333333333333,0.9221967754467755,0.926,0.988,0.9542601731601731,1.0,0.9022504939504941,0.9654621212121213,0.996,0.994,0.9812642857142857,0.904,0.3998201298701298,0.9486941558441558,0.9,0.9368309246309245,0.9471406204906204,0.002,0.955954329004329,0.856,0.9293168831168831,0.951192352092352,0.9474285714285714,0.8979914862914861,0.9412182539682541,0.45,0.044,0.9752595238095237,0.9496595238095239,0.976,0.5428810245310245,0.9563333333333333,0.9735333333333333,0.038,0.9320549783549781,0.9663333333333333,0.9619190476190477,0.9813333333333334,0.9427587301587302,0.9516504329004329,0.9742222222222222,0.938,0.741914285714286,0.04,0.0346,0.944,0.942,0.968,0.967,0.9855294950147889,0.5487791486291486,0.7124349206349205,0.9777082251082252,0.8903238095238097,0.9476008658008658,0.044,0.9903333333333333,0.056152380952380954,0.9501666666666666,0.692,0.974,0.7672857142857141,0.058,0.9066658730158728,0.08720396825396828,0.983040476190476,0.14448706848706847,0.9834285714285714,0.18173333333333333,0.9338761904761904,0.04666666666666666,0.026,0.944,0.974,0.8948333333333335,0.026,0.674,0.9333333333333333,0.614,0.967,0.9449896825396824,0.052,0.6275217227217227,0.7431904761904763,0.38133333333333336,0.8882333333333335,0.954,0.94,0.958,0.01846666666666667,0.9734483516483518,0.8921023809523811,0.906,0.555775279090049,0.9885,0.021666666666666664,0.05852857142857143,0.9475,0.51,0.99,0.002,0.962,0.4650000000000001,0.9736045454545454,0.986,0.02808333333333333,0.665602813852814,0.02,0.14908621933621935,0.952,0.12167380952380955,0.078,0.5738,0.94,0.48960000000000004,0.022,0.972,0.004,0.988,0.61,0.5121666666666668,0.7759732460865589,0.602,0.04,0.042,0.001,0.698265873015873,0.546,0.042,0.94,0.5777371572871571,0.038,0.7175968759420933,0.036,0.03688095238095239,0.0135,0.8097428571428575,0.296,0.5215,0.48614761904761905,0.012,0.7327118159618159,0.044,0.9015420634920638,0.006,0.05,0.6927000000000001,0.07362393162393163,0.076,0.01,0.26886493506493503,0.06423333333333334,0.528,0.058,0.6868960317460318,0.002,0.0325,0.05038701298701299,0.2674444444444445,0.2326642857142857,0.024,0.045,0.04633333333333334,0.072,0.476,0.038,0.64,0.9593922077922077
1.0,0.9683478260869565,0.862,0.972,0.952,0.892,0.9402857142857143,0.85,0.9368,0.876,0.986,0.944,0.978,0.924,0.94,0.996,0.95,0.97,0.938,0.658,0.934,0.946,0.8986666666666667,0.938,0.006,0.924,0.946,0.916,0.956,0.95,0.896,0.944,0.766,0.044,0.964,0.9408,0.982,0.9193333333333333,0.81,0.498,0.808,0.8578999999999999,0.936,0.892,0.95,0.90425,0.9154,0.932,0.9716666666666668,0.866,0.002,0.042,0.986,0.928,0.978,0.924,0.95,0.906,0.927,0.954,0.7075833333333333,0.912,0.148,0.95,0.002,0.556,0.974,0.982,0.9646666666666667,0.74,0.88475,0.5565833333333332,0.846,0.83,0.982,0.552,0.954,0.752,0.05,0.962,0.938,0.936,0.028,0.946,0.92,0.956,0.9466666666666668,0.888,0.8,0.12435555555555555,0.3330666666666667,0.782,0.97,0.956,0.89,0.5025714285714286,0.07342857142857143,0.9324,0.99,0.55,0.10444761904761904,0.944,0.028,0.054,0.938,0.898,0.97,0.074,0.9648333333333332,0.942,0.95,0.976,0.052,0.944,0.014,0.05,0.902,0.804,0.85,0.966,0.9448,0.926,0.014,0.99,0.024,0.5306666666666667,0.946,0.94,0.978,0.242,0.054,0.056,0.032,0.918,0.504,0.07,0.836,0.976,0.038,0.35591304347826086,0.04,0.018,0.092,0.4621,0.982,0.36,0.7646666666666666,0.05352941176470588,0.14285714285714285,0.044,0.964,0.0,0.04,0.982,0.148,0.88,0.012,0.46,0.008,0.874,0.086,0.888,0.002,0.142,0.028,0.496,0.878,0.078,0.09,0.0828,0.078,0.986,0.012,0.93,0.9091999999999999
1.0,0.983,0.906,0.978,0.950125,0.688,0.926,0.916,0.9,0.9568571428571429,0.97,0.647,0.958,0.832,0.66,0.998,0.872,0.89,0.618,0.576,0.648,0.9417142857142856,0.731,0.796,0.028,0.602,0.296,0.822,0.924,0.8066666666666666,0.9,0.944,0.398,0.352,0.934,0.164,0.86,0.946,0.8266666666666668,0.026,0.954,0.157,0.362,0.764,0.078,0.704,0.164,0.46261904761904765,0.418,0.892,0.018,0.31053333333333333,0.24733333333333332,0.876,0.346,0.01,0.2735,0.2345,0.7643,0.9317142857142857,0.862,0.692,0.944,0.69,0.002,0.0,0.974,0.22,0.424,0.906,0.692,0.024,0.17,0.844,0.034,0.7412000000000001,0.9241333333333334,0.9753333333333333,0.562,0.934,0.776,0.826,0.002,0.964,0.768,0.974,0.822,0.9133333333333333,0.438,0.944,0.922,0.31,0.96,0.31,0.768,0.758,0.366,0.9190714285714285,0.368,0.0,0.29303052503052507,0.626,0.986,0.874,0.7575,0.894,0.096,0.82,0.968,0.7827999999999999,0.278,0.844,0.922,0.954,0.018,0.33,0.898,0.527,0.988,0.93,0.8655,0.92,0.986,0.008,0.016,0.078,0.994,0.27,0.302,0.034,0.072,0.02,0.4672470588235294,0.986,0.9,0.182,0.924,0.822,0.0,0.324,0.008,0.046,0.972,0.4613333333333333,0.972,0.9082857142857143,0.902,0.446,0.95,0.016,0.936,0.024,0.094,0.758,0.04440297317062023,0.318,0.054,0.042,0.02341758241758242,0.98,0.148,0.986,0.012,0.19,0.954,0.07577777777777778,0.61575,0.992,0.854,0.332,0.044,0.992,0.012,0.542,0.82205
1.0,0.983,0.834,0.964,0.882125,0.668,0.918,0.894,0.862,0.9648571428571429,0.97,0.619,0.954,0.852,0.6,0.998,0.826,0.722,0.594,0.63025,0.658,0.9437142857142856,0.669,0.7,0.034,0.648,0.206,0.882,0.936,0.8106666666666666,0.744,0.87,0.284,0.244,0.876,0.148,0.87,0.846,0.7946666666666667,0.026,0.896,0.121,0.282,0.62,0.076,0.672,0.098,0.525952380952381,0.354,0.82,0.02,0.3565333333333333,0.1733333333333333,0.864,0.212,0.014,0.2475,0.1665,0.7343,0.912,0.82,0.67,0.842,0.664,0.002,0.0,0.872,0.128,0.344,0.882,0.662,0.024,0.192,0.876,0.062,0.952,0.8821333333333333,0.8853333333333333,0.448,0.908,0.738,0.726,0.012,0.888,0.72,0.876,0.772,0.8653333333333334,0.312,0.872,0.856,0.214,0.7013333333333334,0.19,0.728,0.79,0.238,0.8650714285714286,0.272,0.0,0.27703052503052505,0.69,0.962,0.834,0.712,0.81,0.104,0.884,0.922,0.7564,0.182,0.79,0.91,0.924,0.016,0.198,0.82,0.431,0.942,0.858,0.8195,0.784,0.962,0.018,0.028,0.078,0.918,0.17,0.166,0.04,0.076,0.022,0.3252470588235294,0.946,0.878,0.222,0.858,0.82,0.002,0.184,0.006,0.046,0.918,0.29533333333333334,0.908,0.866,0.878,0.31,0.896,0.026,0.924,0.022,0.144,0.82,0.10558288770053477,0.254,0.052,0.082,0.02541758241758242,0.914,0.19,0.938,0.022,0.198,0.908,0.10177777777777777,0.45375,0.942,0.916,0.26,0.074,0.908,0.018,0.412,0.78605
0.966,0.8186666666666667,0.49875,0.95,0.752,0.0915,0.26666666666666666,0.8335,0.3628412698412698,0.35,0.766,0.124,0.476,0.936,0.1404,0.648,0.33,0.916,0.098,0.1245,0.8608571428571429,0.6895,0.116,0.27945,0.024,0.165,0.172,0.252,0.642,0.59,0.6564,0.516,0.19575,0.169,0.642,0.086,0.39,0.092,0.518,0.034,0.122,0.1555,0.168,0.214,0.044,0.162,0.158,0.132,0.2063095238095238,0.178,0.006,0.258,0.7790571428571429,0.16,0.03266666666666667,0.082,0.09,0.082,0.212,0.562,0.1142857142857143,0.156,0.412,0.126,0.02,0.018,0.84,0.148,0.674,0.154,0.322,0.1732,0.23,0.07176666666666667,0.112,0.4077142857142857,0.282,0.226,0.16766666666666669,0.3116666666666667,0.07946666666666667,0.19883333333333333,0.01,0.75,0.074,0.236,0.07840000000000001,0.104,0.158,0.15933333333333333,0.108,0.08333333333333333,0.71,0.036,0.104,0.102,0.316,0.11246666666666667,0.606,0.02,0.17612857142857147,0.066,0.222,0.12,0.09,0.084,0.02,0.1,0.15435,0.6717142857142858,0.108,0.114,0.088,0.08766666666666667,0.014,0.2085333333333333,0.174,0.06342857142857143,0.148,0.11,0.09866666666666665,0.266,0.146,0.028,0.126,0.0192,0.092,0.084,0.032,0.01,0.03,0.002,0.13,0.152,0.128,0.096,0.216,0.064,0.014,0.054,0.022,0.0415,0.13766666666666666,0.11066190476190475,0.136,0.098,0.151,0.08566666666666665,0.024,0.024,0.08453095238095239,0.002,0.044,0.09559999999999999,0.018,0.026,0.066,0.032,0.02,0.156,0.068,0.17933333333333334,0.0,0.11,0.0895,0.104,0.146,0.1496666666666667,0.164,0.132,0.026,0.052,0.054,0.172,0.2627333333333334
0.998,0.9062190476190476,0.118,0.762,0.966,0.116,0.8426666666666668,0.6784000000000001,0.42806839826839826,0.17,0.846,0.07655555555555556,0.84,0.636,0.074,0.876,0.3736666666666667,0.662,0.106,0.21705,0.7576666666666666,0.27671111111111113,0.09179999999999999,0.1753071428571429,0.004,0.052,0.128,0.6644444444444445,0.5948333333333333,0.3446634199134199,0.3087,0.12,0.174,0.126,0.2425,0.053,0.372,0.1802857142857143,0.154,0.016,0.1416,0.09250793650793653,0.083,0.678,0.014,0.2505,0.4216666666666667,0.03332142857142857,0.129,0.16891428571428574,0.028,0.2306128205128205,0.622,0.6156333333333334,0.1446111111111111,0.024,0.14120158730158733,0.114,0.194,0.2853181818181818,0.0845,0.14825,0.368,0.07766666666666668,0.006,0.01,0.8,0.113,0.15183333333333332,0.16266666666666668,0.124,0.138,0.20653333333333332,0.07629999999999999,0.035,0.243,0.1854,0.247,0.3515,0.09991666666666667,0.13,0.4960833333333333,0.006,0.768,0.1076,0.214,0.072,0.053,0.21559999999999999,0.0955,0.07666666666666667,0.1085,0.692,0.068,0.144,0.082,0.18366666666666664,0.0814,0.28060606060606064,0.026,0.08320454545454545,0.072,0.13933333333333334,0.1446047619047619,0.08555714285714286,0.128,0.012,0.1985,0.115,0.27453333333333335,0.078,0.07,0.164,0.076,0.036,0.1702,0.08288888888888889,0.05381818181818182,0.134,0.18159999999999998,0.08,0.186,0.11177777777777777,0.002,0.002,0.01,0.11111111111111112,0.122,0.086,0.052,0.04,0.048,0.1407292207792208,0.132,0.166,0.12,0.1,0.06441666666666668,0.036,0.048,0.058,0.03,0.1486666666666667,0.072,0.126,0.14645238095238095,0.16517380952380953,0.082,0.13566666666666669,0.12,0.01,0.0,0.138,0.10575,0.076,0.1618181818181818,0.024,0.01125,0.06274920634920635,0.13093333333333335,0.2,0.158,0.0,0.13616666666666669,0.096,0.068,0.138,0.168,0.096,0.16233333333333333,0.132,0.075,0.006,0.142,0.13198888888888888
1.0,0.9882857142857142,0.458,0.968,0.766,0.438,0.966,0.74,0.464,0.746,0.99,0.372,0.984,0.702,0.356,0.994,0.58,0.564,0.358,0.26880000000000004,0.482,0.7109142857142857,0.364,0.48,0.004,0.034,0.538,0.752,0.524,0.656,0.611,0.548,0.57,0.556,0.502,0.428,0.706,0.56,0.432,0.004,0.648,0.568,0.49,0.612,0.012,0.674,0.396,0.06216666666666667,0.656,0.566,0.006,0.7778461538461539,0.646,0.756,0.462,0.004,0.4848,0.588,0.496,0.706,0.456,0.46,0.504,0.424,0.0,0.0,0.594,0.57,0.512,0.684,0.448,0.012,0.62,0.08,0.068,0.65,0.572,0.522,0.526,0.562,0.506,0.456,0.024,0.448,0.492,0.588,0.544,0.516,0.64,0.614,0.578,0.55,0.3693333333333333,0.494,0.5,0.026,0.644,0.5353,0.802,0.0,0.018,0.032,0.766,0.619,0.5044285714285714,0.582,0.012,0.238,0.594,0.738,0.482,0.566,0.674,0.594,0.002,0.538,0.5755555555555556,0.654,0.684,0.612,0.586,0.618,0.6495961538461538,0.006,0.036,0.002,0.65,0.512,0.654,0.006,0.014,0.016,0.68,0.684,0.62,0.098,0.588,0.03975,0.002,0.638,0.0,0.028,0.702,0.544,0.606,0.662,0.6285,0.63,0.596,0.026,0.032,0.0,0.086,0.118,0.13,0.738,0.016,0.064,0.013571428571428571,0.662,0.122,0.702,0.016,0.08,0.704,0.06,0.59,0.75,0.142,0.602,0.088,0.686,0.01,0.62,0.364
1.0,0.9627142857142856,0.166,0.78,0.688,0.0,0.652,0.798,0.42253030303030303,0.032,0.99,0.044,0.97,0.8282352941176471,0.06,0.984,0.446,0.562,0.012,0.05,0.964,0.30725,0.092,0.228,0.004,0.002,0.018,0.2886,0.648,0.246,0.192,0.11,0.13,0.0,0.1,0.002,0.28,0.092,0.064,0.0,0.01,0.068,0.016,0.458,0.006,0.108,0.32825,0.0,0.066,0.088,0.042,0.256,0.828,0.614,0.014,0.0,0.026,0.046,0.006,0.234,0.032,0.022,0.582,0.092,0.0,0.006,0.96,0.046,0.05,0.03,0.01,0.038,0.086,0.006,0.032,0.052,0.0636,0.146,0.344,0.024,0.006,0.328,0.0,0.852,0.028,0.142,0.012,0.016,0.038,0.016800000000000002,0.018,0.04333333333333333,0.858,0.008,0.013,0.014,0.068,0.028,0.196,0.008,0.042,0.01,0.032,0.024,0.012,0.012,0.01,0.036,0.052,0.11,0.03157142857142857,0.006,0.022,0.046,0.036,0.024,0.028,0.038,0.034,0.028,0.048,0.066,0.022,0.0,0.0,0.006,0.154,0.02,0.044,0.018,0.008,0.0,0.024,0.078,0.022,0.038,0.032,0.02,0.014,0.05,0.048,0.0,0.048,0.022,0.072,0.02,0.046,0.038,0.028,0.05,0.008,0.0,0.068,0.048,0.004,0.022,0.0,0.0,0.0,0.044,0.036,0.054,0.0,0.064,0.01,0.022,0.046,0.032,0.05,0.032,0.006,0.05,0.0,0.048,0.02
1.0,0.95,0.276,0.952,0.872,0.194,0.18,0.892,0.22288888888888891,0.244,0.898,0.186,0.628,0.962,0.268,0.912,0.308,0.836,0.194,0.124,0.828,0.88,0.19,0.708,0.036,0.108,0.328,0.318,0.752,0.896,0.75,0.79,0.306,0.114,0.754,0.19,0.632,0.246,0.144,0.010666666666666668,0.226,0.028,0.317,0.164,0.228,0.296,0.224,0.17,0.37716666666666665,0.28,0.038,0.184,0.9653333333333334,0.442,0.2796666666666667,0.068,0.372,0.062,0.304,0.53,0.176,0.126,0.906,0.266,0.0,0.016,0.988,0.146,0.538,0.26,0.202,0.002,0.23872727272727273,0.07276190476190476,0.286,0.72,0.256,0.324,0.37,0.268,0.238,0.34,0.15,0.93,0.24,0.388,0.332,0.226,0.338,0.12279999999999999,0.057,0.16,0.786,0.036,0.3372,0.308,0.088,0.25483333333333336,0.546,0.018,0.10722857142857141,0.294,0.334,0.22,0.212,0.164,0.212,0.126,0.36593174603174605,0.656,0.346,0.434,0.252,0.2836666666666666,0.1,0.1915,0.292,0.33166666666666667,0.39,0.382,0.321,0.262,0.22,0.034,0.256,0.30826666666666663,0.498,0.3,0.1276,0.034,0.006,0.0,0.1,0.36153846153846153,0.282,0.354,0.196,0.084,0.012,0.112,0.01,0.006,0.3077142857142857,0.11166666666666668,0.286,0.278,0.288,0.226,0.136,0.046,0.22816190476190473,0.002,0.144,0.444,0.098,0.236,0.036,0.192,0.014,0.386,0.092,0.36877777777777776,0.004,0.282,0.108,0.44,0.264,0.304,0.344,0.172,0.164,0.326,0.032,0.214,0.22
1.0,0.9764571428571428,0.796,0.494,0.386,0.132,0.466,0.694,0.5190666666666666,0.36,1.0,0.294,0.998,0.58,0.292,0.998,0.574,0.47,0.098,0.229,0.7765,0.546,0.552,0.696,0.0,0.008,0.15,0.074,0.582,0.478,0.764,0.386,0.478,0.146,0.408,0.17,0.396,0.498,0.252,0.012,0.228,0.2864,0.144,0.454,0.002,0.11,0.1350909090909091,0.014,0.208,0.492,0.002,0.56,0.636,0.568,0.228,0.002,0.202,0.352,0.16,0.338,0.296,0.128,0.71,0.286,0.002,0.0,0.704,0.238,0.162,0.16,0.098,0.006,0.218,0.013428571428571429,0.024,0.017333333333333333,0.187,0.372,0.394,0.168,0.144,0.148,0.004,0.642,0.126,0.496,0.184,0.112,0.166,0.2828,0.176,0.176,0.768,0.222,0.15873015873015872,0.022,0.2236,0.202,0.418,0.0,0.046,0.024,0.194,0.168,0.184,0.204,0.008,0.032,0.228,0.224,0.19861111111111113,0.218,0.18,0.216,0.002,0.232,0.18755555555555553,0.226,0.294,0.222,0.19,0.34,0.178,0.002,0.0,0.003333333333333333,0.578,0.162,0.236,0.056,0.014,0.002,0.176,0.24331623931623933,0.146,0.014,0.2529090909090909,0.03,0.0,0.312,0.03,0.004,0.24771428571428572,0.218,0.246,0.17,0.186,0.288,0.258,0.034,0.018,0.002,0.02,0.036,0.0,0.214,0.0,0.004,0.0,0.206,0.012,0.21573333333333333,0.0,0.018,0.184,0.008,0.276,0.192,0.032,0.266,0.002,0.234,0.0,0.256,0.08911111111111111
1.0,0.20962380952380955,0.8211844322344322,0.749069381723414,0.6551658608058609,0.6852311688311689,0.8719406926406927,0.6733380952380952,0.8686446997446997,0.622,0.906,0.9188997502497501,0.322,0.5963071428571429,0.12200702075702076,0.996,0.8767999999999999,0.7578884679046443,0.898,0.7560551226551226,0.06857142857142857,0.7411,0.6296080974580974,0.17508253968253967,0.098,0.15936295546558704,0.236,0.23679206349206347,0.3619166666666666,0.3738,0.6048608391608393,0.6939833333333333,0.763,0.12,0.4375793650793651,0.06517572427572428,0.46,0.8661333333333333,0.636,0.8149523809523811,0.796,0.08940786435786437,0.112,0.1520008658008658,0.788,0.2563527306027306,0.7393285714285714,0.6057821492233255,0.7609666666666666,0.2888193473193473,0.19,0.10777777777777778,0.7973,0.19955,0.805410678210678,0.654,0.7339151626151627,0.2231969641469642,0.9415,0.26742222222222223,0.1517166666666667,0.13106899766899768,0.406,0.8749523809523809,0.082,0.278,0.826,0.804,0.784,0.154,0.8739442224442225,0.17718388278388278,0.18976825396825397,0.42192499999999994,0.898,0.34779523809523805,0.2717019314019314,0.12176190476190478,0.432,0.7898682539682539,0.729,0.2834412698412698,0.132,0.838,0.688,0.1,0.7423811688311689,0.7967119047619048,0.048,0.22485260850260852,0.772,0.735,0.1072,0.758,0.3842757575757576,0.7774368298368299,0.4560666666666667,0.37096452991452994,0.7935333333333334,0.204,0.11020221445221444,0.726,0.116,0.206,0.6739603174603175,0.83,0.748,0.07,0.7995,0.3895,0.25494851814851816,0.796,0.3666666666666667,0.8067590909090909,0.08,0.39103589743589745,0.1727618104118104,0.865366883116883,0.11,0.1721666666666667,0.7042777777777778,0.08988888888888888,0.27831428571428574,0.184,0.712,0.1036142857142857,0.064,0.324,0.20496388888888886,0.298,0.98,0.406,0.78,0.824,0.386,0.332,0.7706222222222221,0.3368888888888889,0.35,0.027313517984485728,0.34,0.18216277056277055,0.23,0.7839285714285714,0.426,0.268,0.364,0.9297894736842105,0.2713418803418804,0.334,0.198,0.1665765873015873,0.078,0.402,0.3592308802308802,0.022,0.212,0.186,0.1496904761904762,0.148,0.4,0.20781852591852587,0.26479928645142264,0.44721111111111117,0.20793650793650795,0.3470476190476191,0.19958333333333333,0.178,0.262,0.846,0.354,0.08213730158730159,0.054,0.11494444444444445,0.8888331550802139
0.0,1.0,1.0,0.992,1.0,1.0,1.0,0.49666666666666665,1.0,0.998,0.0,0.996,0.0,1.0,1.0,1.0,0.0,0.92,0.92,0.864,0.39733333333333337,0.004,1.0,0.404,0.966,1.0,0.54,0.798,0.064,0.05914285714285714,0.986,0.4105,0.184,0.994,0.0,1.0,0.01,0.036,0.586,0.988,0.224,1.0,0.526,0.938,0.994,0.026,0.058,1.0,0.598,0.022,0.0,0.084,0.0,0.042,0.974,0.998,0.8208,0.032,0.013,0.42428571428571427,0.526,0.508,0.0,0.962,0.998,0.97,0.0,0.096,0.47,0.194,0.976,0.966,0.8733333333333334,0.014,0.0,0.0095,0.002,0.219,0.020300000000000002,0.5493333333333333,0.514,0.04066666666666666,0.0,0.0,0.652,0.02,0.985,0.804,0.228,0.036,0.94,0.566,0.0,0.99,0.024,0.558,0.44160000000000005,0.032,0.6195,0.186,0.052,0.988,0.012,0.054,0.904,0.196,0.683,0.212,0.0015,0.028,0.41,0.878,0.012,0.368,0.0,0.03733333333333333,0.488,0.006,0.054,0.046,0.126,0.04733333333333334,0.016,0.3315,0.0,0.058,0.0,0.886,0.003666666666666667,0.01,0.002,0.002,0.636,0.004,0.894,0.0,0.03,0.18,0.0,0.0,0.002,0.796,0.0,0.908,0.002,0.028,0.04,0.0,0.004,0.002,0.01,0.0,0.0,0.642,0.0,0.152,0.0,0.039714285714285716,0.95,0.102,0.004,0.0,0.0,0.005636363636363636,0.008,0.0035595238095238097,0.002,0.0,0.0038,0.003333333333333333,0.002,0.0,0.0,0.038,0.974
0.0,1.0,1.0,0.976,1.0,1.0,1.0,0.042,1.0,1.0,0.0,0.9962000000000001,0.0,1.0,1.0,1.0,0.0,0.998,1.0,0.698,0.382,0.008,0.998,0.052,0.846,1.0,0.4683333333333333,0.564,0.002,0.0555,0.998,0.13533333333333333,0.02,1.0,0.0,1.0,0.004,0.004366666666666667,0.9766666666666667,0.8,0.862,1.0,0.424,0.414,0.812,0.03,0.3209666666666666,1.0,0.7753333333333332,0.084,0.0,0.374,0.0,0.004,0.8125333333333333,0.998,0.4903333333333333,0.024,0.014,0.0507,0.364,0.318,0.0,0.6381999999999999,1.0,0.5194,0.0,0.14966666666666667,0.043333333333333335,0.8,0.7,0.824,0.3446,0.011966666666666665,0.006,0.03737460317460318,0.0006666666666666666,0.794,0.03264285714285714,0.02,0.416,0.008,0.0,0.0,0.716,0.0,0.7705,0.6810238095238095,0.84,0.012895238095238095,0.5415227272727272,0.07970873015873016,0.0,0.764,0.016378571428571426,0.16847777777777775,0.036,0.357,0.042,0.5255,0.04350091575091576,0.796,0.002,0.018,0.44966666666666666,0.7754285714285715,0.546,0.524,0.006847619047619048,0.017016666666666666,0.03,0.052472727272727275,0.004,0.062,0.0,0.01752424242424243,0.02,0.0,0.002,0.4473333333333333,0.646,0.026,0.01,0.21243333333333334,0.0,0.1134,0.013228571428571428,0.512,0.0,0.025788888888888892,0.0,0.0,0.08,0.0,0.27,0.0,0.0,0.496,0.0,0.0,0.0,0.284,0.0,0.5353333333333332,0.0,0.026,0.0,0.006,0.006,0.002,0.016,0.0,0.0,0.1090491341991342,0.002,0.9437000000000001,0.0,0.22141666666666665,0.594,0.016,0.002,0.004,0.0,0.02538311688311688,0.002,0.05772193362193363,0.0,0.002,0.002,0.002,0.002,0.002,0.0,0.002,0.252
0.0,1.0,1.0,0.976,1.0,1.0,1.0,0.102,1.0,1.0,0.0,0.9962000000000001,0.0,1.0,0.994,1.0,0.0,0.974,1.0,0.728,0.462,0.01,0.998,0.348,0.802,1.0,0.714,0.25,0.008,0.38883333333333336,0.998,0.5861666666666666,0.19,0.992,0.0,1.0,0.002,0.009699999999999999,0.9946666666666666,0.996,0.59,1.0,0.742,0.44,0.994,0.298,0.6464666666666667,1.0,0.46,0.45,0.0,0.202,0.0,0.002,0.9913333333333333,1.0,0.7501666666666666,0.024,0.0,0.0028333333333333335,0.21,0.222,0.0,0.9499999999999998,0.998,0.8344,0.0,0.7503333333333333,0.007833333333333333,0.502,0.964,0.84,0.5906,0.009133333333333334,0.002,0.016619841269841267,0.0006666666666666666,0.45,0.027509523809523807,0.006,0.796,0.006,0.0,0.0,0.938,0.0,0.984,0.39216666666666666,0.548,0.006533333333333333,0.79175,0.23973888888888892,0.0,0.996,0.00375,0.6885111111111111,0.162,0.157,0.0,0.6895,0.018456349206349205,0.986,0.002,0.01,0.7396666666666666,0.484,0.836,0.188,0.0060476190476190465,0.007266666666666667,0.016,0.08566666666666667,0.004,0.01,0.0,0.015524242424242425,0.008,0.0,0.008,0.25133333333333335,0.584,0.022,0.006,0.7256,0.0,0.24686666666666665,0.010228571428571427,0.754,0.0,0.02667777777777778,0.0,0.0,0.016,0.0,0.752,0.0,0.0,0.212,0.0,0.0,0.0,0.598,0.0,0.526,0.0,0.01,0.0,0.0,0.006,0.0,0.008,0.0,0.0,0.1275642857142857,0.0,0.5658666666666666,0.0,0.75,0.838,0.03,0.0,0.0,0.0,0.010666666666666668,0.002,0.02061796536796537,0.0,0.0,0.0,0.004,0.0,0.004,0.0,0.002,0.48
0.174,0.998,1.0,0.996,0.998,0.758,0.996,0.6793666666666667,0.96,0.976,0.242,0.998,0.218,0.62,0.938,0.994,0.564,0.996,0.996,0.6,0.956,0.848,0.97,0.326,0.51,0.956,0.504,0.952,0.45,0.444,0.714,0.562,0.116,0.256,0.312,1.0,0.368,0.13,0.808,0.6322666666666666,0.22334285714285712,0.8021142857142854,0.7072095238095237,0.818,0.606,0.814,0.828,0.976,0.35183333333333344,0.607,0.0,0.492,0.2387857142857143,0.332,0.5901833333333334,0.5271666666666668,0.374,0.074,0.432,0.292,0.844,0.708,0.002,0.4173333333333334,0.484,0.466,0.004,0.796,0.356,0.21,0.836,0.76,0.49560000000000004,0.018,0.542,0.002,0.7108,0.164,0.036,0.868,0.558,0.966,0.0,0.002,0.1336,0.1861,0.458,0.4101380952380952,0.186,0.41,0.17,0.42281428571428575,0.0,0.574,0.844,0.562,0.680595238095238,0.3200761904761905,0.016,0.706,0.3501976190476191,0.432,0.02,0.198,0.6452,0.034,0.514,0.134,0.23937619047619052,0.232,0.486,0.474,0.074,0.212,0.0,0.48,0.766,0.0,0.118,0.118,0.36590952380952374,0.126,0.022,0.416,0.0,0.48914920634920644,0.0,0.32,0.004,0.156,0.0,0.0,0.10326666666666666,0.0,0.106,0.0,0.504,0.0986,0.0,0.01,0.002,0.264,0.05,0.35015952380952375,0.004,0.014,0.07583333333333332,0.186,0.002,0.0,0.31151428571428574,0.0,0.0,0.09,0.0,0.234,0.0,0.176,0.028,0.022,0.002,0.002,0.0,0.012,0.01,0.0,0.0,0.004,0.006,0.018,0.0,0.004,0.0,0.042,0.512
0.0,1.0,0.998,0.968,0.998,0.86,1.0,0.942,0.998,1.0,0.0,0.628,0.0,0.966,0.212,1.0,0.062,1.0,1.0,0.986,0.938,0.666,0.962,0.882,0.992,1.0,0.558,0.888,0.956,0.72,0.906,0.342,0.694,0.37493333333333334,0.028,1.0,0.6812,0.602,0.986,0.06,0.534,1.0,0.704,0.94,0.292,0.922,0.313,0.962,0.46066666666666667,0.634,0.0,0.25,0.0,0.668,0.094,0.646,0.052,0.672,0.536,0.022,0.948,0.956,0.0,0.5255666666666666,0.234,0.032,0.0,0.6595,0.3033333333333333,0.4205,0.93,0.974,0.195,0.06,0.062,0.0,0.6825,0.3911666666666666,0.584,0.624,0.666,0.318,0.0,0.0,0.658,0.518,0.112,0.596,0.2334047619047619,0.0,0.094,0.762,0.0,0.442,0.23,0.064,0.2352,0.158,0.01,0.258,0.0,0.064,0.8496,0.718,0.458,0.62,0.022,0.23,0.0,0.776,0.078,0.034,0.144,0.77,0.0,0.794,0.4756666666666667,0.0,0.2897666666666667,0.9308333333333333,0.042,0.528,0.088,0.008,0.0,0.054,0.0,0.4273333333333334,0.026,0.054,0.0,0.0,0.008,0.186,0.124,0.0,0.022,0.082,0.0,0.01,0.0,0.506,0.44,0.02,0.0,0.046,0.67,0.002,0.518,0.0,0.042,0.0,0.0,0.462,0.0,0.26,0.0,0.114,0.102,0.0495,0.0,0.0,0.0,0.0,0.058,0.0,0.0,0.0,0.0,0.61,0.002,0.014,0.0,0.034,0.662
0.016,1.0,1.0,0.996,1.0,0.946,1.0,0.984,0.998,0.998,0.008,0.884,0.018,0.994,0.154,1.0,0.156,1.0,1.0,0.98,0.814,0.508,1.0,0.956,0.992,1.0,0.3536,0.888,0.994,0.422,0.9743333333333333,0.278,0.5066666666666667,0.81,0.026,1.0,0.278,0.376,0.98,0.106,0.958,0.988,0.364,0.92,0.131,0.984,0.258,1.0,0.901,0.88,0.004,0.4135,0.024833333333333332,0.276,0.286,0.452,0.2375,0.745,0.7665,0.022,0.92,0.928,0.004,0.68,0.85,0.058833333333333335,0.0,0.332,0.206,0.816,0.996,0.98,0.178,0.012,0.114,0.002,0.2592,0.836,0.094,0.374,0.762,0.238,0.0,0.0,0.866,0.252,0.374,0.2736,0.79,0.05,0.2056,0.827,0.0,0.396,0.192,0.205,0.1251,0.127,0.018,0.28993333333333327,0.041583333333333326,0.196,0.414,0.868,0.97,0.804,0.178,0.802,0.020800000000000006,0.3045,0.331,0.736,0.2312,0.336,0.0,0.748,0.844,0.0,0.326,0.966,0.1933333333333333,0.4835,0.238,0.056,0.0,0.08466666666666665,0.0,0.1895,0.002,0.076,0.002,0.006,0.019047619047619046,0.002,0.204,0.00375,0.14714285714285713,0.167,0.004,0.0,0.002,0.22269999999999998,0.764,0.04147777777777778,0.004,0.13,0.942,0.004,0.314,0.006,0.26633333333333337,0.002,0.002,0.086,0.0,0.84,0.004,0.236,0.35,0.368,0.0,0.0015,0.0,0.004,0.222,0.0072,0.0,0.0,0.0,0.35,0.006,0.0,0.0,0.15,0.304
0.004,1.0,1.0,0.828,1.0,0.994,0.87,0.5748333333333334,0.704,0.994,0.008,0.906,0.006,0.18,0.798,1.0,0.29,0.846,0.958,0.832,0.722,0.204,0.8,0.198,0.916,0.794,0.378,0.644,0.444,0.166,0.434,0.45333333333333337,0.318,0.324,0.02,0.912,0.082,0.252,0.372,0.6253261904761904,0.40187619047619044,0.9151666666666667,0.6629,0.736,0.44,0.87,0.788,0.792,0.279,0.464,0.0,0.544,0.03769047619047619,0.198,0.5684000000000001,0.4899500000000001,0.078,0.264,0.432,0.072,0.744,0.354,0.008,0.4471333333333333,0.61,0.118,0.0,0.40287142857142855,0.068,0.21,0.754,0.86,0.6897166666666666,0.25,0.446,0.012,0.40470634920634924,0.086,0.134,0.256,0.506,0.89,0.004,0.0,0.14242222222222223,0.10159682539682538,0.078,0.14920476190476187,0.0735,0.056,0.614,0.5005650793650795,0.004,0.496,0.77,0.404,0.4213626984126984,0.6154523809523811,0.03,0.536,0.132994536019536,0.128,0.052,0.65,0.7339666666666668,0.046,0.14333333333333334,0.054,0.019666666666666666,0.806,0.046,0.052,0.186,0.472,0.0,0.7690833333333333,0.7984476190476191,0.004,0.0,0.066,0.5173333333333333,0.206,0.032,0.084,0.0,0.554,0.002,0.36,0.032,0.42,0.0,0.0,0.7860166666666668,0.0015,0.046,0.026,0.112,0.2074238095238095,0.004,0.004,0.004,0.53,0.028,0.06666666666666665,0.05,0.044,0.20055238095238098,0.564,0.018,0.002,0.13304761904761903,0.0,0.0,0.07,0.012,0.11498235294117647,0.0,0.024,0.028,0.018,0.004,0.038,0.0,0.04,0.024,0.004,0.0,0.0,0.0,0.09115382395382395,0.006,0.044,0.0,0.042,0.442
0.028,0.996,0.984,0.902,1.0,0.984,0.998,0.6453714285714285,0.996,0.854,0.054,0.9985,0.048,0.984,0.916,1.0,0.7529666666666666,0.992,0.998,0.7233333333333333,0.832,0.644,0.968,0.6586666666666667,0.866,0.998,0.334,0.792,0.7104571428571428,0.24,0.558,0.8253333333333334,0.25,0.662,0.134,0.998,0.194,0.5113333333333333,0.8554166666666667,0.938,0.09,0.996,0.784,0.864,0.4684238095238096,0.646,0.834,0.978,0.4173333333333334,0.39999999999999997,0.0,0.75,0.11883333333333335,0.31116666666666665,0.826,0.884,0.7481666666666668,0.43,0.09833333333333333,0.784,0.82,0.402,0.006,0.8266666666666667,0.618,0.5421952380952381,0.004,0.384,0.6672666666666668,0.228,0.926,0.744,0.8693333333333334,0.43,0.746,0.002,0.84,0.194,0.09553333333333333,0.21656666666666663,0.812,0.745,0.0,0.002,0.8398666666666667,0.148,0.9,0.275,0.14,0.174,0.7972809523809524,0.23826666666666668,0.07853333333333333,0.888,0.7931666666666666,0.858,0.092,0.7575,0.40406190476190473,0.914,0.21901428571428574,0.912,0.10916666666666666,0.5,0.63,0.238,0.4997666666666667,0.154,0.1216,0.674,0.228,0.186,0.094,0.554,0.0,0.3426666666666667,0.4740333333333333,0.002,0.176,0.134,0.8746666666666666,0.104,0.034,0.404,0.0,0.901,0.0,0.272,0.5174285714285713,0.622,0.0,0.0,0.112,0.17146666666666663,0.422,0.0,0.786,0.418,0.0,0.092,0.0,0.216,0.018,0.35233333333333333,0.0,0.008,0.09893333333333333,0.0,0.006,0.0,0.20628095238095231,0.0,0.01,0.218,0.0,0.174,0.002,0.11462857142857141,0.29514999999999997,0.078,0.0,0.0,0.002,0.028022222222222223,0.014,0.0,0.012,0.0,0.03242857142857143,0.0251,0.002,0.062,0.0,0.27,0.824
0.0,1.0,1.0,0.684,1.0,0.998,1.0,0.026,1.0,0.998,0.0,1.0,0.0,0.994,0.992,1.0,0.002,1.0,1.0,0.928,0.962,0.006,1.0,0.02,0.988,1.0,0.01,0.078,0.018,0.012,0.992,0.076,0.002,0.996,0.136,1.0,0.006,0.016,1.0,0.904,0.994,0.998,0.094,0.914,0.998,0.022,0.018,0.968,0.97,0.79,0.0,0.056,0.0,0.002,0.18,0.99,0.146,0.222,0.004,0.052,0.392,0.122,0.0,0.042,1.0,0.342,0.0,0.26,0.044,0.994,0.8,0.982,0.122,0.018,0.042,0.0,0.18,0.998,0.006,0.006,0.19,0.004,0.0,0.0,0.86,0.026,0.89,0.628,0.992,0.0,0.33,0.392,0.0,0.91,0.01,0.914,0.068,0.016,0.004,0.04,0.0,0.926,0.012,0.012,0.23,0.994,0.036,1.0,0.0,0.06,0.03,0.158,0.176,0.04,0.0,0.33,0.01,0.0,0.034,0.992,0.024,0.024,0.004,0.034,0.0,0.264,0.0,0.79,0.0,0.1,0.0,0.0,0.066,0.0,0.89,0.008,0.002,0.058,0.0,0.01,0.0,0.334,0.006,0.354,0.0,0.004,0.02,0.0,0.004,0.0,0.002,0.0,0.0,0.928,0.0,0.998,0.0,0.026,0.204,0.02,0.0,0.0,0.0,0.0,0.002,0.0,0.0,0.0,0.0,0.002,0.0,0.004,0.0,0.028,0.062
0.002,1.0,1.0,0.82,1.0,0.996,1.0,0.178,1.0,0.77,0.002,0.996,0.002,0.98,0.8,1.0,0.012,1.0,0.998,0.734,0.952,0.022,0.776,0.02,0.986,1.0,0.192,0.502,0.296,0.006,0.748,0.314,0.042,0.826,0.06,0.998,0.022,0.016,0.936,0.726,0.84,1.0,0.256,0.832,0.846,0.038,0.186,0.71,0.8333333333333334,0.558,0.0,0.158,0.002,0.034,0.272,0.582,0.07,0.13,0.016666666666666663,0.028,0.54,0.26,0.0,0.346,0.884,0.408,0.002,0.4,0.04,0.834,0.678,0.956,0.194,0.216,0.034,0.002,0.21,0.868,0.008,0.092,0.352,0.008,0.0,0.0,0.768,0.062,0.592,0.516,0.792,0.006,0.348,0.734,0.0,0.85,0.102,0.762,0.07,0.006,0.0,0.104,0.004,0.866,0.014,0.026,0.246,0.822,0.086,0.796,0.002,0.314,0.008,0.05,0.088,0.05,0.0,0.496,0.048,0.0,0.488,0.87,0.052,0.036,0.006,0.064,0.0,0.192,0.0,0.428,0.004,0.11,0.0,0.0,0.19,0.0,0.712,0.004,0.004,0.016,0.0,0.3,0.0,0.234,0.004,0.3175,0.0,0.012,0.02,0.0,0.002,0.0,0.004,0.0,0.0,0.586,0.0,0.508,0.004,0.068,0.338,0.014,0.0,0.0,0.002,0.0,0.0,0.0,0.0,0.0,0.0,0.004,0.0,0.262,0.0,0.008,0.076
0.0,1.0,0.998,0.948,1.0,1.0,1.0,0.134,1.0,0.982,0.0,0.9763333333333334,0.0,0.99,0.994,1.0,0.002,0.964,1.0,0.668,0.4,0.092,1.0,0.13,0.64,1.0,0.253,0.024,0.0955,0.077,0.97,0.724,0.012,0.972,0.0,1.0,0.112,0.0265,0.9791428571428571,0.106,0.792,1.0,0.9536666666666667,0.804,0.78,0.06,0.548,0.424,0.7724761904761904,0.064,0.0,0.268,0.0,0.096,0.0255,0.934,0.026285714285714284,0.132,0.016,0.10576666666666666,0.48,0.04,0.0,0.33493333333333336,0.946,0.7586666666666667,0.0,0.498,0.0324,0.7861619047619047,0.424,0.62,0.5616333333333333,0.07716666666666668,0.044,0.002,0.154,0.828,0.17466666666666666,0.086,0.022,0.008,0.0,0.0,0.936,0.0,0.944,0.8657142857142857,0.8575555555555555,0.0,0.5776666666666668,0.6977142857142857,0.0,0.958,0.0056,0.2623809523809524,0.166,0.022,0.0,0.016666666666666666,0.0,0.922,0.164,0.042,0.4756,0.2982095238095238,0.051111111111111114,0.828,0.002,0.011333333333333334,0.0,0.013166666666666669,0.178,0.012,0.0,0.6036666666666668,0.006,0.0,0.002,0.805,0.454,0.002,0.006,0.004666666666666666,0.0,0.0145,0.005666666666666667,0.366,0.054,0.0512,0.0,0.0,0.676,0.002,0.208,0.216,0.01,0.018,0.002,0.0,0.0,0.562,0.008,0.6546666666666666,0.0,0.0,0.138,0.008,0.278,0.0,0.35,0.0,0.0,0.10352777777777777,0.002,0.1655104895104895,0.0,0.0,0.468,0.002,0.0,0.0,0.0,0.005133333333333333,0.0,0.003333333333333333,0.0,0.0,0.0,0.006,0.002,0.016,0.0,0.004,0.416
0.076,1.0,0.98,0.97,0.998,0.98,1.0,0.762,0.998,0.872,0.066,0.99,0.09,0.648,0.9,1.0,0.71,0.996,0.998,0.754,0.87,0.446,0.964,0.404,0.872,0.996,0.714,0.862,0.434,0.574,0.894,0.566,0.376,0.55,0.378,0.998,0.328,0.308,0.852,0.904,0.19,0.9496952380952381,0.744,0.888,0.408,0.754,0.828,0.968,0.29586666666666667,0.568,0.0,0.79,0.07322380952380954,0.552,0.808,0.861,0.522,0.36,0.281,0.218,0.812,0.764,0.006,0.792,0.7,0.47,0.002,0.388,0.4423333333333333,0.246,0.948,0.784,0.8253333333333334,0.218,0.132,0.006,0.202,0.21,0.284,0.586,0.816,0.834,0.0,0.002,0.798,0.158,0.644,0.17,0.182,0.148,0.6498809523809524,0.434,0.005,0.92,0.378,0.536,0.744,0.46629999999999994,0.03571428571428571,0.93,0.14726031746031745,0.896,0.324,0.362,0.806,0.16,0.832,0.318,0.09709999999999998,0.476,0.318,0.14,0.368,0.384,0.0,0.502,0.716,0.018,0.186,0.136,0.7123999999999999,0.12,0.484,0.216,0.0,0.3514531746031746,0.0,0.516,0.03,0.522,0.0,0.006,0.116,0.0,0.252,0.014,0.288,0.362,0.004,0.32,0.004,0.386,0.004,0.2676666666666666,0.0,0.004,0.392,0.032,0.012,0.0,0.4088,0.0,0.0,0.074,0.006,0.184,0.0,0.112,0.22,0.06,0.004,0.0,0.0,0.0,0.004,0.0,0.0,0.0,0.0,0.004,0.002,0.41,0.0,0.096,0.772
0.0,1.0,1.0,0.688,1.0,0.992,1.0,0.52,1.0,0.998,0.0,0.992,0.0,0.986,0.972,1.0,0.024,1.0,1.0,0.482,0.84,0.232,1.0,0.25,0.886,1.0,0.602,0.504,0.372,0.246,0.978,0.302,0.026,0.878,0.06,1.0,0.212,0.066,0.988,0.554,0.552,1.0,0.45,0.82,0.676,0.332,0.1,0.96,0.482,0.194,0.0,0.668,0.0,0.232,0.184,0.86,0.126,0.502,0.002,0.298,0.668,0.508,0.0,0.578,0.712,0.362,0.0,0.464,0.204,0.468,0.83,0.828,0.274,0.03,0.224,0.0,0.298,0.424,0.158,0.252,0.374,0.028,0.0,0.0,0.544,0.024,0.756,0.516,0.356,0.0,0.708,0.458,0.0,0.718,0.042,0.524,0.196,0.048,0.006,0.078,0.002,0.716,0.226,0.1,0.43,0.658,0.056,0.424,0.0,0.068,0.014,0.096,0.314,0.1,0.0,0.434,0.038,0.0,0.002,0.5,0.296,0.01,0.056,0.008,0.0,0.1,0.0,0.664,0.004,0.444,0.0,0.0,0.142,0.0,0.516,0.13,0.014,0.076,0.0,0.014,0.0,0.578,0.01,0.558,0.0,0.008,0.234,0.016,0.18,0.002,0.3495,0.0,0.0,0.332,0.0,0.286,0.0,0.016,0.49,0.018,0.004,0.0,0.0,0.0,0.01,0.0,0.0,0.004,0.0,0.01,0.0,0.022,0.0,0.036,0.522
0.0,1.0,1.0,0.992,0.998,0.944,0.994,0.934,0.966,1.0,0.004,0.846,0.004,0.586,0.642,1.0,0.708,0.992,1.0,0.89,0.878,0.84,0.97,0.84,0.954,0.97,0.666,0.92,0.9,0.7733333333333333,0.772,0.508,0.85,0.368,0.126,1.0,0.4826666666666667,0.646,0.95,0.2513333333333333,0.648,0.9853333333333334,0.87,0.91,0.154,0.95,0.543,0.966,0.44866666666666666,0.574,0.0,0.874,0.010333333333333332,0.462,0.354,0.856,0.174,0.426,0.324,0.06,0.884,0.874,0.0,0.8073333333333332,0.25733333333333336,0.06533333333333333,0.0,0.218,0.434,0.638,0.908,0.916,0.627,0.14693333333333333,0.208,0.002,0.3385,0.274,0.294,0.718,0.862,0.83,0.0,0.0,0.8168888888888889,0.524,0.32,0.3996,0.306,0.028,0.3456,0.536,0.0,0.712,0.524,0.288,0.24,0.6041333333333332,0.008,0.869,0.0388,0.176,0.624,0.732,0.868,0.246,0.212,0.283,0.006,0.636,0.3392,0.09,0.174,0.838,0.0,0.602,0.814,0.0,0.066,0.6586666666666667,0.338,0.614,0.38,0.062,0.0,0.18175952380952382,0.0,0.544,0.008,0.31,0.0,0.002,0.078,0.078,0.122,0.0,0.326,0.6,0.0,0.064,0.0,0.816,0.216,0.028833333333333332,0.008,0.038,0.476,0.05,0.216,0.0,0.24330000000000002,0.0,0.0,0.006,0.0,0.348,0.0,0.04,0.166,0.068,0.002,0.0,0.0,0.01,0.154,0.0,0.0,0.0,0.0,0.4323333333333333,0.0,0.188,0.0,0.066,0.764
0.03,1.0,1.0,0.996,0.998,0.908,0.998,0.9,0.982,1.0,0.028,0.934,0.036,0.728,0.714,1.0,0.78,0.998,1.0,0.852,0.932,0.866,0.996,0.838,0.942,0.998,0.66,0.964,0.894,0.848,0.884,0.416,0.848,0.324,0.206,1.0,0.322,0.712,0.99,0.226,0.694,0.9753333333333333,0.756,0.946,0.148,0.966,0.428,0.986,0.5885444444444444,0.678,0.0,0.816,0.03576666666666667,0.416,0.352,0.918,0.218,0.436,0.226,0.08,0.87,0.926,0.0,0.776,0.19,0.112,0.0,0.396,0.284,0.596,0.948,0.912,0.704,0.074,0.218,0.002,0.366,0.466,0.082,0.8,0.884,0.912,0.0,0.002,0.8068888888888889,0.632,0.372,0.582,0.518,0.102,0.2276,0.374,0.004,0.738,0.608,0.28,0.312,0.5737999999999999,0.008,0.896,0.10540952380952379,0.226,0.426,0.718,0.868,0.222,0.248,0.502,0.04023333333333333,0.69,0.68,0.176,0.106,0.738,0.0,0.474,0.786,0.0,0.118,0.684,0.37618095238095234,0.656,0.252,0.13,0.0,0.19205158730158725,0.0,0.346,0.004,0.186,0.0,0.002,0.022,0.002,0.048,0.0,0.59,0.614,0.0,0.076,0.0,0.882,0.114,0.0694,0.002,0.048,0.408,0.008,0.204,0.0,0.25209761904761907,0.0,0.0,0.004,0.0,0.552,0.0,0.04,0.118,0.102,0.0,0.0,0.0,0.004,0.116,0.0,0.0,0.0,0.0,0.276,0.0,0.138,0.0,0.12,0.716
0.046,1.0,1.0,0.774,1.0,0.994,0.82,0.39567619047619046,0.506,0.998,0.052,0.87,0.03,0.288,0.65,1.0,0.402,0.796,0.916,0.356,0.584,0.288,0.706,0.262,0.786,0.644,0.474,0.506,0.66,0.332,0.252,0.542,0.508,0.532,0.122,0.884,0.112,0.226,0.814,0.511195238095238,0.43399999999999994,0.8037499999999999,0.43660000000000004,0.396,0.362,0.61,0.674,0.712,0.45126666666666665,0.136,0.0,0.602,0.055661904761904774,0.306,0.4595333333333333,0.6827833333333332,0.094,0.308,0.202,0.312,0.56,0.342,0.002,0.6376666666666666,0.436,0.202,0.0,0.3395,0.19,0.102,0.434,0.558,0.6772666666666666,0.454,0.596,0.002,0.29144444444444445,0.006,0.014,0.19,0.414,0.82,0.0,0.0,0.14738888888888885,0.04542539682539683,0.128,0.1818,0.004,0.112,0.646,0.2949365079365079,0.008,0.478,0.514,0.392,0.19992857142857143,0.5299142857142857,0.01,0.676,0.22497310744810736,0.298,0.034,0.478,0.7089666666666666,0.034,0.188,0.0,0.07660000000000002,0.802,0.078,0.114,0.048,0.198,0.0,0.5356785714285714,0.3083142857142857,0.002,0.0,0.004,0.456,0.208,0.028,0.28,0.0,0.5536444444444445,0.0,0.142,0.0,0.362,0.0,0.0,0.5295833333333333,0.0275,0.002,0.006,0.224,0.17526666666666668,0.0,0.036,0.0,0.616,0.004,0.08834761904761905,0.046,0.05,0.16614285714285715,0.19,0.01,0.0,0.15978095238095238,0.0,0.0,0.004,0.0,0.00788235294117647,0.0,0.0,0.024,0.0,0.0,0.064,0.0,0.034,0.0,0.0,0.0,0.0,0.0,0.07400382395382396,0.002,0.07,0.0,0.008,0.582
0.0,1.0,1.0,0.99,0.998,0.998,1.0,0.952,1.0,0.8254285714285714,0.0,0.604,0.0,0.976,0.052,1.0,0.002,1.0,1.0,0.872,0.72,0.978,0.73,0.55,0.974,1.0,0.98,0.628,0.96,0.978,0.578,0.726,0.08,0.796,0.022,1.0,0.752,0.068,1.0,0.028,0.79,1.0,0.796,0.598,0.028,0.704,0.618,0.746,0.7056666666666668,0.034,0.0,0.344,0.0,0.832,0.038,0.156,0.024,0.224,0.706,0.004,0.782,0.76,0.0,0.118,0.076,0.014,0.0,0.18,0.066,0.75,0.646,0.806,0.062,0.112,0.012,0.0,0.758,0.046,0.824,0.964,0.088,0.732,0.0,0.0,0.124,0.076,0.12,0.556,0.017428571428571432,0.002,0.09,0.17,0.0,0.728,0.032,0.034,0.16,0.09,0.002,0.06,0.0,0.034,0.866,0.208,0.672,0.046,0.0,0.02,0.0,0.066,0.024,0.012,0.044,0.188,0.0,0.218,0.068,0.056,0.022,0.828,0.19466666666666665,0.072,0.182,0.016,0.0,0.026,0.0,0.778,0.002,0.15,0.0,0.0,0.052,0.622,0.098,0.0,0.002,0.034,0.0,0.004,0.0,0.194,0.14,0.006,0.0,0.082,0.856,0.0,0.898,0.0,0.274,0.0,0.0,0.048,0.0,0.034,0.0,0.014,0.098,0.022,0.002,0.0,0.0,0.0,0.098,0.0,0.0,0.056,0.0,0.93,0.002,0.024,0.0,0.004,0.056
0.0,1.0,1.0,0.836,1.0,0.99,0.946,0.54,0.946,0.678,0.0,0.542,0.0,0.936,0.24,1.0,0.028,0.95,1.0,0.244,0.908,0.452,0.744,0.046,0.978,0.942,0.836,0.72,0.452,0.53,0.64,0.118,0.05,0.506,0.226,0.98,0.42,0.046,1.0,0.26,0.252,0.98,0.522,0.358,0.178,0.452,0.362,0.284,0.23,0.206,0.0,0.736,0.0,0.09,0.14,0.264,0.168,0.322,0.03,0.092,0.312,0.574,0.0,0.164,0.408,0.158,0.0,0.62,0.136,0.26,0.574,0.908,0.178,0.434,0.124,0.0,0.44,0.248,0.11,0.772,0.2,0.026,0.0,0.0,0.294,0.024,0.268,0.136,0.25,0.0,0.32,0.424,0.0,0.284,0.016,0.172,0.546,0.103,0.004,0.024,0.002,0.312,0.144,0.09,0.24,0.218,0.02,0.262,0.0,0.064,0.056,0.17,0.59,0.064,0.0,0.322,0.018,0.05,0.028,0.26,0.111,0.076,0.038,0.028,0.0,0.178,0.0,0.41,0.002,0.162,0.0,0.0,0.078,0.038,0.212,0.04,0.006,0.084,0.0,0.414,0.0,0.384,0.032,0.294,0.01,0.032,0.13,0.0,0.206,0.0,0.4575,0.0,0.0,0.284,0.0,0.25,0.0,0.01,0.13,0.048,0.0,0.0,0.0,0.012,0.0,0.0,0.0,0.036,0.0,0.032,0.0,0.39,0.0,0.012,0.144
0.21,1.0,1.0,0.806,1.0,0.766,0.794,0.698,0.812,0.546,0.248,0.844,0.232,0.85,0.904,1.0,0.264,0.806,0.812,0.366,0.912,0.322,0.714,0.248,0.616,0.808,0.928,0.87,0.298,0.422,0.55,0.336,0.126,0.25,0.322,0.888,0.296,0.068,0.994,0.162,0.06,0.6895380952380954,0.684,0.636,0.302,0.684,0.684,0.86,0.23008730158730156,0.496,0.0,0.728,0.2029738095238096,0.296,0.182,0.14,0.264,0.081,0.548,0.85,0.806,0.842,0.002,0.274,0.182,0.336,0.008,0.48,0.8,0.006,0.576,0.7132000000000001,0.224,0.15,0.334,0.002,0.898,0.016,0.0,0.964,0.142,0.8953333333333334,0.0,0.004,0.012,0.01,0.172,0.336,0.026,0.384,0.036,0.158,0.02,0.196,0.264,0.18,0.884,0.1923,0.002,0.244,0.2945506493506493,0.252,0.006,0.086,0.158,0.002,0.236,0.004,0.22652619047619055,0.592,0.316,0.316,0.004,0.022,0.0,0.614,0.61,0.006,0.026,0.012,0.11800000000000001,0.366,0.004,0.348,0.0,0.1875460317460317,0.0,0.09,0.0,0.038,0.0,0.0,0.074,0.0,0.012,0.0,0.318,0.028,0.0,0.02,0.0,0.086,0.012,0.24159999999999998,0.148,0.016,0.138,0.0,0.01,0.0,0.24439761904761897,0.0,0.004,0.004,0.0,0.016,0.0,0.0,0.008,0.008,0.0,0.112,0.0,0.174,0.0,0.0,0.004,0.008,0.004,0.008,0.0,0.026,0.0,0.0,0.28
0.0,1.0,1.0,1.0,1.0,1.0,1.0,0.002,1.0,1.0,0.0,0.6059380952380958,0.0,0.998,1.0,1.0,0.0,0.998,1.0,0.992,0.9925,0.004,1.0,0.988,1.0,1.0,0.34099206349206385,0.972,0.3398282106782106,0.2548394383394383,1.0,0.6134799422799422,0.008,1.0,0.0,1.0,0.014,0.3091603174603178,0.43635728715728733,1.0,0.909881018981019,1.0,0.32245793650793675,0.996,1.0,0.99,0.26175411255411263,0.996,0.8372642135642147,0.996,0.0,0.014,0.0,0.0125,0.6109017704517711,1.0,0.30655952380952395,1.0,0.99,0.3502555555555556,1.0,0.99,0.0,0.6390976190476194,1.0,0.5089846320346316,0.0,0.4788103896103898,0.3788722222222222,0.8995009213009211,0.99,0.998,0.6785952380952387,0.8205958485958491,0.0,0.6436334776334787,0.012833333333333332,0.9021702852702853,0.47199126984127043,0.005333333333333333,0.998,0.016,0.0,0.002,0.994,0.016,0.5660731601731603,0.7377515873015877,0.9241836092012558,0.5958919191919197,0.7043167388167388,0.8628074314574314,0.0,0.8522139249639255,0.7680245199245209,0.6760651515151519,0.0035,0.3014611111111111,0.0,0.584720562770563,0.8599680825710244,1.0,0.046,0.998,0.77893152958153,0.899187788681907,0.5151614718614722,0.9450966511043141,0.4352034632034632,0.81952380952381,0.0,0.6744816738816741,1.0,0.002,0.0,0.8933379786879786,0.007,0.006,0.03326666666666667,0.7484604617604631,0.022,1.0,0.0,0.622466305916306,0.0,0.6628734487734489,0.6893720057720063,0.998,0.01796666666666667,0.7076523920523928,0.0,0.0,0.012,0.0095,1.0,0.002,0.004,0.04,0.0,0.0,0.0,1.0,0.0,0.5098309523809523,0.0,1.0,0.02,0.0,0.012,0.0,0.03,0.0,0.0,0.9093146392822866,0.0,0.9560186991224782,0.0,0.7165327616827621,0.9309908868908869,0.0275,0.0,0.0,0.0,0.6816473304473306,0.0,0.7338404262404274,0.0,0.0,0.012933333333333333,0.038,0.0,0.024,0.0,0.03,0.978
1.0,0.9428372004357298,0.9934285714285714,1.0,0.10017508895473314,0.6231087301587304,0.962,0.44685937950937943,0.9933426573426574,0.5213159340659339,0.425883766233766,0.32675230880230904,0.6899019480519487,0.0,0.982,0.958,0.41328210678210686,0.9811690318621353,0.962,0.6642109668109677,0.002,0.0215,0.9785714285714285,0.6527150793650797,0.002,0.5236220665299611,0.006,0.9845,0.9951558441558442,0.0,0.08573986568986575,0.002,0.696478354978356,0.3980652958152958,0.8262439893439897,0.404819841269841,0.004,0.5903991341991349,0.20800730935730966,0.0,0.006,0.646432911532912,0.024,0.3598207070707071,0.018,0.4252737373737372,0.9922000000000001,0.976,0.015128205128205128,0.5701528138528137,0.01,0.6960318181818189,0.39431269841269834,0.5475880952380956,0.002,0.008,0.5734658730158732,0.638208585858587,0.5094341269841273,0.006,0.5699829725829729,0.4880064213564213,0.018,0.984,0.004,0.0,0.02,0.0,0.017,0.03,0.3392194083694084,0.519234920634921,0.3949018759018758,0.8216519702519702,0.019064935064935066,0.00977777777777778,0.6754058108558113,0.02,0.0352,0.03,0.5488917748917748,0.5842823953823953,0.0,0.034,0.5084873015873015,0.042,0.8196891330891334,0.48962027417027365,0.014,0.8359361416361424,0.00735,0.6888452269952274,0.5175090187590188,0.006,0.7644846320346329,0.004,0.022,0.7971541847041856,0.00705,0.0,0.8652736124986133,0.0,0.012,0.998,0.0020666666666666667,0.012,0.002,0.012,0.012942857142857143,0.5835476190476196,0.6362142857142864,0.02,0.7483558996559004,0.02333333333333333,0.006,0.48450202020202016,0.37085952380952397,0.558874025974026,0.02,0.01,0.35744444444444456,0.7552614219114226,0.04602857142857143,0.002,0.038,0.002,0.018,0.3515126984126986,0.0038823529411764705,0.004,0.004,0.004,0.8097705128205136,0.544832828282828,0.01,0.016732517482517483,0.4224920634920635,0.002,0.004,0.0,0.0,0.8857655455655457,0.021266666666666666,0.017333333333333336,0.018,0.7434203463203468,0.7115256410256414,0.030661294261294263,0.04855555555555556,0.004,0.028,0.04228690476190476,0.006,0.006,0.0,0.016,0.008,0.006,0.5752366522366521,0.038,0.002,0.02452857142857143,0.008,0.012,0.8315599234099245,0.014,0.048,0.0175,0.016,0.024,0.004,0.022,0.058,0.5672032356532353,0.2978370129870131
1.0,0.9428372004357298,0.9934285714285714,1.0,0.10017508895473314,0.6231087301587304,0.962,0.44685937950937943,0.9933426573426574,0.5213159340659339,0.425883766233766,0.32675230880230904,0.6899019480519487,0.0,0.982,0.958,0.41328210678210686,0.9811690318621353,0.962,0.6642109668109677,0.002,0.0215,0.9785714285714285,0.6527150793650797,0.002,0.5236220665299611,0.006,0.9845,0.9951558441558442,0.0,0.08573986568986575,0.002,0.696478354978356,0.3980652958152958,0.8262439893439897,0.404819841269841,0.004,0.5903991341991349,0.20800730935730966,0.0,0.006,0.646432911532912,0.024,0.3598207070707071,0.018,0.4252737373737372,0.9922000000000001,0.976,0.015128205128205128,0.5701528138528137,0.01,0.6960318181818189,0.39431269841269834,0.5475880952380956,0.002,0.008,0.5734658730158732,0.638208585858587,0.5094341269841273,0.006,0.5699829725829729,0.4880064213564213,0.018,0.984,0.004,0.0,0.02,0.0,0.017,0.03,0.3392194083694084,0.519234920634921,0.3949018759018758,0.8216519702519702,0.019064935064935066,0.00977777777777778,0.6754058108558113,0.02,0.0352,0.03,0.5488917748917748,0.5842823953823953,0.0,0.034,0.5084873015873015,0.042,0.8196891330891334,0.48962027417027365,0.014,0.8359361416361424,0.00735,0.6888452269952274,0.5175090187590188,0.006,0.7644846320346329,0.004,0.022,0.7971541847041856,0.00705,0.0,0.8652736124986133,0.0,0.012,0.998,0.0020666666666666667,0.012,0.002,0.012,0.012942857142857143,0.5835476190476196,0.6362142857142864,0.02,0.7483558996559004,0.02333333333333333,0.006,0.48450202020202016,0.37085952380952397,0.558874025974026,0.02,0.01,0.35744444444444456,0.7552614219114226,0.04602857142857143,0.002,0.038,0.002,0.018,0.3515126984126986,0.0038823529411764705,0.004,0.004,0.004,0.8097705128205136,0.544832828282828,0.01,0.016732517482517483,0.4224920634920635,0.002,0.004,0.0,0.0,0.8857655455655457,0.021266666666666666,0.017333333333333336,0.018,0.7434203463203468,0.7115256410256414,0.030661294261294263,0.04855555555555556,0.004,0.028,0.04228690476190476,0.006,0.006,0.0,0.016,0.008,0.006,0.5752366522366521,0.038,0.002,0.02452857142857143,0.008,0.012,0.8315599234099245,0.014,0.048,0.0175,0.016,0.024,0.004,0.022,0.058,0.5672032356532353,0.2978370129870131
0.992,0.012,0.926,0.0,0.0,0.078,0.01,0.956,0.9728,0.918,0.9286666666666666,0.062,0.088,0.936,0.096,0.98,0.084,0.014,0.03,0.9565,0.082,0.9313863636363636,0.07428571428571427,0.0968,0.068,0.036,0.172,0.056,0.0788,0.078,0.03,0.146,0.934,0.152,0.2,0.0848,0.168,0.924,0.866,0.11,0.084,0.0564,0.116,0.11,0.118,0.094,0.14,0.0702,0.9475,0.9296666666666666,0.128,0.126,0.178,0.962,0.116,0.094,0.14533333333333334,0.12066666666666667,0.15866666666666665,0.15,0.13914285714285715,0.054,0.116,0.104,0.006,0.048,0.154,0.144,0.19533333333333333,0.146,0.046,0.064,0.124,0.1570952380952381,0.154,0.106,0.2,0.198,0.172,0.1305,0.074,0.162,0.018,0.142,0.15,0.142,0.11225,0.1448,0.12,0.10904040404040403,0.145,0.0995,0.22533333333333333,0.13,0.141,0.122,0.21083333333333334,0.13053333333333333,0.1524,0.024,0.15517619047619047,0.078,0.108,0.2325714285714286,0.0935952380952381,0.162,0.03,0.154,0.11966666666666666,0.176,0.205,0.074,0.1416666666666667,0.12,0.006,0.2553333333333333,0.162,0.154,0.098,0.068,0.11995,0.046,0.11,0.1,0.022,0.032,0.058,0.084,0.076,0.108,0.15,0.12,0.21186666666666668,0.138,0.13,0.112,0.1172,0.15,0.022,0.126,0.08,0.15,0.13926666666666668,0.1555,0.16,0.206,0.1100952380952381,0.234,0.06,0.054,0.056,0.008,0.068,0.134,0.072,0.046,0.108,0.064,0.0978,0.178,0.166,0.1195,0.04,0.19066666666666668,0.124,0.132,0.11758095238095237,0.138,0.08,0.194,0.038,0.076,0.064,0.152,0.06
0.944,0.7153067112114938,0.7840253968253968,0.756471846698831,0.8746862098914733,0.6102238095238095,0.7801200077700078,0.6119549894549896,0.8019696830946833,0.612,0.378,0.9036159340659339,0.37,0.6995809523809523,0.8010340548340547,0.892,0.6965,0.7820808858375886,0.556,0.6745047175047174,0.625395238095238,0.6791134920634921,0.6778992507492505,0.5976833333333333,0.22,0.7249670548405844,0.5186666666666666,0.7147738761238761,0.7493599067599067,0.29078333333333334,0.5211738095238097,0.7165,0.5084666666666666,0.4608,0.6882999999999998,0.1736598484848485,0.329,0.6374598124098124,0.818,0.869053391053391,0.727,0.806288888888889,0.62,0.8335317460317461,0.2586666666666667,0.5830511814982402,0.7062373015873017,0.7947794594294593,0.6537777777777778,0.5894218614718614,0.346,0.24,0.7648095238095238,0.8167936507936508,0.8851912698412698,0.815,0.8882888000888002,0.6048277722277723,0.5933493506493506,0.7628095238095238,0.466595238095238,0.678826563958917,0.774,0.7260999999999999,0.1775,0.11,0.692,0.29560000000000003,0.8329333333333334,0.642,0.6400746031746031,0.6108166666666666,0.676106782106782,0.6649062326562327,0.838,0.1280333333333333,0.17986160506160506,0.5895333333333335,0.674,0.19156349206349207,0.789,0.8397484848484849,0.008,0.7,0.766,0.742,0.6775318181818182,0.6185014097014098,0.0316,0.7655688311688315,0.6800999999999999,0.3490333333333333,0.6671,0.468,0.8101015873015873,0.8832931457431455,0.2161619047619048,0.6766686868686869,0.2489720224220224,0.11209999999999999,0.6168089635854341,0.828,0.198,0.788,0.661063492063492,0.142,0.22885000000000003,0.048799999999999996,0.7550023088023089,0.5875,0.878912271062271,0.386,0.438,0.6800378314495962,0.252,0.2210642857142857,0.6990914778032425,0.7316803418803419,0.02766666666666667,0.5744333333333334,0.7286666666666668,0.5463119047619047,0.6851904761904761,0.852,0.012,0.8343674603174603,0.017178571428571432,0.248,0.185,0.787,0.18,0.206,0.04533333333333333,0.7370566226257405,0.2,0.168,0.7560449883449882,0.14431428571428573,0.04,0.012871479252454862,0.084,0.05790988455988456,0.14908333333333335,0.6446333333333335,0.168,0.7026666666666668,0.6513333333333332,0.7995676369382252,0.8310327561327563,0.074,0.15843333333333334,0.118,0.234,0.2285,0.1343110278610278,0.02766666666666667,0.094,0.1716,0.742,0.5996,0.216,0.7270069652569653,0.10462238141974983,0.16655555555555554,0.6849111111111111,0.1793545454545454,0.7763761904761906,0.11,0.12,0.4682,0.168,0.10664206349206345,0.14,0.7442575757575758,0.730657647907648
1.0,0.98,0.998,0.998,1.0,0.992,0.975,0.2998142857142858,0.986,0.974,0.014,0.20958679653679654,0.01,0.0,0.006,0.97,0.009,0.966,0.982,0.5605484848484852,0.5475595238095241,0.03485873015873015,0.978,0.5586833333333338,0.002,0.9736190476190476,0.012,0.996,0.994,0.674871428571429,0.3751293650793652,0.012,0.026,0.99,0.023600000000000003,0.996,0.016,0.7027531746031747,0.9811666666666667,0.5082301587301588,0.008,0.24048578643578644,0.4211785714285713,0.974,0.994,0.986,0.998,0.9785714285714285,0.024,0.9880666666666666,0.002,0.5524071428571428,0.058,0.04206666666666667,0.9893333333333334,0.415307142857143,0.9789166666666667,0.996,0.7090825396825402,0.47582619047619057,0.015933333333333334,0.6445539682539687,0.06293333333333333,0.2348190476190477,0.6321785714285718,0.584961904761905,0.038,0.004,0.5007305194805194,0.024,0.978,0.976,0.996,0.0147,0.6081150793650798,0.04913968253968254,0.036,0.022,0.06937919857919857,0.04101666666666667,0.9905,0.7464539682539688,0.002,0.016,0.34420555555555543,0.012,0.40825000000000017,0.32158095238095236,0.034,0.022,0.5250174603174604,0.5175539682539683,0.041,0.4581960317460318,0.998,0.018,0.008,0.6936103174603178,0.6878357142857149,0.012,0.024,0.45941825396825425,0.006,0.7701544733044734,0.38636111111111104,0.026,0.008,0.002,0.026,0.739969047619048,0.026,0.016,0.8538295815295821,0.5556619047619048,0.002,0.5712992063492064,0.4887476190476192,0.6703782106782111,0.002,0.016,0.9874666666666667,0.871385714285714,0.0646735347985348,0.004,0.016,0.012,0.026,0.4315000000000003,0.8187735209235216,0.008,0.0,0.0,0.7237628205128208,0.05933571428571431,0.01,0.04734230769230769,0.036,0.6523079365079366,0.002,0.018,0.002,0.8470737373737379,0.04780634920634922,0.612619841269842,0.01,0.854648268398269,0.8167182539682541,0.002,0.11042063492063492,0.008,0.0788142857142857,0.002,0.038,0.0315,0.016,0.058,0.014,0.772958730158731,0.6557279581529588,0.028,0.016,0.6650301587301594,0.0,0.0255,0.9079173992673992,0.018,0.032,0.02937857142857143,0.014,0.018,0.014,0.9395283238433401,0.04,0.051888888888888894,0.9609587301587301
1.0,0.9847692307692307,0.996,1.0,0.9694639110889111,0.9795666666666666,0.976,0.6296761904761906,0.99,0.9775,0.0065,0.0025,0.006,0.40781825396825416,0.004,0.976,0.554045238095238,0.998,0.99,0.9642285714285714,0.26501825396825385,0.7213158730158734,0.99,0.26030476190476204,0.008,0.984,0.01,0.988,0.996,0.9803484126984129,0.913311183261183,0.006666666666666666,0.05271666666666667,0.9983333333333333,0.0116,0.9871,0.012,0.419768253968254,0.9888333333333332,0.0162,0.018,0.5314487012987014,0.7166698412698416,0.9777619047619048,0.998,0.9855999999999999,0.994,0.9721833333333333,0.006,0.40552142857142875,0.006,0.8203037518037526,0.013,0.689197258297259,0.42046031746031737,0.008266666666666667,0.4238428571428569,0.998,0.9905,0.7522237373737384,0.014583333333333334,0.9850333333333334,0.8776565656565664,0.5544198412698415,0.019295238095238098,0.0156,0.016,0.0055,0.7901960317460321,0.02383333333333333,0.9808000000000001,0.9965,0.98,0.024973504273504272,0.8690405483405484,0.9178148351648348,0.021333333333333336,0.022,0.8532726551226559,0.7294325396825401,1.0,0.4172444444444443,0.01,0.018,0.018,0.006,0.00855952380952381,0.6228380952380954,0.0195,0.030670346320346323,0.8139664502164511,0.7772873015873016,0.023333333333333334,0.008722222222222221,0.996,0.005,0.012414285714285715,0.382429365079365,0.8920502331002332,0.006,0.013047619047619047,0.018,0.02683333333333333,0.9975,0.7139428571428577,0.016,0.0,0.015333333333333332,0.008,0.9944166666666667,0.018,0.004,0.9991333333333333,0.8268379509379515,0.004,0.841598773448774,0.7990727994228003,0.8938908563658563,0.02,0.04466666666666667,0.5086388888888886,1.0,0.8658248917748926,0.002,0.014,0.002,0.008,0.025183333333333332,0.9433265225830245,0.0,0.0,0.0,0.9136661033411037,0.8636752525252526,0.012,0.9281591872180109,0.779238095238096,0.8871499777999785,0.004,0.004,0.002,1.0,0.9065042235542239,0.870208008658009,0.008,0.5918412698412697,0.5437358585858584,0.002,0.8697447330447337,0.008,0.8840458152958156,0.0,0.016,0.01,0.018,0.026600000000000002,0.022,0.06160396825396827,0.8882475524475527,0.02,0.016,0.8904669552669559,0.0,0.018,1.0,0.031,0.016,0.9201678599178594,0.006,0.011666666666666667,0.004,0.8047945165945174,0.014,0.8668400432900434,0.9480880952380953
1.0,0.9954662004662005,0.9980833333333333,0.9941481481481481,0.9961904761904762,0.996,0.9906666666666666,0.7602559884559887,0.9961818181818183,0.994,0.002,0.10137885170385179,0.002,0.9765,0.0,0.996,0.002,0.992,1.0,0.14946630591630614,0.0,0.8428581807081811,0.99825,0.1341452547452549,0.0,0.99,0.002,1.0,0.99675,0.7916964646464649,0.5558329004329009,0.0,0.01,0.998,0.002,1.0,0.002,0.2657525252525254,0.994,0.0,0.002,0.14057606282606303,0.002,0.995,0.01,0.998,1.0,0.14738924963924982,0.008,0.25318903318903346,0.004,0.9134450706156588,0.01,0.23203015873015895,0.002,0.002,0.26283564213564226,1.0,0.9992000000000001,0.8701446775446783,0.0,0.996,0.021933333333333332,0.7109203463203467,0.003,0.0,0.01,0.006,1.0,0.018,1.0,1.0,0.998,0.006,0.03336666666666667,0.017242063492063493,0.004,0.006,0.9164192549280789,0.012199999999999999,1.0,0.2542093795093796,0.0,0.014,0.0045,0.008,0.006,0.7716673881673881,0.016,0.0047,0.016266666666666665,1.0,0.01,0.002,1.0,0.002,0.01,0.2363262626262629,0.025471794871794875,0.002,0.021777777777777778,0.003,0.004,0.3082450216450215,0.8212200577200583,0.01,0.0,0.008,0.006,0.25894920634920665,0.008,0.002,1.0,0.9014554112554117,0.004,0.029695238095238094,0.8752873459873459,0.9344835737018404,0.004,0.002,0.012166666666666666,1.0,0.9377473843150324,0.0,0.0,0.0,0.006,0.011,0.04954690009337069,0.01,0.004,0.0,0.9465994156359643,0.025856410256410257,0.004,0.02835,0.008,0.9356203644394822,0.0,0.0157875,0.01,0.0157,0.03251428571428572,0.022033333333333332,0.006,0.41129826839826833,0.382545598845599,0.008,1.0,0.012,0.011800000000000001,0.0,0.022,0.016,0.004,0.016,0.0,0.016,0.9494175054134039,0.01,0.008,0.0429,0.002,0.004,1.0,0.006,0.014,0.021016666666666666,0.014,0.006,0.002,0.046928937728937734,0.014,0.019,0.6284113275613279
1.0,0.9954662004662005,0.9980833333333333,0.9941481481481481,0.9961904761904762,0.996,0.9906666666666666,0.7602559884559887,0.9961818181818183,0.994,0.002,0.10137885170385179,0.002,0.9765,0.0,0.996,0.002,0.992,1.0,0.14946630591630614,0.0,0.8428581807081811,0.99825,0.1341452547452549,0.0,0.99,0.002,1.0,0.99675,0.7916964646464649,0.5558329004329009,0.0,0.01,0.998,0.002,1.0,0.002,0.2657525252525254,0.994,0.0,0.002,0.14057606282606303,0.002,0.995,0.01,0.998,1.0,0.14738924963924982,0.008,0.25318903318903346,0.004,0.9134450706156588,0.01,0.23203015873015895,0.002,0.002,0.26283564213564226,1.0,0.9992000000000001,0.8701446775446783,0.0,0.996,0.021933333333333332,0.7109203463203467,0.003,0.0,0.01,0.006,1.0,0.018,1.0,1.0,0.998,0.006,0.03336666666666667,0.017242063492063493,0.004,0.006,0.9164192549280789,0.012199999999999999,1.0,0.2542093795093796,0.0,0.014,0.0045,0.008,0.006,0.7716673881673881,0.016,0.0047,0.016266666666666665,1.0,0.01,0.002,1.0,0.002,0.01,0.2363262626262629,0.025471794871794875,0.002,0.021777777777777778,0.003,0.004,0.3082450216450215,0.8212200577200583,0.01,0.0,0.008,0.006,0.25894920634920665,0.008,0.002,1.0,0.9014554112554117,0.004,0.029695238095238094,0.8752873459873459,0.9344835737018404,0.004,0.002,0.012166666666666666,1.0,0.9377473843150324,0.0,0.0,0.0,0.006,0.011,0.04954690009337069,0.01,0.004,0.0,0.9465994156359643,0.025856410256410257,0.004,0.02835,0.008,0.9356203644394822,0.0,0.0157875,0.01,0.0157,0.03251428571428572,0.022033333333333332,0.006,0.41129826839826833,0.382545598845599,0.008,1.0,0.012,0.011800000000000001,0.0,0.022,0.016,0.004,0.016,0.0,0.016,0.9494175054134039,0.01,0.008,0.0429,0.002,0.004,1.0,0.006,0.014,0.021016666666666666,0.014,0.006,0.002,0.046928937728937734,0.014,0.019,0.6284113275613279
1.0,0.9954662004662005,0.9980833333333333,0.9941481481481481,0.9961904761904762,0.996,0.9906666666666666,0.7602559884559887,0.9961818181818183,0.994,0.002,0.10137885170385179,0.002,0.9765,0.0,0.996,0.002,0.992,1.0,0.14946630591630614,0.0,0.8428581807081811,0.99825,0.1341452547452549,0.0,0.99,0.002,1.0,0.99675,0.7916964646464649,0.5558329004329009,0.0,0.01,0.998,0.002,1.0,0.002,0.2657525252525254,0.994,0.0,0.002,0.14057606282606303,0.002,0.995,0.01,0.998,1.0,0.14738924963924982,0.008,0.25318903318903346,0.004,0.9134450706156588,0.01,0.23203015873015895,0.002,0.002,0.26283564213564226,1.0,0.9992000000000001,0.8701446775446783,0.0,0.996,0.021933333333333332,0.7109203463203467,0.003,0.0,0.01,0.006,1.0,0.018,1.0,1.0,0.998,0.006,0.03336666666666667,0.017242063492063493,0.004,0.006,0.9164192549280789,0.012199999999999999,1.0,0.2542093795093796,0.0,0.014,0.0045,0.008,0.006,0.7716673881673881,0.016,0.0047,0.016266666666666665,1.0,0.01,0.002,1.0,0.002,0.01,0.2363262626262629,0.025471794871794875,0.002,0.021777777777777778,0.003,0.004,0.3082450216450215,0.8212200577200583,0.01,0.0,0.008,0.006,0.25894920634920665,0.008,0.002,1.0,0.9014554112554117,0.004,0.029695238095238094,0.8752873459873459,0.9344835737018404,0.004,0.002,0.012166666666666666,1.0,0.9377473843150324,0.0,0.0,0.0,0.006,0.011,0.04954690009337069,0.01,0.004,0.0,0.9465994156359643,0.025856410256410257,0.004,0.02835,0.008,0.9356203644394822,0.0,0.0157875,0.01,0.0157,0.03251428571428572,0.022033333333333332,0.006,0.41129826839826833,0.382545598845599,0.008,1.0,0.012,0.011800000000000001,0.0,0.022,0.016,0.004,0.016,0.0,0.016,0.9494175054134039,0.01,0.008,0.0429,0.002,0.004,1.0,0.006,0.014,0.021016666666666666,0.014,0.006,0.002,0.046928937728937734,0.014,0.019,0.6284113275613279
1.0,0.06325382195722282,0.469274078699079,1.0,0.10571575728702773,0.0,0.32851806450343657,0.6847192418692418,0.26736192747740767,0.0,1.0,0.44661064213564183,1.0,0.04258199731648375,0.8094646298146293,1.0,1.0,0.05697558002686668,0.0,0.6797333888333893,0.4279621380253731,0.30580431790431806,0.34293554414282024,1.0,0.0,0.10313893830590247,0.0011428571428571427,0.29105864301677015,0.22538288263164466,0.0,0.33171975681697097,0.0,0.0,0.0,0.19274671994672016,0.28918272217119007,0.0,0.4442995961554787,1.0,0.40221929181929184,0.0,0.5043492646242643,0.0,0.15470372232686505,0.0,0.4181506320476908,0.5076821513453863,0.08095420485087676,0.35912360972360974,0.5623692275045211,0.0,0.0,0.0,0.0,0.499948820623821,0.0,0.7024823366176313,0.6385505047240335,0.0,0.0007142857142857143,0.15945835275835304,0.11247178703649306,0.0,0.08828603642659387,0.0,0.0,0.0,0.0,0.0,0.0,0.0,0.14245735375735397,0.5370560762766642,0.39913156565656566,0.0,0.0,0.5763807414807409,0.0,0.0,0.18056354201354227,0.0,0.180254123654124,0.0,0.0,0.0,0.0,0.1585345016095018,0.2332071497130323,0.0,0.4199705794205793,0.0,0.0,0.0,0.0,0.27433079469550087,0.4241657370407368,0.0,0.5578212979830625,0.6072882958544725,0.0,0.0,0.0,0.0,0.0,0.14492813297813323,0.0,0.3301650460650463,0.0,0.793225325852339,0.0,0.636339484208602,0.0,0.0,0.7081875927306273,0.0,0.002,0.7507814257637794,0.3650098956598957,0.0,0.0,0.0,0.654529963242811,0.34598699078699113,0.0,0.0,0.0,0.0,0.0,0.0,0.0032857142857142855,0.0,0.002,0.0,0.7750060706063814,0.0,0.0,0.5650858840505899,0.002,0.0,0.005525141525141525,0.0,0.2819492118992124,0.0,0.0,0.0,0.0,0.0,0.8715948651252711,0.35972152292152293,0.0,0.0,0.0,0.0,0.0,0.0,0.0,0.0,0.0,0.0005714285714285714,0.0,0.0,0.7044792074196867,0.0,0.0,0.0,0.0,0.0,0.0,0.0,0.0,0.0,0.0,0.0,0.5574146750308514,0.4050271064075247
1.0,0.06325382195722282,0.469274078699079,1.0,0.10571575728702773,0.0,0.32851806450343657,0.6847192418692418,0.26736192747740767,0.0,1.0,0.44661064213564183,1.0,0.04258199731648375,0.8094646298146293,1.0,1.0,0.05697558002686668,0.0,0.6797333888333893,0.4279621380253731,0.30580431790431806,0.34293554414282024,1.0,0.0,0.10313893830590247,0.0011428571428571427,0.29105864301677015,0.22538288263164466,0.0,0.33171975681697097,0.0,0.0,0.0,0.19274671994672016,0.28918272217119007,0.0,0.4442995961554787,1.0,0.40221929181929184,0.0,0.5043492646242643,0.0,0.15470372232686505,0.0,0.4181506320476908,0.5076821513453863,0.08095420485087676,0.35912360972360974,0.5623692275045211,0.0,0.0,0.0,0.0,0.499948820623821,0.0,0.7024823366176313,0.6385505047240335,0.0,0.0007142857142857143,0.15945835275835304,0.11247178703649306,0.0,0.08828603642659387,0.0,0.0,0.0,0.0,0.0,0.0,0.0,0.14245735375735397,0.5370560762766642,0.39913156565656566,0.0,0.0,0.5763807414807409,0.0,0.0,0.18056354201354227,0.0,0.180254123654124,0.0,0.0,0.0,0.0,0.1585345016095018,0.2332071497130323,0.0,0.4199705794205793,0.0,0.0,0.0,0.0,0.27433079469550087,0.4241657370407368,0.0,0.5578212979830625,0.6072882958544725,0.0,0.0,0.0,0.0,0.0,0.14492813297813323,0.0,0.3301650460650463,0.0,0.793225325852339,0.0,0.636339484208602,0.0,0.0,0.7081875927306273,0.0,0.002,0.7507814257637794,0.3650098956598957,0.0,0.0,0.0,0.654529963242811,0.34598699078699113,0.0,0.0,0.0,0.0,0.0,0.0,0.0032857142857142855,0.0,0.002,0.0,0.7750060706063814,0.0,0.0,0.5650858840505899,0.002,0.0,0.005525141525141525,0.0,0.2819492118992124,0.0,0.0,0.0,0.0,0.0,0.8715948651252711,0.35972152292152293,0.0,0.0,0.0,0.0,0.0,0.0,0.0,0.0,0.0,0.0005714285714285714,0.0,0.0,0.7044792074196867,0.0,0.0,0.0,0.0,0.0,0.0,0.0,0.0,0.0,0.0,0.0,0.5574146750308514,0.4050271064075247
1.0,0.06325382195722282,0.469274078699079,1.0,0.10571575728702773,0.0,0.32851806450343657,0.6847192418692418,0.26736192747740767,0.0,1.0,0.44661064213564183,1.0,0.04258199731648375,0.8094646298146293,1.0,1.0,0.05697558002686668,0.0,0.6797333888333893,0.4279621380253731,0.30580431790431806,0.34293554414282024,1.0,0.0,0.10313893830590247,0.0011428571428571427,0.29105864301677015,0.22538288263164466,0.0,0.33171975681697097,0.0,0.0,0.0,0.19274671994672016,0.28918272217119007,0.0,0.4442995961554787,1.0,0.40221929181929184,0.0,0.5043492646242643,0.0,0.15470372232686505,0.0,0.4181506320476908,0.5076821513453863,0.08095420485087676,0.35912360972360974,0.5623692275045211,0.0,0.0,0.0,0.0,0.499948820623821,0.0,0.7024823366176313,0.6385505047240335,0.0,0.0007142857142857143,0.15945835275835304,0.11247178703649306,0.0,0.08828603642659387,0.0,0.0,0.0,0.0,0.0,0.0,0.0,0.14245735375735397,0.5370560762766642,0.39913156565656566,0.0,0.0,0.5763807414807409,0.0,0.0,0.18056354201354227,0.0,0.180254123654124,0.0,0.0,0.0,0.0,0.1585345016095018,0.2332071497130323,0.0,0.4199705794205793,0.0,0.0,0.0,0.0,0.27433079469550087,0.4241657370407368,0.0,0.5578212979830625,0.6072882958544725,0.0,0.0,0.0,0.0,0.0,0.14492813297813323,0.0,0.3301650460650463,0.0,0.793225325852339,0.0,0.636339484208602,0.0,0.0,0.7081875927306273,0.0,0.002,0.7507814257637794,0.3650098956598957,0.0,0.0,0.0,0.654529963242811,0.34598699078699113,0.0,0.0,0.0,0.0,0.0,0.0,0.0032857142857142855,0.0,0.002,0.0,0.7750060706063814,0.0,0.0,0.5650858840505899,0.002,0.0,0.005525141525141525,0.0,0.2819492118992124,0.0,0.0,0.0,0.0,0.0,0.8715948651252711,0.35972152292152293,0.0,0.0,0.0,0.0,0.0,0.0,0.0,0.0,0.0,0.0005714285714285714,0.0,0.0,0.7044792074196867,0.0,0.0,0.0,0.0,0.0,0.0,0.0,0.0,0.0,0.0,0.0,0.5574146750308514,0.4050271064075247
1.0,0.06325382195722282,0.469274078699079,1.0,0.10571575728702773,0.0,0.32851806450343657,0.6847192418692418,0.26736192747740767,0.0,1.0,0.44661064213564183,1.0,0.04258199731648375,0.8094646298146293,1.0,1.0,0.05697558002686668,0.0,0.6797333888333893,0.4279621380253731,0.30580431790431806,0.34293554414282024,1.0,0.0,0.10313893830590247,0.0011428571428571427,0.29105864301677015,0.22538288263164466,0.0,0.33171975681697097,0.0,0.0,0.0,0.19274671994672016,0.28918272217119007,0.0,0.4442995961554787,1.0,0.40221929181929184,0.0,0.5043492646242643,0.0,0.15470372232686505,0.0,0.4181506320476908,0.5076821513453863,0.08095420485087676,0.35912360972360974,0.5623692275045211,0.0,0.0,0.0,0.0,0.499948820623821,0.0,0.7024823366176313,0.6385505047240335,0.0,0.0007142857142857143,0.15945835275835304,0.11247178703649306,0.0,0.08828603642659387,0.0,0.0,0.0,0.0,0.0,0.0,0.0,0.14245735375735397,0.5370560762766642,0.39913156565656566,0.0,0.0,0.5763807414807409,0.0,0.0,0.18056354201354227,0.0,0.180254123654124,0.0,0.0,0.0,0.0,0.1585345016095018,0.2332071497130323,0.0,0.4199705794205793,0.0,0.0,0.0,0.0,0.27433079469550087,0.4241657370407368,0.0,0.5578212979830625,0.6072882958544725,0.0,0.0,0.0,0.0,0.0,0.14492813297813323,0.0,0.3301650460650463,0.0,0.793225325852339,0.0,0.636339484208602,0.0,0.0,0.7081875927306273,0.0,0.002,0.7507814257637794,0.3650098956598957,0.0,0.0,0.0,0.654529963242811,0.34598699078699113,0.0,0.0,0.0,0.0,0.0,0.0,0.0032857142857142855,0.0,0.002,0.0,0.7750060706063814,0.0,0.0,0.5650858840505899,0.002,0.0,0.005525141525141525,0.0,0.2819492118992124,0.0,0.0,0.0,0.0,0.0,0.8715948651252711,0.35972152292152293,0.0,0.0,0.0,0.0,0.0,0.0,0.0,0.0,0.0,0.0005714285714285714,0.0,0.0,0.7044792074196867,0.0,0.0,0.0,0.0,0.0,0.0,0.0,0.0,0.0,0.0,0.0,0.5574146750308514,0.4050271064075247
1.0,0.04344371951336173,0.9993333333333334,1.0,0.17904273006121746,0.0,0.3088793631319946,0.6728495279144665,0.05001168373180972,0.03385295058265879,1.0,0.3673917523051432,1.0,0.0,0.6223017635099676,1.0,1.0,0.03700090813478034,0.0,0.45486710344179393,0.22746972574209456,0.0,0.0,1.0,0.0,0.07992598094514648,0.3778914399240256,0.3406081659053025,0.05118033015141978,0.0,0.7572079992419002,0.14173362049886856,0.0,0.0,0.28031125883920044,0.06764885859754288,0.0,1.0,1.0,0.0,0.0,0.8715961399711402,0.0,0.0,0.0,0.06284540931205018,0.5518820755869508,0.06718793455090406,0.0,0.5993511873747168,0.0,0.0,0.0,0.0,0.47958612952235286,0.0,0.7950350458451081,0.2958539514407164,0.3988825829571189,0.3762990306820805,0.10573661697779359,0.0,0.0,0.20583465468140408,0.0,0.0,0.0,0.0,0.0,0.0,0.0,0.10394818361892691,0.6422537113557238,0.5167265696635666,0.0,0.0,0.0,0.0,0.0,0.0,0.0,0.3527450339650036,0.0,0.0,0.0,0.0,0.0,0.5085463021326799,0.0,0.0,0.0,0.0,0.0,0.0,0.19904571214818906,0.6446388494116824,0.0,0.7830378416045609,0.0,0.0,0.0,0.0,0.0,0.0,0.09591750984653485,0.0,0.24741276724651376,0.0,0.9114879763503375,0.0,0.8294769067317129,0.0,0.0,0.6599280685688579,0.0,0.0,0.2971176246955661,0.688139746254553,0.0,0.0,0.0,0.6566144573778466,0.0,0.0,0.0,0.0,0.0,0.0,0.0,0.41369798469504393,0.0,0.0,0.0,0.5533553417171059,0.0,0.0,0.5442375844313923,0.0,0.0,0.6165923127836097,0.0,0.0,0.0,0.0,0.0,0.0,0.0,0.8856939472839503,0.5944555238964675,0.0,0.0,0.0,0.0,0.0,0.0,0.0,0.0,0.0,0.4751608202341179,0.0,0.0,0.4656714903431623,0.0,0.0,0.0,0.0,0.0,0.0,0.0,0.0,0.0,0.0,0.0,0.4475215202066602,0.1329231489353143
