P02768,P01834,P04004,P02647,P02649,P01008,P01857,P02656,P10909,P00734,P02675,P04196,P02679,P02652,P01042,P01024,P02671,P01871,P01009,P04003,P0DOY2,P02655,P02766,P19823,P0DOY3,P01876,P35542,P01859,P06727,P68871,P0C0L5,P02654,Q14520,P02743,P01619,B9A064,P69905,P19827,P04114,P03951,P00742,P0C0L4,P55056,P01860,P02776,P02787,P02749,Q14624,P07225,P02760,P0DOX7,P0DJI8,P04264,P27169,P03952,P05154,P00747,P01861,P00738,P02746,P01764,P00739,P60709,P06396,P10720,P02788,P13645,P06702,P02747,P00740,P01023,P01766,P08603,P01593,P02775,P07737,P06312,P04070,P05090,O14791,P05155,P02765,P24844,P35908,P08697,Q06033,P05546,P02748,P22891,P04433,Q03591,O43866,P35527,Q92954,P02790,P00748,P81605,P00751,P02745,P18065,P01615,P49908,Q13790,P02774,P12259,Q13103,P15169,P20851,P07358,P01011,P02751,P07996,P02763,P09871,O75636,P01591,P00736,P07360,P02741,Q9UK55,P18428,Q5TB80,O95445,P17936,P08727,P00746,P67936,P04406,P01700,P05452,P61626,P62805,P27918,P01031,Q9Y490,P61224,P13671,P80748,P09211,P01599,P07355,P01877,P08514,Q9BXR6,P63104,P04217,P01019,P36955,P35858,P05109,Q6Q788,P35442,P02730,P35579,P60660,P08709,P63261,P23528,Q96IY4,P49747,P27105,P07357,P01880,P06733,P19652,P62937,P02533,P05106,P18206,P08519,P26038,P48740,P51884,P10643,OTHER
0.0897414121037118,0.02214579409566239,0.031788239482662704,0.06276335856223862,0.07090088554098592,0.01358269462653137,0.0,0.0,0.0045314883114567625,0.022661440186849194,0.01392405360549177,0.07787323225020727,0.01138887233196181,0.02372108203458269,0.006194848029943483,0.022154259226200717,0.008884771087648758,0.016458663407516772,0.02265748834442457,0.008206138649697598,0.003607402178249738,0.0009948834320183755,0.01683628409153288,0.0,0.011584205302682131,0.005188488798427558,0.012689915774367783,0.006549194200144803,0.018898938636991214,0.008175224046442652,0.00048810350400495744,0.004853661220768318,0.007025331475158923,0.002048599187084249,0.007162742801107188,0.0,0.0029220858630476304,0.0,0.02036931476761132,0.0005586272860269295,0.008541256558274927,0.0041958110459019956,0.006591501889916317,0.005119720474104198,0.0,0.006493205031382927,0.0,0.0008401178365303534,0.004867526506383081,0.0,0.0,0.005975731735252649,0.006963746230168691,0.00592686590867097,0.0029544767676903793,0.0011855092821847165,0.020714124298202522,0.0,0.00558953521898125,0.0,0.0,0.004869706703593874,0.003055805808912895,0.0045687212674254945,0.0,0.0,0.004757321902784798,0.0,0.0002975436571264695,0.005801265411567459,0.0023045900148262327,0.003151664305476674,0.0011188979703729359,0.004084385381478431,0.0,0.003090570952077879,0.0,0.0009804876136468186,0.004161783844559749,0.004925572220626608,0.0,0.0,0.0033803483615810754,0.002831596190885675,0.0026284155127880853,0.0,0.00026370188116014575,0.0,0.0026334889933638827,0.0,0.0008108978050296869,0.00046706641809992776,0.0021312286195990897,0.0,0.0,0.000818925089390284,0.0015578833314299914,0.0,0.00407617465601797,0.0,0.0,0.0,0.0035489792426838603,0.0006781029495501862,0.0022527949790393264,0.0019764667837920214,0.0007867240486356948,0.0,0.0006862141479009574,0.0009545498880542777,0.0007023330489406921,0.001114909575494597,0.0,0.0,0.00044252614503074506,0.0009140303443185559,0.0,0.0,0.00018020150810883173,3.553423290006666e-05,0.0,0.0,0.003539932614824703,0.0,0.0016423564697102733,0.0,0.0,0.0011615781818656084,0.0017513729096916173,0.003976991348264173,0.0025111103339664916,0.0020914217442752504,0.0005660847176340924,0.0010944160767941168,0.0003134430345727434,0.0017404573026561633,0.0,0.0,0.0009259446688251163,0.0010233176901997274,0.0008010560046488304,0.0006316040509999995,0.0008939136491980981,0.0,0.0009617494682093689,0.0003523963317756249,0.0009928828640087012,0.0,0.005138609946700033,0.001560836978561418,0.00031509280346232494,0.004441103910361509,0.0,0.00019455596998989828,0.0006819324979082331,0.0011319735141162664,0.0029537310976345704,0.0,0.0003784053868707033,0.00010039820687973921,0.0007499741072339256,0.0008696062674768782,0.0009349770934451158,0.0003924252632557898,0.0006745936529044835,0.0008464544654709979,0.00036716924092505446,0.0004179214613163355,0.0002696045802573889,0.0023396538437558687,0.0012846532177240824,0.00024073352025412933,0.0009067627765995529,0.00039602427006647003,0.11690851242935077
0.015295247765411689,0.0,0.0,0.044085370664068965,0.09230432493746916,0.011136769925876857,0.0,0.007969096138346444,0.0,0.0,0.003726841235530827,0.10483601967301943,0.01453458892510661,0.008945075738296988,0.030128954192677915,0.017426565209416496,0.013505922883731541,0.013201993381205368,0.012688039399664772,0.0031777093409264584,0.011035107861944905,0.007182856861526612,0.00698327777733348,0.0,0.010682886376365943,0.0037583404153840707,0.012482243388966767,0.01169209650089621,0.02201101032250924,0.02063398420338847,0.000611574102063654,0.02130569119765726,0.0,0.0005983115822055762,0.015607586289915551,0.0022460580697438396,0.009030418584058357,0.0,0.02329286424661348,0.008939100951924357,0.00034345096464059144,0.005595571396019333,0.008907550862750024,0.007032704310970561,0.006988210847766159,0.013093652356593944,0.004836389353835287,0.0070866010252468815,0.0017729825618008341,0.0,0.0,0.0022656851103570095,0.00910227259877798,0.0023237559611532896,0.008842094310110904,0.004777873153431825,0.019265476625457148,0.0003047169392415622,0.010445546265825495,0.0036623425481851577,0.002474749157221457,0.011376503202317955,0.0,0.00780170800184019,0.0009151924801884599,0.0,0.007350273233454646,0.0036529132007385627,0.00388301092559218,0.0003153590729203003,0.009687115456984592,0.0049740965005272255,0.0016467167502620982,0.0,0.005426772344042871,0.0,0.004492712505820447,0.0,0.0068826561459132156,0.004737837036584034,0.003989174828060519,0.002856215267005392,0.0,0.004046748564309685,0.0032259649601784697,0.0,0.002622072390172224,0.000469823407677493,0.0,0.0038216882953874534,0.0017189579325076574,0.0,0.002978336888683633,0.002083845571611929,0.003017138133637925,0.00511556409202909,0.0006190057934192425,0.002519826794190131,0.004908470535357421,0.0020981566523606927,0.0047086155140877925,0.0035935584938700887,0.00010245864507371343,0.0014085300048776424,0.002294691016905106,0.0,0.004093503855922514,0.0008974143249401697,0.0027892710071050083,0.0022614515083275418,0.0014904058830918403,0.0011390810860591352,0.0002050278788827358,7.397316868617179e-05,0.0008120849551755593,7.802612818765445e-05,0.0009420816926741773,0.00034362904031205125,0.0,0.0,0.002230016072078016,0.0,0.0013801679515080374,0.0019272457191778372,0.0015375650267980222,0.002683971493571646,0.0,6.138265721409986e-05,0.0,0.005437009395676171,0.0015095595525807578,0.001622917284366652,0.0,0.0016089134777344674,0.0,0.0006862959372364435,0.0010906522039916496,0.0,0.0,0.0,0.0,0.00035849996316427194,0.0,0.0004806209431283819,0.0,0.0011034141868272458,0.0011209430361354923,0.0007548850174079263,0.003954739592151472,0.0005567304316341174,0.0009445067303766873,0.006891095114550371,0.0,0.0003000484154595469,0.0,0.0,0.002708775455987423,0.0002652910657946317,0.0006669140314214629,0.0,0.00015788804007667317,0.0008203145111011718,0.0013099914844802146,0.0,0.0008511809608208683,0.0004741243896907566,0.0005321552403061801,0.0,0.0,0.0027197906929573843,0.0008095767620168572,0.00017755117710973394,0.0,0.0005578859448800342,0.1030621643799999
0.22464628349546772,0.0037273480959203503,0.0032299697639829963,0.012933813226486174,0.12404129844013057,0.00033148154757956384,0.00439754453439264,0.002682371745767191,0.0023301202223602376,0.0014246108484569095,0.002467662837144534,0.0,0.0025420209407587472,0.0008691568314165139,0.0007074623939439458,0.0011697381169526904,0.0018585402602022524,0.22907140330222767,0.007200665686276958,0.0008426587253487826,0.0007678780064403429,0.00015280622650468243,0.0,5.3564090603012334e-05,5.052662262558479e-05,0.00010655198217484776,0.0,0.0010361426851023849,0.0006682420305269899,0.0009130172958161844,0.0009677333222280158,0.0,0.00040811024055690653,6.914619500890261e-05,0.0,2.9337845095631397e-05,8.350887458988742e-05,9.452437632510251e-05,0.0,0.0,0.0,0.00011205834628185079,0.0,0.0006404344757584432,0.0,0.000884564203986235,0.000767377848115647,0.00017486380955336584,0.00016362573274112576,0.0002019581071176558,0.16929469915154377,0.0,0.0005297120421922773,0.00010411267027150198,4.9970993876708225e-05,0.0001877858759930247,0.0,0.00029748129776816185,0.0005706824974921341,0.020017073910970566,0.0,0.009267299544764785,0.0,0.0,0.0,0.0009092120247173892,0.00038912733689520516,0.0,0.036741930072449636,6.28744546115898e-05,0.0002502437246063408,0.0002533418633602159,0.00015777545200420246,0.00011536137891504338,0.0,0.00031567108992746305,0.0,0.0004317524287230183,0.00018458292125012477,0.0,0.00018545946951556335,0.0007788479762023764,0.0,0.00018809073219925107,3.7610507700187e-05,6.329406525783997e-05,3.5527651053893993e-06,0.0001361411776300479,0.00011425035254405767,0.0,0.0,0.049086170348488944,0.00014236810832532725,6.668654395002392e-05,0.0005671121667524207,2.9491024360738693e-05,0.0,0.0003004990621886669,0.0,0.0,0.0,0.0,8.589941874530769e-05,0.0005345617173713496,0.0,4.345414354254699e-06,0.0,0.0003017294077533329,0.00013191080662427627,6.969165418001273e-05,0.0,0.0,0.00017502837181176855,1.283210034544079e-05,0.037053440880563546,0.0,0.00010760979160763512,8.723463808069035e-05,2.9092850722166688e-05,0.00011168103183403839,0.0,0.0001582492618774125,7.843125063644764e-05,0.0,0.00045964087786016177,1.4850357060240035e-05,5.944095091818888e-05,0.0,0.0,5.985096980359113e-05,0.0,0.00010626838963122399,0.0,0.0,7.358498457719481e-07,0.0,3.917835612697742e-05,0.0,2.871287831652897e-06,0.0,2.6452458531165908e-05,0.0,0.0,0.0,2.9203560443760646e-05,0.00013656262284501445,6.864190529323912e-05,0.00017831823021921824,4.5337537788556925e-06,0.0,0.0,0.0,0.019430696056956506,0.0001647748950287357,9.254315767478226e-07,0.0,0.0001904207211416074,0.0,4.265113692541669e-05,0.0,0.008062292407610944,5.6009382911465094e-05,0.0,0.0,0.00012470479405136183,0.0,4.680201476861896e-06,0.0,0.0,0.0,0.0,1.4799393608024026e-05,0.0,6.155781209013848e-05,0.005067811235402225
0.22805654265601968,0.006600872914237578,0.004656136977380417,0.011126534997275495,0.12321087854663056,0.0,0.005538130200998858,0.002269707724792686,0.0028340539541714216,0.0015919459859632678,0.0024740226856275853,0.0,0.0010317345728129488,0.00013177290098991055,0.00028439830170347334,0.0010428891741080225,0.00035385037187227327,0.22642349434931394,0.007414458894239447,0.00037738901150071987,0.0004278881206491384,0.0,0.0,0.0009636089461863099,0.0,0.00021019245418587453,0.0,0.0012744118219833725,0.00011412092790429378,0.00044505391456646655,0.001362468501211879,0.0,0.001193075881767066,0.0,0.0,6.40550227412041e-05,0.0005558679068072127,0.0007731909123513874,0.0,0.0,0.0,0.00028270286651896516,0.0,0.0008366849944106887,0.0,0.0010726589336334353,0.0005973454110965255,0.00021897211610981767,1.7379070627945357e-05,0.000562159799100215,0.16794734637536884,0.0,0.0,0.00010261338805261832,0.0,6.725600803883232e-05,0.00016802214458175045,0.0004161862237950457,0.0004937277878656357,0.019689594011235052,0.0,0.009113844972479376,0.0,0.0,0.0,0.0007440229142116297,0.0,0.0,0.03626521228422021,0.0,0.0,0.0002816198565556431,0.00012106847408509667,0.0,0.0,0.0007499432922345249,0.0,0.00048071492723063654,0.00018858912870893134,0.0,0.00017691303145692943,0.000749128024808456,0.0,0.0,9.86528051369883e-05,0.0004241445410533164,6.615373437261581e-05,0.00015126283772847482,0.00018059515066732622,0.0,0.0,0.048698750995478525,0.0,0.0,0.0006111571420771535,0.0,4.584715422920455e-05,0.00023989209612604962,0.0,0.0,0.0,0.0,0.00011610110469721061,0.0005908871973687112,5.461168038658778e-05,7.154997914592435e-05,0.0,0.00028670501546018587,9.82880560958737e-05,2.0502083794810307e-07,0.0,0.0,0.00021243598758368917,4.946798505152347e-05,0.036636238540520845,0.0,0.00011388924747751853,6.576421771349405e-05,6.764357539468499e-05,0.00018966216282611162,3.320500521002547e-05,0.00027807292726020203,2.4326788806095516e-05,0.0,0.00036302815032270176,0.0,0.0,0.0,0.0,3.7123678105370226e-05,8.554781125630054e-05,6.140351163566051e-05,4.599747991072019e-05,7.241959773373107e-05,0.0,0.0,4.948644610013066e-05,0.0,0.0003027414747953268,0.0,0.00025619807530436557,1.4334244588527753e-05,0.0,0.0,4.150043726894914e-05,0.00012496861426627287,9.318486613609193e-05,0.00014232780486749606,0.0,6.093751348945185e-05,0.0,0.0,0.019289615326803233,0.00021069445711011212,0.00010833619845594711,0.0,0.0001929755197239575,0.0,4.292952022809452e-05,2.5377749930375907e-05,0.008017905395238402,7.691311442988305e-05,8.006258652200334e-05,5.22722871338936e-05,0.00014860169477148402,1.0431639112040648e-05,0.0,0.0,0.0,0.0,2.0486718698454018e-05,5.3593169428492686e-05,4.050374130773303e-05,9.71530169350019e-05,0.006228982543264242
0.03279033507525232,0.024179618783608192,0.0,0.03309920679058056,0.032169976983818314,0.0,0.023457953065031692,0.0178543707072179,0.08999301953528188,0.0,0.06589875604647678,0.0,0.08591989388324277,0.02195948968382656,0.010339551920924887,0.022043560216213065,0.08081544414226842,0.007690965033199965,0.006901971799601875,0.001086992123076639,0.010600268419602458,0.0004737565441144242,0.0,0.00033329993322145596,0.004563323769889979,0.011156214294421892,0.0027449956529050595,0.013196700723605773,0.009498443597556515,0.010554418360110783,0.011944779542547457,0.009919736054330783,0.0,0.0,0.03179471029431917,0.003696988080613305,0.015204047697632677,0.0,0.0,0.0,0.0002566004632504176,0.004671793504205466,0.0020621403984962487,0.0050674277886023815,0.00760932861781351,0.007740201094518531,0.0023858791685014476,0.0006371841266966088,0.0009530306551786726,0.0,0.0013117504873211422,0.001986414776824982,0.0,0.0,0.00039650556932309297,0.0,0.0031776228737096933,0.0029125773543674624,0.007651705627585577,0.004555603508404886,0.0,0.0026038962578042966,0.0023348102654417832,0.010704682366916537,0.0,0.0,0.0,0.007835601554941363,0.01096988586206407,0.0005424838779107945,0.00587177691527496,0.004288648174416424,0.001616967903903152,0.02383446744099311,0.007689607730872784,0.0021482493023705445,0.0020560768679693023,0.002554074033708151,0.002702891473796739,0.001073675911238326,0.002589810216164767,0.0011996130545259445,0.004116015277179413,0.0,0.0,0.0,0.00042000038999168686,0.0021709579213831,0.0011810135191991115,0.002777410514955067,0.0012049404057102018,0.0005630902500142832,0.0,0.0,0.0015434205952972037,0.00044842938545411196,0.005696313349526634,0.0022596232526067035,0.00837193424993324,0.0005063305909682429,0.0011672868523666673,0.0005350021921316664,0.0005180771197411263,0.0011491728306914587,0.0013268766706787394,0.0006294524804755467,0.001099428385499454,0.001267906156357488,0.0012143776465791882,0.001258577725354398,0.00028436733052888865,0.001395968719025614,0.0019132232160305892,0.0026878757123030513,0.00028130977329720295,0.001995578381031215,0.002358040365811634,0.0010112693224018957,0.0009320846552437614,0.0005281569433181558,0.0008315271109268245,0.0005578300989972043,0.0007109129362038647,0.00042798930102068053,0.0025376935143964718,7.846380179657149e-05,0.0,0.000451479033820545,0.006756429334977014,0.00011964773153906148,0.0027443820861612553,0.0,0.0003824461760257205,0.0017757661304408287,0.0016757525347034974,0.0007470634525248309,0.0011138829701847692,0.002272119662705389,0.0034649252496212588,0.002656779263128154,0.002316192091387922,0.0008507419257453506,0.0007695120361078693,0.0,0.0015690717151832468,0.000544196424300151,0.0006223758595721927,0.00030466822900886105,0.0004107171704953754,0.002780205316510588,0.00032707157589765174,0.0,4.3846345961170824e-05,0.0014665974044786461,0.0005131418870735989,8.603895827300076e-05,0.0018314860507683045,0.0,0.0,0.00047720017487029,0.0004033253787929566,0.0008736078153140763,0.007949066065100993,0.0005573531490850256,0.0003030310435266252,0.0008779033870199598,0.0001341883566183354,0.0005460572745067293,0.0009660577148733541,0.0,0.0006010479168580103,0.00131455093086971,0.0,0.00047628899299328445,0.0480900822589393
0.07324816422288515,0.05540719024442693,0.0,0.03988422487885051,0.049163320759684326,0.0,0.04419376320067751,0.0,0.015122767658158323,0.0,0.001144366451040099,0.01829312985707069,0.0,0.0049545935927875545,0.007500041899804151,0.017821712452839276,0.0,0.0,0.012859879845645945,0.0,0.016260842753458165,0.005494586290264782,0.012134759525523894,0.02232647976063335,0.0,0.002162929398021174,0.009316375836377577,0.007415563860928514,0.01143222480119507,0.006750216263568891,0.014061798398503971,0.012439182360144758,0.012593377887335812,0.003062141839483969,0.016091311945749608,0.007656838241492908,0.013131998336319527,0.015046078340290866,0.02198121719643555,0.006011413818761521,0.0,0.007383689757244196,0.0016190102536412583,0.013781196183320495,0.006779789833014085,0.00907730593265776,0.0003659544570699795,0.0,0.0007273676797320524,0.004499694831598052,0.0,0.003325970738449239,0.0,0.008472778810145614,0.003307124923403331,0.0032089966444397247,0.0156944802831656,0.005170488641066928,0.0038550443739430854,0.005684425568472332,0.0049203043317546545,0.009480114141033518,0.0,0.00669881425661689,0.0,0.0068238478889108035,0.0,0.007733658326569748,0.001288056205205817,0.0,0.0006397462837006505,0.00716233154555065,0.0029460346836403563,0.0,0.004169648081578322,0.007944423587098372,0.004642578995177579,0.0,0.005472830097605133,0.004203309337124191,0.0032188015617271226,0.003683996020841703,0.0,0.0,0.0029028819081468576,0.003755871571714417,0.00448305187898673,0.0026924070396156107,0.0,0.005035848462113428,0.001347689180603282,0.0009794173388898827,0.0,0.0010417319501852954,0.0033049989472446312,0.0044812998405425125,0.0016479569275062902,0.001607198826534596,0.0023713892810806967,0.0027606535986267307,0.0032909315839748836,0.0033446746872170673,0.0,0.0012867796105043522,0.003963450390520605,0.001080426936087368,0.004354379366570019,0.0,0.0031791696126257296,0.002826871046078693,0.0016608846182220507,0.0037439370458458364,0.0,0.0014470894128396253,0.0,0.0006670338485966508,0.0,0.002395823174513937,0.0006569865680091484,0.0,0.0019023468757493071,0.0025483790665564916,0.0,0.002616655693953719,0.0,0.0009602224076831253,0.00017487127596331,4.0559856469662765e-05,0.0007696973079306924,0.003657604049888969,0.0026574128868197926,0.0040812986875409865,0.002114502345082609,0.0020124248156751724,0.0,0.000291037912725079,0.0013715629746697956,0.0008902801127762718,0.0029956652792282315,0.0009390591070931731,0.0025879401834194692,0.0011748703242433945,0.0,0.000868565692975175,0.0,0.001141062964593216,0.0013299957515900513,0.0011430539357163037,0.002767679107311018,0.001596757831710205,0.00046432106330870926,0.0070952221365779035,0.0,8.45692530402056e-05,0.0,0.0,0.0017673943084622846,0.00018270272838597493,0.0007511956649150325,0.0019101785804235332,0.0001528524389780273,0.0013847370647106412,0.0,0.0008094069505129683,0.0008034703109182208,0.0011257165850070147,0.00013716017205096123,0.0,0.0,0.0020327455960503574,0.000936314711006772,0.0005336050320908623,0.0009685068534595862,0.0009532162719187462,0.13401803700356044
0.052808339995768436,0.022220957637692454,0.003894662926760299,0.053349161818572716,0.03466389752985995,0.0,0.006940897293910901,0.04344330144184642,0.012643404868946745,0.0029256611555028987,0.03400050327031204,0.006695174926382011,0.03831365268799612,0.024657226272577906,0.01969312521191327,0.013733402868482658,0.030111635042706683,0.021524185479912326,0.012839196904048503,0.005203527575577881,0.0003754771057514516,0.009716341741128152,0.0,0.009685268430315584,0.011963743778789055,1.9834910776628395e-05,0.0,0.01944748996245909,0.005006993240592123,0.018890726430107346,0.010486303859158518,0.019459927190279554,0.0006013513713003914,8.378738007025542e-05,0.0019135574922515691,0.0,0.02189838724889998,0.0032570376548369407,0.0004169221826080465,0.0,0.000440175748090904,0.0,0.0,0.0011960260852049613,0.0037461479398360614,0.007128843762604106,0.0037133832360936197,0.0,0.003034834024044084,0.0,0.025163490061581216,0.0037543969886679514,0.05272317264743229,0.001706850101263327,0.0016482304144772263,0.004401097359415103,0.0,0.000728767281107443,0.017679138542010617,0.00030401468794146765,0.0,0.000601555470088823,0.005941430242114941,0.0006315753931500966,0.0,0.007092654285682404,0.02643809395580122,0.0,0.000977956970462907,0.0013466304464699584,0.0016741269357781567,0.0,0.0001316035274678254,0.0018057098063829066,0.0,0.005402598214099528,0.0,0.00023047198930110008,0.009754976361950865,0.000359684148071246,0.0007043368918898584,0.0,0.006272017290029703,0.01183195568674027,0.0,0.002653223177145906,0.00033040391471969674,0.0014421663051488922,0.0008010962767765598,0.0,0.0,0.0004507318541847684,0.0012022793891732935,0.0021291989765200017,0.0,0.0,0.0007101448945136834,0.0005963081216726038,0.0009916890692546424,0.0,0.0,0.0,0.001308644945116283,0.0008005596473988354,0.0032990577558928464,0.000732148102319887,0.0,0.001353243898355391,0.00019462054398114098,0.0018163814337382098,0.0003598488416480497,0.001254022249069748,0.0011938281500674952,0.0018442705564670127,0.013286261715975115,0.00018763032887569937,3.91615392294812e-05,0.002482942817004735,0.0017495958869003226,0.0005369932304050056,0.000513791307079837,0.0003233142603943138,0.000891711985014458,0.0,0.04501145911910907,0.0,0.009391002434559068,0.0014639174206396816,0.00037811467282263515,0.0,0.00010375762697969695,0.0017787737059945853,0.00017321913571035407,0.000604852148263902,0.0011851771905301127,0.002693745206566591,4.1758073238414095e-05,0.0013059973864102423,0.0,0.0001493940823933321,0.0,0.0,0.0010864063997342063,0.0,0.0020148122708323144,0.0004324217342466866,0.0010098913581221584,0.00020469379590061355,0.0002976772128693804,0.0,0.0,0.0013751240069748425,0.0003442264153537779,0.013162317843148164,0.005088476482304969,0.00023642085713657785,0.020119152355984122,0.0029036209561946113,0.0,0.0007531933481009604,0.0016145277319793688,0.0002384006602905883,0.0006149058659759009,0.0004524234716457624,0.0008856743431872574,0.002212344646648192,0.00040537541714464557,0.0009846194823981442,0.0009243157560763625,7.920987815212504e-05,9.536218385731464e-05,0.0003295699780721902,0.0003102770012210053,0.00020269344814908768,0.050414414337690006
0.08141573391803436,0.050126910861223783,0.030149384109092302,0.0331391772898354,0.03255979630975471,0.0,0.0004785214297334654,0.04401998106620609,0.0,0.015659923379005538,0.018391997287621562,0.00019626252949508647,0.008594936407000927,0.035934959831452735,0.0,0.02154266263336698,0.00024081339415533976,0.017657882785137836,0.008550425095450205,0.0057094649921260385,0.008082001135101125,0.03476344946461037,0.0034724017651281483,0.010546358503416503,0.005049931832974827,0.0007843350856558161,0.006232991707800374,0.013331616402066515,0.0067777079032087005,0.026251571071793548,0.00912960127831932,0.03266226874801283,0.004374591493338866,0.0,0.004643936742794219,0.0037309406655805124,0.031411652162107555,0.009199506565147227,0.007400309445032402,0.0011822228870799624,0.0,0.0029138068230642284,0.002008075773113461,0.0010457235679104248,0.009789355055925918,0.00678061110144831,0.0,0.0011002161066514095,0.00417048997701364,0.005234338098148362,0.009517179561744093,0.008714863193016282,0.031189184379110894,0.005202714068640978,0.0,0.0,0.0010957670410476129,5.2429734209170683e-05,0.008238712312980734,0.0025223848563509883,0.005707503157893278,0.0002890807129350681,0.006683896277500987,0.0016556116416332292,0.0,0.0,0.01617215196868171,0.008494972514845092,0.0012272890408616115,0.0007441574764727576,0.0007445411416352127,0.0,0.00044188118697950337,0.0,0.007061638581543276,0.007985038005521744,0.004673269328822747,0.0007721089997601456,0.013412643144336676,0.0013614113280180575,0.0007672132037581409,0.0004715934828595334,0.0,0.008118834748612797,0.0,0.0035485564432620248,0.001772335065255531,0.0022250705044484552,0.0023657945351949474,0.003648641631620422,0.0,0.0,0.0019658301955204,4.318320602845447e-05,0.0009509622280949615,0.0011969000571993476,0.0011681498907086703,0.0,0.0009444227806524275,0.00248441475015878,0.003291983771832368,0.001495167089692845,0.0005304481802330944,1.4319132075813966e-05,0.0015163220703257446,0.0,0.001670964181097864,9.565842631358633e-05,0.00010305601142833,0.0012465299806024347,0.0,0.0013171550241540648,0.0007626221864390258,0.0014368343834953506,0.00526971659670827,1.3318191197733549e-05,0.0,0.002777450993786491,0.0007773132001467469,0.002835240284206923,0.0014400130251949468,0.0009127726021448535,0.0,0.001630404444928832,0.025658328924217058,0.0012080453543770711,0.006076475658594454,0.0011668283773713247,0.0,0.0,0.0011268505113914001,0.0,0.0010567105427802736,0.0008538123199427932,0.0001515714161006196,0.0013035755626939264,0.0007431411263624222,0.002039521154409461,0.0031118360581183866,0.0,0.002161262329454823,0.0,0.0,0.0004333262339319698,0.0,1.9713462062538075e-05,0.0006583200323209575,0.0,0.0,0.0019249116247521186,0.00047881467209274164,0.0,4.210054952477955e-05,0.007349369434745834,0.006532672434350375,0.0002576421710309246,0.009942014237473528,0.004313041141680987,0.0,0.0005186025732771667,0.0013893397786582187,0.0001904385813235141,0.0,0.0009894251001100827,0.0004916155415787284,0.004162227332432518,0.0,0.0,9.195614539169331e-05,0.0009251271257767525,0.00037896262734108267,1.0085768256149626e-05,0.00047930776752490046,0.00034925964292225486,0.05020529985056719
0.04755659948182005,0.0468205777042867,0.04397603602982315,0.0505287267042362,0.005670576427252858,0.0,0.0,0.0,0.007874066979249032,0.003938167594040466,0.03367931102193262,0.04249447526870631,0.041361480181105914,0.029168129778874723,0.0,0.0,0.03066009329057508,0.0232215799514613,0.021835670787596757,0.0005906725898704472,0.0014024276064782681,0.005984911169032034,0.013416971541934124,0.003351370460345457,0.0,0.010865049586711773,0.010165775509630154,0.003881208218764929,0.005715448279493271,0.002019469922282389,0.0,0.0010575343852460392,0.028878310554258955,0.0,0.003270657232112572,0.0,0.0,0.005299113673107401,0.010452446575476062,0.0,0.009778630305273428,0.0003229030644834081,0.0,0.0,0.0030084351477058817,0.004842208259523005,0.00039412805867819245,0.0,0.0017582948264485644,0.0039829395427911024,0.0,0.0,0.016403356990411278,0.0029675296638166032,0.0008621247576976537,0.002125145436084967,0.005149271625702237,0.0,0.011422670905252246,0.0018437772474764339,0.003378294051226456,0.0010456734433257299,0.03459817696568414,0.003601007302530953,0.0,0.0035980873233317444,0.011230662791723795,0.0008761328254202549,0.0037174620032665324,0.0037622275581938227,0.0054442894283120505,0.0,0.0,0.002655473920446225,0.0002291506325717813,0.0023103173536149434,0.002896239732353464,0.0030206501475939615,0.0,0.006581465277152645,0.0030706286666178266,0.0010902268032407334,0.09380787435231361,0.00990001704149233,0.006832776901440766,0.003044360642436746,0.0006957776047946521,0.0037799436438429946,0.0017630576254202032,0.0034783198228751527,0.0,0.001086039648177191,0.005500258959810876,0.0002198955732788206,0.0013498541942109298,0.0003084930350696883,0.0,0.0,0.002048688096516591,0.0011298401353932335,0.0023616261875086817,0.0010946103685651777,0.0037331476503894723,0.00038662255924995514,0.001327764533586291,0.00330839697421779,0.0008842330003713911,0.0,0.0012467573892864816,0.0,0.0018868302567819632,0.0016347363881688867,0.0003322897965758952,0.0005313075385610745,0.00016479200522938464,0.00043715988844388905,0.0006431684270779735,0.00018342320684491603,0.0014167033156499826,0.001015588406510731,0.0006699305239677476,0.0,0.0,0.0014139035203489764,0.0,0.00031774145078057885,0.005443244038195022,0.004837076816674089,0.0009340397852963292,0.0,0.0,0.0015065662049941132,0.0,0.0005859145862663178,0.009697002760302102,0.008131202577377204,0.00063995483152231,0.0012546695458698568,0.0,0.0007087711525785657,0.0,0.0,0.012210472261923165,0.00012171197202987051,0.01047473784134307,0.0007257953566092858,0.0012395629393736655,0.0,0.0012364620349544708,0.0,0.0008516422841292902,0.0034012035198882065,0.0,0.0,0.004735974085405594,0.0010536325545493007,0.0,0.0023821173922968855,0.00017829206370646876,0.0,0.0037707001733548484,0.0005036450614696834,0.0,0.002234808297971533,0.0,0.0,0.001216599622730925,0.007972610183109434,0.007519959459347671,0.0009484591556863432,0.0001481209100832821,0.0,0.0005729873743996162,0.0,0.04972169192771337
0.02119902625828972,0.05321513166277053,0.04555531794208193,0.026596248745876783,0.040445930803127604,0.014491167095752822,0.016804512318387813,0.009437767804625548,0.02344220118642587,0.04206026554668276,0.045371092173088136,0.03263872303848632,0.038608034102236045,0.015578861214812804,0.024846867701026964,0.022463414291897257,0.0,0.035255491040194833,0.0,0.02762121545936474,0.005491275827564207,0.002768415604646444,0.0,0.0,0.007364528768750221,0.0031074522883018066,0.0023519619233216948,0.008355846372759825,0.01585811055152387,0.017051322812403614,0.018361256156171596,0.0,0.006800872613093617,0.005994568878292323,0.0,0.0,0.009007367729009558,0.0,0.011683897059444424,0.005392431778295871,0.007346354623867343,0.021661886998332155,0.00465566928462731,0.004928075410370307,0.0,0.0,0.010757107153829127,0.014974243151840745,0.00989384030767654,0.0010240552365625517,0.008105307719901788,0.002582730717204373,0.020038598630614694,0.005815754478982294,0.005966199368813308,0.002052524337904777,0.003227217292865205,0.0,0.00088861782270137,0.008361810419750575,0.0,0.0,0.0,6.400292772431382e-05,0.002493158385795146,0.0007518358544806072,0.0125849255721053,0.0016859167362018228,0.00515140068585315,0.004594714055416248,0.0018109879884555219,0.0,0.009443972729956625,0.0,0.0,0.005885281871708701,0.0,0.0,0.0,0.0,0.0004674908288026866,0.007822860660275613,0.0041036747460426164,0.006679276051881532,0.0005993192115896819,0.0,0.00010992468897564185,0.0,0.0003942897266498242,0.0,0.0,0.0020406109316269527,0.005797516967149261,0.0003114850694468915,0.0032957199035235415,0.0008494481299711776,0.00030147644851180697,0.0003537732239484143,0.010905280065725442,0.0,0.0,0.0009238369427907706,0.0,0.0048421993445038995,0.000305108088158441,0.0,4.881799282039698e-05,0.003972687286747289,0.001065876794191865,0.0038878527888960126,0.000586390203058586,0.0,0.000361503205026061,0.0,0.003324284339812802,0.0015321566218262739,0.0012105510950720043,0.0,0.0,0.0,0.0,0.00015155653917512424,0.00025802125104087243,0.0,0.007305977706806962,0.0,1.5428593416723284e-05,0.0,0.0,0.0,0.0017247940387166475,0.0009430886405627917,0.0,0.0,0.0,0.0,6.004034264015648e-05,0.0,0.0023115529031375597,0.0007173768230565598,0.002096303556610072,0.0006466434649459936,0.0,0.0,0.0006023914070944256,0.0,0.0,0.000491730785480373,0.0,0.002025985335952757,0.0,0.00019181595460607894,0.0002490212032437275,0.0011219813043509925,0.0,0.0006545432463693786,0.003573075995230471,0.0,0.00018086440932288847,0.0,7.171271320940284e-05,0.0,0.0,0.000689669204452591,0.0,0.0,0.00027497385108247524,3.8007265896222416e-05,0.0,0.0010382976929950813,0.00046126534068646107,0.0013912777284887817,0.0,0.0003970068469181445,0.07225541798523533
0.024849026799073814,0.05649635943455064,0.0,0.057846802681919766,0.05453374561516712,0.019305365635493957,0.03500475119153036,0.005608097783420512,0.0,0.006207392435662588,0.004088404200008813,0.07813245301159731,0.0,0.007274393552680495,0.017330548494164346,0.02336912844830985,0.0,0.011678892093476844,0.0164477105721702,0.001988602899498041,0.013380805996508335,0.005098557898153494,0.012118113457615959,0.01518686767729994,0.008166042672682783,0.0019213662166153564,0.010202554016107385,0.00849474905513507,0.018015389598640796,0.009775763225407628,0.008754378475441893,0.010594041745160912,0.00706265343057003,0.002089494446383486,0.012346464581734216,0.005564116711454501,0.011028751376356791,0.011976684781037453,0.022847410629999836,0.0069661697718520505,0.0,0.006444447791426774,0.0025116979617480157,0.013749987285030525,0.0007136537635842278,0.010803877283327813,0.0023048820382031788,0.0032108806748860404,0.0009141078939521888,0.006428952236309005,0.0,0.00607890294300837,0.004242145245953254,0.007032466441002974,0.004809824886882127,0.001623433057664679,0.015945975901652674,0.0045589804432573005,0.007347104873872112,0.0022179304558565967,0.0024842633790032476,0.010702568900598949,0.0,0.0028082178744617235,0.0007338349240102708,0.007439671982129222,0.0023919747162571186,0.004098278402254688,0.0,0.0,0.006122137747708032,0.008692733386306982,0.0019983224791619595,0.0,0.0009307392903247624,0.009927385754684076,0.00134471367950044,0.0,0.00588542285297222,0.002544593031609828,0.001410858951708734,0.0025997749800612496,0.0,0.00023931881809615465,0.0021921777838889143,0.002238686924664631,0.0016123745255212046,0.0,0.0,0.0009447202516989488,0.00028792233527135026,7.089497409159222e-05,0.0014901441258497901,0.00017827338571751468,0.0014042769826345361,0.004829118788387345,0.0009855605914887934,0.0008916480794734733,0.00021859803942648594,0.0005586295375047316,0.0,0.002030767000046738,0.0,0.0013197178881930228,0.001348240655972854,0.0,0.0022633047959063233,0.0,0.0016090148660822944,0.003200985662063859,0.001325051222688835,0.0017204178350601175,8.426514505118491e-05,0.0,0.0,0.00048534738220502876,0.0,0.0012138858064395497,0.0,0.0,0.00017958039396244008,0.0017845656041016388,0.0001893124599721425,0.0008003318949581433,0.0,0.0,0.0,0.0,0.0,0.005118869020628571,0.002170452374648053,0.004500420313954056,0.0008157234492208205,0.00047906300437201274,0.0,0.0,0.00022683330473534833,3.299745789723999e-05,0.0036151796028195695,0.0,0.003003149918406773,0.0007229862665288467,0.0,0.000200989144271579,0.0,0.001158721442925107,0.0007143866600552995,0.0012027948097970375,0.0034525865701374244,0.0013407333446231906,0.0,0.0066451196004229,0.0,0.0,0.0,0.0,0.0017350439242998033,8.900199640361397e-05,0.0008242620807057899,0.00033041253755076874,0.0,0.00038808007522301,0.0,0.0007746455046759972,0.0004621100325690641,0.0009893932753271488,0.0,0.0,0.0,0.001969384124173289,0.0009729006854985392,0.0,0.0001665152280118385,0.00025498538412472123,0.123138330986319
0.0,0.0,0.04571426169816805,0.03849053914726156,0.03280753712570798,0.0,0.004015571553290941,0.061887476191538164,0.057431123288011,0.0,0.03643414427540376,0.010063356839353851,0.06972284294332139,0.03847963453167381,0.004516670213646859,0.02490819662914329,0.07327953425686033,0.010473904834833046,6.577654881331141e-05,0.017262755012579928,0.0008095383305953275,0.030682923718029192,0.0012101720590493319,0.0,0.0016353192247266033,0.005398451237461045,0.002762933871547026,0.00357706584846869,0.009272644372646811,0.00611025040500141,0.0,0.01578125671118811,0.0,0.0,0.02598557264921299,0.0003923713258663652,0.01528950475417884,0.0,0.005647391828799822,0.0,0.004241337141155852,0.0,0.0032127045987434015,0.00224664883976523,0.019161840023184842,0.003479646661951632,0.005540388748145084,0.0,0.003523904692328453,0.0,0.00210148268495325,0.0005669470209915147,0.0,0.0,0.003034381019584941,0.0,0.0,0.0005549554574261069,0.008210326887407823,0.0,0.0,0.0023732297869298253,0.008962660651965774,0.012571254393242548,0.0,0.0010625346534307778,0.0009937393127315921,0.00483243661500928,0.0128497710590132,0.0026502201145581802,0.008778905557712652,0.0058115802229926645,0.0,0.019939376079390017,0.017928361658616606,0.008400811885306518,0.0015212377701894636,0.00365761214462363,0.010096045272818061,0.0011666313767953913,0.00022020681375006077,0.0,0.009620630986691144,0.0,0.0,0.0,0.0,0.0027678784909350943,0.0007612839626820884,0.0024968928253047327,0.0020242526317979393,0.0,0.0,0.00043700477997899335,0.0,0.002234030944267251,0.0016950743618675548,0.003991293766658765,0.0060301326694802695,0.0008298054365791276,0.0023927495108918805,0.0009390826224478934,0.0020244488147655227,0.0,0.0,0.0016430517985342728,0.0005405385121336409,0.00407320005936229,0.001315862311778702,0.0,0.0004204437801050835,0.0015684125542060163,0.0003589391683552711,0.0025498269944785514,0.0012894145759535611,0.0004986801613973497,0.0016838705624411155,0.002658995018676444,0.0014730851517348778,0.0,0.0004170329110715317,0.0,0.003330502170690053,0.000676278498908228,0.00161740400405389,0.0008989417390404233,0.0015340746628666635,0.0008531450489217714,0.005213251050612555,0.0011257891248394366,0.002063740085380113,0.0018049483752137574,0.0021933521460301164,0.001241773111354651,0.002443211659159154,0.002245577630705727,0.0017437554614271613,0.0013291486540514105,0.003704728786092381,0.0016597656632524034,0.002904594146241546,0.0,0.0020051069838967423,9.788167968082392e-05,0.0018617547995661854,0.00015964925650506989,0.0,0.0008672014911653664,0.0005526423177698054,0.0013281708196133776,0.00036065081180306223,0.0030289275566411098,0.0,0.0008026694239050072,0.00030477774861534864,0.00024331363931088005,0.000984894714565963,0.0013639361875112646,0.0,0.0,0.00017892315011704355,0.00020603175204532529,0.003742010480832943,0.0014319367850404957,9.357242886717305e-05,0.0005178988725332846,7.198605740356035e-06,0.0010148816373323046,0.0015296308972471606,0.00017025532599316894,0.0005511117440776688,0.0,0.0,0.00018670168926672513,0.04928847124584473
0.0,0.0,0.04820105776265803,0.02911705816434989,0.035189734875516514,0.0,0.004069342379490746,0.05689693205510691,0.06364372651002012,0.0,0.03369912281053816,0.0,0.0630853596723908,0.03432000812406558,0.003317841709774651,0.025529071642679896,0.06534985615857114,0.009930259581748889,0.0,0.014808390219954918,0.0,0.03108047368951208,0.0011458337342226117,0.0,0.0,0.0053058911818942445,0.0025211192426762077,0.002952291919578079,0.006403079953219467,0.0048064206792123015,0.0,0.01696299710413883,3.693456898940749e-06,0.0,0.024323747011267476,0.00022020000748850207,0.019675767516398,0.0,0.009081253068339507,8.801057829883657e-05,0.0033534323080490714,0.0,0.002891337666411882,0.002460312743546399,0.021248149423188915,0.002812103086858358,0.004715018456259519,0.0,0.00287248208430955,0.0,0.0016051620262878508,0.00023631445670776048,0.0,0.0,0.0027816773786799222,0.0,0.0,0.0006868090767021504,0.007238730289760885,8.374068365260009e-05,0.0,0.0015993168766083345,0.010029247693935222,0.013905752537433501,0.0,0.0014348453575270524,0.0,0.007717504589057863,0.013485322564003959,0.0021604961630689633,0.007522607952814292,0.005267005077592222,0.0,0.01771751038015419,0.01930435878614518,0.012125920811467475,0.001907433687833912,0.0030234622808309186,0.010136574649924538,0.0009748766009654161,0.000208679428265934,0.0,0.012132753746131592,0.0,3.1670634437696795e-05,0.0,0.0,0.0032076950157549013,0.0006911394027492697,0.0030250877722365704,0.00219725500325776,0.00023101954305975375,0.0,0.00010504484564595684,0.0,0.0023013004406015874,0.002411378379743071,0.003792502930709346,0.0069220323181126454,0.0011943108485346638,0.003269114792638412,0.0013404017654892564,0.0016724633988465204,0.0,0.0008230490842967069,0.0019099884536257546,0.0014491617386261577,0.0035192757726095632,0.001543682753779021,0.0,0.0003689371007321161,0.0021060708652626873,0.00019509699071691434,0.0030728700485668343,0.000619747410441848,0.0006305121785169451,0.0018365091892976226,0.0028304645794630075,0.0015685548802430796,0.0,0.0007472994314454342,0.0,0.002951293496302859,0.000950529887854754,0.0009993066473526011,0.001058231745085734,0.0014130669050768897,0.0009013118363015608,0.0047154739327023585,0.0008461786981582941,0.0031450541995146786,0.0019965545884648604,0.002853270316476832,0.0018063116133513705,0.002548593416223753,0.0023986090819076407,0.0020857271045058535,0.0013238600115967633,0.005783420013167161,0.0016172851464708099,0.004560703746644942,0.0,0.0021520446321875598,0.00013728364360491164,0.002196857052386421,0.0,0.0,0.0007550955254214199,0.0001919585718556658,0.002362246222536365,0.0003523735777449286,0.0017939808494959405,0.0,0.0007911751895562855,0.0009205544354765387,0.00023995189020123737,0.0006946457045354521,0.0014709186189870078,0.0,0.00035715312531401337,0.00039205287496562837,0.00043935263586439386,0.004205499103060125,0.0020393683890648443,8.348604188372142e-05,0.0009022136284369832,0.0,0.001175881586078657,0.0016342280033207514,0.000804959311364975,0.0007524086675210465,0.0,0.0,0.0004379119847582636,0.06778049910358927
0.03726892099408319,0.0,0.02569497150137242,0.11503898492923025,0.040011229632478225,0.0,0.011435529533490961,0.004865901176494308,0.011502046257845355,0.0,0.013182678785740528,0.17638252144690733,0.015370574082079376,0.009728536551210502,0.014581110889147333,0.006268744174724436,0.0074868317455083775,0.012086049091135536,0.01818942192326757,0.0,0.0008682280190127564,0.0004494288443686532,0.0015006009455250725,0.002349463710501545,0.0,0.003362289093580189,0.0007382576045293428,0.0031919201865287343,0.014515563503541468,0.0,0.003916725749981856,0.0018789013086626598,0.04391362782045824,0.0,0.006539638038361558,0.0005223534269071223,0.0,0.0026446251176645034,0.013584876352993089,0.005401716396151,0.0,0.0016483284846477834,0.0,0.0058233576791794335,0.0016484174826781179,0.006307408774935748,0.005385040362195046,0.0,0.0,0.0015687523641797142,0.005084914344503662,0.0,0.0005749380364272072,0.003266859442363463,0.01958867899582206,0.0007778974841637527,0.03551365924631286,0.0016397783967965162,0.00539607208278133,0.002132292824137752,0.0020700466601810148,0.005231075563127768,0.004099633067196112,0.0025761591795223074,2.7052486928465294e-06,0.009684840087551116,0.003138166272912367,0.00042180044827160094,0.00816423902042828,0.0,0.006932045373924539,0.002636566872832263,0.003426829478802523,0.001343873844871446,0.0015238859238948489,0.003762761847620173,0.0017111267950748316,0.001410873445188914,0.0034654900438386566,0.0012545843852185957,0.0022217504160897228,0.0015215080848324893,0.010944324968848071,0.0052721635102104016,0.0010171622996903538,0.0002673294588957709,0.0007538719951045506,0.0015972489954694238,0.0,0.002685053986134585,0.001901855626844166,0.00085735546366964,0.0011613025680790327,0.002409707979216756,0.0009985381728285926,0.006906687884747607,0.0,0.0011002446511242788,0.0,0.0009484737543841223,0.0008085038395428247,0.008836537763571711,0.0,0.0025370863540887306,0.0008869135702077963,0.0,0.002728677368287954,0.0,0.009285855416446545,0.0,0.01556798919912013,0.0014796162411836616,0.0008633033118833217,0.002091650091383189,0.0,0.0,0.0006855000989616625,0.0006159171458682104,0.0,0.00022101607204467582,0.0007247579259683712,0.00015321380813120749,0.0004643586002218429,0.001209901321227971,0.0,0.00027447440907918955,0.0006822982435013141,0.0005349236701185566,0.00024887469730332354,0.0015074143388146258,0.0,0.002766898995935184,0.0,0.0001719690221421829,0.001530882693478643,0.0008888452982364897,0.002200574265103713,0.0004127729767790314,0.0009462602366221031,0.00013315201000171792,0.0008019558711094826,0.0007704497837537179,0.0012782729931944603,0.002282371525331362,0.0010813408642049807,0.006993354032181382,0.0004915647040276044,0.0009738845975439764,0.0014884538352664244,0.0,0.001237221474776636,0.0028483655959745625,8.330125968737984e-05,0.0,9.245696008007853e-05,0.0,0.0,0.0005629834936951517,0.000788949156449532,8.153856066340203e-06,0.00039612860773941233,0.00042037053911168204,0.0,0.0019686673673394166,0.0008835398274936472,0.0,0.0002889599593981032,0.0009021648510610038,0.0007026215714220854,0.0004960834276987632,0.005394512711751088,0.0,2.6276528345974996e-05,6.861983523999093e-06,0.0790206454265882
0.03830280516515482,0.0,0.01681887367510859,0.08085814060145075,0.066663208206715,0.0,0.0,0.0017313216907809128,0.0,0.0,0.012509522896009805,0.17959828412616177,0.01597177622062745,0.006271335548498913,0.028101747152883216,0.0056605752563122,0.014826187274659666,0.010025416200216504,0.013124004497425656,0.0,0.007215304889929321,0.004936132452790522,0.0,0.0,0.0,0.004393511374163998,0.004169466400015738,0.003503645835570493,0.009617224927767468,0.011664747525209117,0.004073945603928429,0.009679490464684203,0.039658092043946436,0.0,0.006524705750628051,0.0005857904234463616,0.0047657373215888145,0.0,0.012564270292804602,0.008269030446092764,0.0,0.0018264248354700142,0.0034694552696422844,0.0010811042340111922,0.007642387367102466,0.004039202733965431,0.007528704025859109,0.005987720579890706,0.0,0.0,0.0042808384463877405,0.0,0.006603771123121387,0.001433278972257166,0.022231974398507486,0.005117165349759204,0.037106170213819976,0.0,0.0015933535701746922,0.0034903050581712026,0.003345584802888738,0.0030868641813572226,0.0035069285382145297,0.005416892989795542,0.00013276345386516454,0.0,0.005890478968752857,0.003968475036131004,0.008302365376468956,0.0,0.003760636098104962,0.0,0.004466862412425121,0.0,0.004189114066239035,0.0,0.004853276888671522,0.0,0.0015630835952282205,0.0023194707138769655,0.004351008860737027,0.002759183981820157,0.0013515381825855433,0.0065560115549861235,0.002337216230066099,0.0,0.0022050533186610006,0.0009076877175703368,0.0,0.005329635176611874,0.0024885740926667297,0.0,0.002023924152318862,0.004450130629336655,0.003179593373091384,0.0068076601121563295,0.0,0.0024026208954750793,0.004219458421725128,0.00278668175152214,0.0050480186274112875,0.009891680612408815,0.0,0.003056504887520076,0.0026219113244463224,0.0,0.0048120818959159406,0.0,0.009576517921146305,0.0002990693152044884,0.014205205000810305,0.0009938565872053243,0.0003383617429717103,0.0012018063180016811,9.349913924471718e-05,0.0,0.0005547749314176192,0.00048550470832713777,0.0003731605280126099,0.0,0.0025327509462742953,0.0,0.0004857010854003637,0.0024087574456016546,0.0,0.0025826014686028713,0.00017637482864222046,0.0005377959912362,0.0,0.000886188214509134,0.00019399025669092858,0.0,0.0,0.0008162359104590854,0.0012892151745126695,0.0006611150876018982,0.0026445887787312342,0.0,0.0,8.657505792353271e-05,0.0,0.000547728957301379,0.00047596418519276363,0.002523722372879155,0.00046073318769244336,0.006044645241351572,0.0005836357737839724,0.0006698009088311965,0.0013606365720241493,0.0002787412278384083,0.0016293966991106502,0.0006688095313878348,2.3066888797795987e-05,0.00018224331835822236,0.0,0.0,1.6110181702956185e-05,0.0003353899706936146,0.0005684081996557687,0.0,0.00014990132150362673,0.0002601822458174199,6.867554185843302e-05,0.0008784775356402814,0.001086005672973569,0.0002785854125378349,0.0005657059141932951,0.00028480962173830154,0.0003626960056224389,0.0016725064980033703,0.005141052603002363,0.00021301792947622488,0.0,0.00039849490807945207,0.05894208577065915
0.0871834853390546,0.0,0.020154540524985224,0.146327178018406,0.0561524944633145,0.012781634665636235,0.004515835892401114,0.0,0.010619448197637825,0.0012496643109259741,0.005762442057509231,0.1650450200607273,0.007855116502616456,0.013200904615007877,0.014816819653880788,0.010461071247146665,0.003659436237855898,0.014394758685886223,0.024636209006897856,0.0007743004140031223,7.497799797647649e-05,0.0003372784808357783,0.0006247727426903208,0.0029058759477186983,0.0,0.005744218916609362,0.0005629879496177404,0.00224764575414505,0.01119502624343228,0.0024548068086108978,0.007447065895432013,0.0005395904858673935,0.04849010009943156,0.000964180411495369,0.0008708991344605424,0.0,0.0016680278700913584,0.00017838661964817828,0.009440431660745633,0.0038896510600906807,0.0,0.002050511641335913,0.0,0.0008163637359225281,0.0014716226000166728,0.004333328605489026,0.007274803857573874,0.0002951997300180444,0.0,0.0004230005188181225,0.007564074975838852,0.0,0.0029527991423293726,0.0024678882115724316,0.016991137381042205,0.0006951828656334384,0.041057567765660434,0.00020958661545225483,0.0027648401578199994,0.0013326116803119813,0.00010484650288304947,0.0021355824416395748,0.002300062787970831,0.0016816099062613274,0.0003583505562978181,0.001685217044521185,0.002874302664687909,0.000635251497757772,0.009591345630087312,0.0,0.005094506165758987,0.0,0.003184340389256238,0.0,0.0008411153733537414,0.00045697633462885907,2.8668274785890047e-05,0.0,0.0016280224638422294,0.0015542920189507107,0.0018323447161567496,0.0009321500185663533,0.001391790716682607,0.004497192256451289,0.000976665844473724,0.0,0.0007712050200613168,6.866861482959792e-05,0.0,0.0009699646363939326,0.0011787104920283414,0.0006173742405189277,0.0004232610254036986,0.0012984841086206749,0.0011227588587930516,0.005104462180539802,0.00047983689574559654,0.00039672107502933615,0.001269983939741941,0.0,0.0,0.008249220306840608,0.0,0.004138705718594326,0.0013140760466504521,0.0,0.0035067831783623772,0.0,0.00797847031446709,0.0006370511520926026,0.013670490274365845,0.0012474397861819608,0.0006973083690896747,0.0016099198756031761,0.0003401524010019569,0.00012423521645288051,0.0,0.0001922010104213264,0.0001980391213230059,0.0,0.0005822692366044366,0.00012227240727528247,0.00014111897929453452,0.0005200982605095258,0.0010369665847810051,0.00020203382429758126,0.00023384660067555214,0.0005279001017170617,0.0,0.0006003881748700762,0.0004462230833404074,0.00032047894365925086,0.0005114466784836246,0.0,0.0010520238078567867,0.00014327263473316783,0.0016711428955791707,0.0,0.0,0.0,0.0,0.0009355265293385163,0.00022664234142564713,0.0031392677413166698,0.00011460516593450388,0.008295067623645482,0.0006234953680779977,0.00034027698359890424,0.0011681568952898959,0.0007300557452268151,0.0010403102803589628,0.0004797188761874902,1.5045708972551747e-05,0.0005030276813429669,0.0002114773463436338,0.0,0.0004541549187734087,0.00030606504231618084,0.000733561674519282,4.506067327220882e-05,0.0001387927850190014,0.0,0.0010639655448806268,0.0013604428797930588,0.0013039626340784851,0.0002650083696569055,4.2088825658060064e-05,0.00010381092443855386,9.928645757437162e-05,0.0005591391303310876,0.007165615156080771,0.0,3.896055895153335e-06,0.0,0.06710403150518034
0.11118360974914096,0.02112521994872098,0.040703057554765554,0.10962406548321056,0.051129044516893395,0.013016846701669782,0.008050929210464526,0.0,0.017968888497772232,0.017687368155336534,0.006794377939995801,0.12177241437394941,0.0008815900432222313,0.021717373534469356,0.0,0.0059472220634852295,0.0,0.007658256460980611,0.029375180119729376,0.00806409359263553,7.154042543920117e-05,0.0026712567749219655,0.012320147091388947,0.0,0.0037059352817504438,0.007730224692765429,0.009372410279746122,0.0020946860777538226,0.011620052192650828,0.0032563193007273043,0.0021191166636426806,0.0,0.04869333248340704,0.0018217488123326102,0.0,0.0,0.0031008337634702153,0.0,0.00439287598418293,0.0,0.005678894538761366,0.0019175903782882354,0.003233146881417399,0.0021889721771849546,0.0,0.0014366414021481087,0.002690704562794231,0.0009390444778798042,0.003695099643050079,0.0,0.005181391833747751,0.003145109598186369,0.0,0.0058767261136577,0.014655613233173988,0.0,0.03686079974381093,0.0,0.0,0.0,0.0,0.0,0.0017226980621682661,0.0024234805068189843,0.0,0.0,0.0,0.0,0.005920631013109896,0.0040950111475249245,0.0,0.00015245778877530624,0.003868760159419009,0.002278770341892143,0.0,0.0025340213375338347,0.0,0.0006808535868451618,0.0009155187363648124,0.004146751523914417,0.00042347438195733877,0.0,0.0,0.0005464391567025945,0.0025237000850347486,0.0,0.0003798151634558568,0.0,0.002316669400474461,0.0,0.0013940840078023975,0.0006894141700736175,0.0,0.0010946902303109716,0.0008681109602523425,0.0034682625432742253,0.0004231227573964813,0.00045536887290294973,0.0028762311879103114,0.0,0.0,0.006718949060450895,0.003865832147535659,0.002794331737387937,0.000507758598209898,0.0019500673734097992,0.0013625958904440176,0.0004380694538020309,0.007623588019365399,0.0,0.012678580903247498,0.0005757210262317076,0.0,0.000865048993629076,0.00015305535954378822,0.0005617211908946831,0.0,3.662953900758629e-05,0.0007337470880769596,0.0003554176285780752,0.0005464709344804995,0.0,0.0032739077437581496,0.0,0.0009043639405494632,0.0,0.0,0.0009314977065641406,0.0012665704483978777,0.00029821285372487683,0.0012953738475114244,5.675649067407259e-05,0.0003092063733385051,0.00020231903215783877,0.0006793370069837809,0.0004901585899777453,0.001176879341379858,0.0,0.0013085327123386855,0.0007273326454618002,0.0009337070844249539,0.0008963134994117144,0.0,0.0019065149473405753,0.00028679237658774516,0.00580439331277478,0.0007552098204944764,0.0,0.0024444858832710285,0.001334228149280646,0.0013266875319253113,0.0,5.641972050021574e-05,0.0004921296610299629,0.00047720662554085,0.0008277330227879148,0.0010923500277417886,0.0,0.0003274810094717055,8.839856314343736e-05,7.275047441454788e-05,0.00013020692502464242,0.0005173059371462519,0.0014115073549320072,0.0012100412298449146,0.0008260977669846755,0.0,0.0,0.0,0.00015572849932446805,0.005794330526609505,0.00047594697352319764,0.0005378165564084113,0.00018448660582050851,0.07557760676048847
0.06238439533854857,0.04103041065855093,0.1147055493555462,0.10462884495129128,0.05361631739874634,0.010828048728022123,0.016194235289282977,0.05331589368538296,0.28127484678766573,1.923890050005581e-05,0.0,0.004762415485281464,0.0,0.016324496085806633,0.0,0.006514781837539518,0.0,0.004378361107150906,0.006296166030859614,0.002352079574275498,0.0,0.0018673708710033989,0.008493858524931983,0.0,0.0014052273480217247,0.003523337103412588,0.0,0.007886879641819082,0.020761181921724554,0.0,0.0,0.001823684685491048,0.0,0.0030978693615777565,0.0,0.001226265685370536,0.0,0.0,0.001117553895845904,0.001147278178026458,0.00026326455495178085,0.0014296395545378556,0.0005166819803576752,0.00042370675720349054,0.00018038156957768717,0.003620364003183482,0.0034918132281929653,1.0617753364136806e-05,0.0,0.0,0.0010032679347232443,0.0008369360750275013,0.0035928763612174774,0.0007832465613825701,0.0,0.0,0.0005968246512609741,0.0018002895347442082,0.0019596621737921166,6.47610812644762e-05,6.19596551997348e-05,0.00191998199666562,0.0004759662154261778,0.0014346749733834736,0.0009238653318412225,0.0018400228811636333,0.0026357600346143557,0.0,0.0002907455783336034,0.00033501419925396485,0.0,0.003834442329167722,0.0,0.0,0.00013171931185788292,0.0008805002579714319,0.0,0.0,0.005273856870683881,0.0,0.0,0.0024483294522634324,0.0023318445768560603,0.0006834046122944935,0.0,0.0,0.0006356352567357008,0.0009690286750332455,0.0,0.0,0.0004485747635502841,0.0007270885364572489,0.0,0.00031764438692688816,0.0018731076391528296,0.00025553686152555527,0.0009164274772472975,0.00047493625341773197,0.0,0.0,0.0,0.0,0.0,0.00234830102456603,0.0,0.0006723392771750532,0.0,1.3854461648576956e-05,0.0,0.0018426208960745166,0.00039637774063837984,0.0,0.0007110953896400153,0.0005194803177497984,0.00043530251669024494,5.25032427400553e-05,0.000356616430700786,0.0,0.0,0.0,0.0007626928791347724,0.0,0.0013459054192379648,0.0,0.004727975903110225,0.0,0.0,0.0003377508459260255,0.0,3.088959423552032e-05,0.0002639067782369015,0.0003619756637775053,0.0015732840107552807,0.0,0.00015948940190385158,8.724253646499954e-05,0.0,0.0,0.00017514720712253376,0.0,0.00021674738036534257,9.851599847952771e-05,0.0002470105256080425,6.071596807708058e-05,0.00032918190287284155,0.00018857016465988248,0.00013025890746942137,0.00021356295889593971,0.00014840920254743597,5.755112658588263e-05,0.0002307280363523218,0.0,3.522167820207112e-05,0.00038527881620421616,0.00044058513965505836,0.0,0.0007775397974814309,2.619461881376071e-05,9.603728354852395e-05,0.0,0.00019764686342955742,0.0,0.0011271583439717862,0.0001671397682048849,0.00463336412470732,0.0,0.0008352360916803707,0.00016178709855747933,0.00013140603220660455,0.0005157209619344579,0.0001437362339180813,0.0,0.003076492437767462,0.0,0.08448246066679323
0.0,0.06301188711127609,0.03880343905677336,0.05052416459660423,0.022826524338574596,0.05517091079690694,0.025932219810972254,0.026526631314024617,0.01786465909419064,0.03423348844745673,0.015589116829810106,0.009801436416784583,0.02551922089950672,0.016560447753278574,0.04474291045324476,0.022416651625525457,0.034116593214761036,0.018906893251517665,0.015308868948401616,0.010626890667575268,0.0009196019992790017,0.0,0.014635854630671893,0.02119409553347485,0.018773810282415287,0.009832045938750941,0.009391218592505768,0.005804760345384754,0.008377982559927662,0.0,0.014253599597452975,0.00449986580717832,0.002312025263343535,0.003579723309268619,0.0017793162233891216,0.008981018331139406,0.0030298061276940787,0.010900568263435596,0.005577132705972652,0.002845227601601434,0.0028156343136568093,0.006964224308889676,0.008661203842414218,0.007258324937494405,0.0026769733635597865,0.002475879772279638,0.009422357636282545,0.006939350834130027,0.002025630582113373,0.00735555673340923,0.007755624072436612,0.009715162121948341,0.002455643784552847,0.0058865784902591995,0.005230886912153352,0.012244726448718938,0.0,0.002146939374708165,0.005265693092050032,0.0,0.0036074784188887725,0.003552331312863403,0.0,0.001614838121292782,0.0007191559306273051,0.02706283932521221,0.00021774235413869,0.0007160891168086385,0.0,0.002314705802856468,0.003480980224737329,0.005889649804574182,0.0037896383124004195,0.0013333894855136132,0.003831577230116526,0.012275776799787834,0.00139970572571261,0.0049548312979470705,0.0006356238101498825,0.002972013388444273,0.001563716544569533,0.0016764260961551862,0.0011698770142975056,0.0,0.0014074969629807705,0.003686562896440119,0.00020814666482637603,0.0007708006626052077,0.00032982688557747005,4.887758535294218e-05,0.0010432132896962053,0.0011053236514358433,0.0,0.0064870101206271754,0.0,0.0005446485273754506,0.0022984737200958416,0.001603633751526049,0.0,0.000849903142141817,0.0010157655310439552,0.00014914491114862945,0.0014760303013403825,0.0,0.00550207233073679,0.0007103231577666604,0.001210622971185334,0.0016390629757419514,0.00011561720151022662,0.0,0.00018909636578442614,0.001171432429731505,0.0,0.0009861882692569427,0.003266418514043633,0.0009394388698203292,0.0024397241020974545,0.0,0.0,0.0,0.0,0.0014147529704919668,0.0010650740663611798,0.00032691100303768484,0.00695509247256044,0.0012484587534799237,0.00075692541292739,0.0,0.00012360316757019474,0.002393437485403942,0.0008130142203647768,0.006455147923930203,0.0006052668099341181,0.0,0.0,0.0,5.017092920270198e-05,0.0,0.003046593198488177,0.0,0.0030612158598590155,0.0003652279542493484,0.0,0.00024460260592738163,0.0002180758299388657,0.0,0.0,0.0005224640442803517,0.00030317906270329123,0.0,0.000520753965448575,0.00228089324473174,0.00016924939656843895,0.0016302077552838295,0.0007430526879182371,0.00011802016468027152,0.004013727464026324,0.0,4.429758941631243e-05,0.0003332269556599067,0.0,8.694300272783728e-05,0.0,0.0015049124010989181,0.0,0.0,0.0,0.0,0.0,0.0,7.454819680149088e-05,0.0,0.0002842419346784516,0.0,0.029786471200136673
0.1984382269026544,0.05069803123811876,0.03714884039536739,0.07519087477446697,0.011143901556437255,0.0,0.0643341398052794,0.0,0.12908015763363315,0.04427182227948264,0.0,0.0,0.03239243228831147,0.019338773403744566,0.0,0.0,0.03131527557848108,0.015176595243196067,0.007836547935148252,0.020304965964511104,0.0,0.006269120545479465,0.008735171933102198,0.0008486789599352947,0.0,0.003614194733525292,0.0022182479116692405,0.00046996749653716193,0.015599825441017996,0.002109223443991176,0.015136181438599884,0.002714543868401947,0.0,0.001023065925088273,0.00763574443123499,0.0053605766747597434,0.0048915569504502515,0.0,0.001594643275580906,0.0,0.009886745851218081,0.0007684718066191529,0.0015007616809688074,0.0040223258046193965,0.00284603754900768,0.0033901662205745153,0.0,0.0,0.00911735556679412,0.0,0.0,0.0,0.0,0.004372295337970438,0.0,0.0,0.0,0.0,0.007390047028989143,0.0019819018750894877,0.0,0.0005741333865354424,0.0004251773004615084,0.003096595872487141,0.0,0.0,0.0,0.001547752474089875,0.006988960290112653,0.007643132094088551,0.009892890649357671,0.004655730596932076,0.0,0.007430545201523168,0.002327209493986228,0.0,0.0,0.0061173785597913284,0.0038697264688221573,0.0026016341790677353,0.0010931868133167817,0.0,0.0,0.0,0.00027761406654659915,0.0017229370287293166,0.000448329708154363,0.0012010035695883112,0.0034197192155425863,0.0010778332157023594,8.835080757570133e-05,0.0008985083826317165,0.0,0.0,0.002242565797975671,0.0,0.00030830661456401236,0.0,0.00028551399120794454,0.0,0.0013811871198411237,0.00013222008464464124,0.0029825851034456126,0.00023589387716287368,0.0005427795657459515,0.0013170720765397618,0.0,0.0037559367750251626,0.0,0.00048815894254232873,0.00010178952641569293,0.001389856706639137,0.0011021749281393844,0.001246666544169108,0.0,0.0005633476682779346,0.0012440993762456109,0.0,0.0009686789737310149,0.0008627021025113886,0.0006328457570763913,0.0008620633864449148,0.0024333560775623027,0.00017801615355330906,0.0,0.0,0.0001637866805921885,0.0003284360575256519,0.0030404720547983787,0.0,0.0009271077464875441,0.0,0.0008131009321931021,0.0002644151225577352,0.00023762400577711953,0.00017693177166702392,0.0,0.0012343583947554478,0.0005906455297500294,0.0005888082323721457,0.0003792727445401739,0.0003908128430104235,0.0,0.0,0.0,0.0004721809831286353,0.0009249514816687284,0.0,0.0004134687102357626,0.0008215818140838444,0.0008238085808136821,0.001457273719637458,0.0,3.5638423077327024e-05,0.0,0.0012869680534776517,0.0,0.0003733463607350408,0.0,0.000988053230883284,0.0,0.0005834445700181779,0.0021782084897972384,0.00012673333689061368,0.0007420883705567038,0.0005490835302497602,0.00025498432018164556,0.0,0.0,0.0,0.00027846497188267197,0.0013575278698087134,0.0001379720201616295,0.00010460625840995765,0.02413023951371283
0.1083758518990395,0.028905457292339294,0.0,0.08458968483002675,0.013480118286152204,0.0,0.037203776091688276,0.0,0.17045258714229725,0.0,0.0,0.009147183270044528,0.04708365477244869,0.0043951206419350275,0.01046118246732858,0.00622775422909866,0.038144122137926,0.034814608797419044,0.0,0.0055710744754772544,0.007388497514525859,0.009395064425235168,0.0,0.0075795330651029875,0.0,0.0034239906713213262,0.0,0.0,0.01977099365615829,0.009543217987276899,0.023124520235999965,0.011940322832018345,0.0,0.0,0.01518970382767529,0.0076681625838605025,0.006181453817892281,0.0,0.008706196631811294,0.0,0.0,0.0005249800898045048,0.0012948487400513775,0.0,0.009612655119184412,0.0034920319051645362,0.0,0.0005980073661826091,0.0032608020755928793,0.0,0.0,0.0039814101679306714,0.004143582549868305,0.0,0.0014445777179160214,0.001352451395494329,0.0,0.0,0.010968967410698409,0.010704365819765754,0.005605297049877295,0.002883301302727348,0.003199115601843162,0.0037371341170238403,0.0,0.0,0.003992379292946163,0.00656969510454315,0.015858588681866178,0.0012948968853657465,0.016621773456128777,0.0042533479669845204,0.00038041077258871525,0.004733417222599111,0.009929570544833668,0.0,0.00572857265324002,0.0,0.005812879839485668,0.0014861590455078795,0.0026811470290025543,0.00022414688476718597,0.0005994367658004557,0.003672669542749166,0.0,0.0002634309328729915,0.0007715267664456704,0.002830843980224817,0.0,0.006403269500216681,0.0008575436907807957,0.0012637523452105927,0.0032069395841558823,0.00021162783882173027,0.0026807618664876037,0.0009622592227789495,0.0025064079825590823,1.1487134885844329e-05,0.006283762084171994,0.003144044104656282,0.0035151511376333177,0.0016519822539753524,0.0,0.0,0.0019755592212398546,0.0,0.0013073486121517237,0.0010554278859891864,0.000728309551673246,0.0034528534185576313,0.0021205071692211616,0.00294560702846363,0.0014287531853542956,0.002094554211006446,0.0,0.0007668395514473346,0.0014836656028372433,0.0005632940677687176,0.0003912168145699769,0.0,0.0008691382834798921,0.0015986033226979893,0.0,0.0025832835128611767,0.0,0.0011871793823983608,0.0008402516216125986,3.953638960305253e-05,0.001714000266684192,0.0,0.00017876976794839588,0.0,0.0013445384971086823,0.0005342021825482722,0.0007373556559101139,0.0005650756551019579,0.001018321438863694,0.0008578517365121182,0.0,0.000664318002478475,0.0,0.00046835282471841016,0.0007403858082176251,0.00038439129443872306,2.429073333482329e-05,0.00045155732653331433,0.00023158939184286185,0.0,0.0,0.00014231639041540278,0.0008953307040568844,0.00398381048049649,0.0,0.0,0.0,0.0,0.0,0.0006010010144388537,0.0,0.0013482934102262594,0.0,0.0007738958951754856,0.002097873182524771,0.0,0.00018714387895579827,0.00021124836524983437,0.0009273094118251063,0.0003424460325175716,0.0005119568876185418,0.0009286337766980389,0.0,0.0010937262720353978,0.0,0.00013336549696160022,0.032503475260117494
0.09474561813772499,0.01980691245578303,0.11282139762331105,0.04164713516019999,0.012847771762697259,0.0,0.01626650586339223,0.009655832518567968,0.04088881510845052,0.06146745901569558,0.04701510310452173,0.0,0.04939220357275684,0.04255077223411316,0.0,0.03686167378492489,0.04011495287385659,0.006161732409597277,0.0,0.034161535850448906,0.003616694000235114,0.02015075340831592,0.0,0.014170365863123115,0.0,0.0,0.00011070662446172566,0.0014927253082587977,0.025995315466010305,0.007501798036417708,0.038773657719514666,0.0026584653075097464,0.015032609341194467,0.0,0.00962691623963719,0.0018393119942024688,0.003465251722639704,0.007985677547998692,0.007088575323333533,0.0,0.0,0.018144807607760403,0.0,0.0028668336648486237,0.0,0.0010032398077236399,0.0,0.0,0.010228269346742314,0.004128510943593845,0.0009486312157615013,0.0,0.0,0.009896219324397305,0.0,0.002194908065442036,0.0,7.265272901978682e-05,0.0018830199070173897,0.0037579408237377295,0.004308395744066547,0.0014151507387904236,0.0,0.0,0.0,0.002257773628558431,0.0,0.002738686009706789,0.0015182460246093677,0.0037688733974853986,0.0061390719487901015,0.0005329063619460171,0.0003885433800238722,0.0030754683700789888,0.0015181604127871037,0.0014091258301133635,0.0029484517608853213,0.006885427981525839,0.0021208129917129523,0.002658161842510131,0.0008495314280920727,0.0010874779239506249,0.0,0.0,0.0,0.003403047552816878,0.0001833101593243837,0.0004203112414049392,0.001003248294298614,0.002928462985790801,0.0,0.00029687904439941486,0.0,0.0017941290960052747,0.002219317506766356,0.00016153649897244536,0.000832910144599001,0.0006382021886779681,0.0,0.0008524076309356925,0.002824846568313022,0.0003219708156775414,9.867387351661872e-05,0.00025129256759563333,0.002192201314320697,0.0,0.0,0.008151122114746608,0.00033627239648647547,0.0,0.0,0.0007438678808642753,0.0,0.00044406749623346754,0.0,0.0,0.003063546317644805,0.0,0.0,0.001656384709972099,0.0,0.001455121014772343,0.0,0.0013703123395817298,0.0,0.0010298251695676362,0.0,0.0,0.0011257291555754729,0.0005064418638510992,0.00028995138796689157,0.0013494767721711348,0.0,0.0,0.0,0.0,6.899865230960524e-05,0.0,0.0008409784526634531,0.0,0.000635011423005921,0.0,0.0,0.00020927180453733277,0.0,0.0,0.00013673184904267963,0.0,0.0,0.0,0.0007989252354503074,0.0026848337487670477,0.0001855989699430257,0.0,0.0,0.0,0.0,0.0,0.0,0.0001923387093582703,0.0,0.00044726031360495895,0.0013130299169484255,0.0004470884371469715,0.0,0.0002716456592301034,0.0,0.0,0.0,0.0,0.0,2.9584666654270236e-05,0.0,0.0,0.023134291467915225
0.09077634545887074,0.027652857004273064,0.10895309287751354,0.02152613333843529,0.041736398251579473,0.0,0.016748685429238477,0.009418589516910535,0.04679430014213417,0.07810230361649773,0.043021971953737276,0.0,0.033707242458001205,0.035051247398378026,0.04382714982729352,0.03393343197260944,0.015263848268807275,0.007093993272619771,0.0,0.036335008737845634,0.00014573391290822126,0.005740565708972015,0.0,0.0,0.0,0.00030135289254903757,0.0,0.005396236750452281,0.02194619411663409,0.010313175066225507,0.034715880490225386,0.0,0.01564511284640951,0.0,0.0,0.0,0.0021505138197436156,0.0,0.002784293311388164,0.019997086167389853,0.0,0.03027955581912015,0.0008797447513914432,0.00144811769469707,0.0,0.00031257514832498396,0.0042906676589074925,0.010364699373605025,0.011092760383334562,0.0,0.004648020272346129,0.0,0.0,0.002864710670572699,0.005132922066902199,0.0046423088357949276,0.0006983299480200641,0.0,0.0012110224123044562,0.002937008977448786,0.0,0.0,0.0,0.0032299379167643172,0.005480431389399608,0.0,0.0,0.0,0.002049875730498439,0.0031917639884033546,0.003883061054690538,0.0,0.005383521114054809,0.0,0.0,0.0,0.0,0.002158890801191803,0.0,0.0,0.002425318092958435,0.001178553269622438,0.0005333517362345182,0.0,0.00048680113818500546,0.0,0.001090942576411808,0.0,0.0008579127436065226,0.0,0.0043952355822978705,0.0002971476707244209,0.0,0.0035998906076949496,0.0016191242986648433,0.0,0.0,0.0,0.0024210769148556755,0.00039440379142661493,0.0,0.0014586584958663114,0.0,0.0018801263492271075,0.0021386403500457604,0.0,0.0038565581601030905,0.010033714558911104,0.0,0.0005358055963379303,0.0,0.0,0.0,0.0,0.0013654382075859236,0.0,0.0018124718060651217,0.0,0.0,0.0015105823751806792,0.00015237532845681587,0.00023902278830876538,0.0002248484805293621,0.0,0.0028445090617697983,0.0005094387328721262,0.0,0.0,0.0,0.001799493460213475,0.0007363974624249051,0.0,0.0,0.0,7.108841968454106e-05,0.0,0.0,7.631543371966891e-05,0.0,0.0,0.0,0.0,0.0,0.0,0.0,4.849101601063311e-05,0.0,0.0,0.0,0.0006562554909197857,0.0,0.0001628348642806599,0.0003242593279631955,0.00042350468298968185,0.0008754218922637705,0.0,0.0019088959442158434,0.00025065004583324106,0.0004518953860994934,0.0,0.0002933199378603617,0.0,0.0029473286371154627,4.944424708095765e-05,9.423559848844472e-05,0.00016449456866856463,0.0,0.0,0.0,0.0,0.00017198573706794483,0.0005261850576573928,0.0,4.724732887843431e-05,0.02479963613120486
0.08368760153123843,0.040667731588393985,0.036911992366171584,0.05695367940367031,0.02148703967143222,0.0,0.01755277177503215,0.005190229049234722,0.018215219304244298,0.0,0.039233791232503264,0.15961170267401287,0.06123516481444124,0.008310064578716888,0.05889947763341056,0.013074095769649298,0.05207179369134975,0.04835583505285998,0.0,0.0,0.012121307217438933,0.0,0.0,0.0,0.00032617562428699845,0.0,0.0,0.0021317853614137767,0.0058637435780013744,0.0053145843727074584,0.0017464547694902137,8.319563555707122e-05,0.0,0.0,0.003300448335163483,0.0022699608683820582,0.0,0.0,0.019405157502376393,0.009106022737719752,0.0009395920003499066,0.0,0.0005510003556029783,0.002016661112588519,0.0,0.0,0.003865559085051908,0.011221365969678805,0.0,0.0,0.0,0.0,0.034619700139265214,0.0,0.011276257612186437,0.008155474677120064,0.00639112813106463,0.0,0.004505500807702602,0.003262712089488247,0.0,0.0,0.007252374874807243,2.7294686548826065e-06,0.000657541982075505,0.0,0.029103682145494025,0.0,0.0017355143854465357,0.0,0.006416049279227905,0.0012425378989167114,0.002138926476224563,0.0037775066392810165,0.0,0.0,0.0,0.0,0.0,0.0,0.00117975991887741,0.0,0.014398233546732626,0.018642928911550515,0.0,0.0,0.0,0.0,0.0,0.0,0.00010876875311261813,0.0,0.009824112759516447,0.002994803717422997,0.0,0.0004621967582896655,0.0,0.0,0.0019085117705939594,0.0,0.00034779914181266885,0.00020669082770842227,0.0,0.0009594760619291807,0.0022684985597204777,0.0,0.00041128611846836524,0.0,0.0,0.0019140474811182276,0.003054216136598248,0.0,0.00026257826101332886,0.0,0.0004747494803264069,0.00026719651152658615,0.0,0.0,0.0,0.0,0.0,0.0,0.0,0.0,3.771775579111469e-05,0.0004645346232574824,0.0008545149185950088,0.00033557235422781285,0.0008800440221872673,0.0,0.0,0.0,0.0,0.0,0.0007850545035061763,0.0008983971414590111,0.0,7.009293995622655e-05,0.0,0.00019159740466528498,0.0,0.0,0.0018146237566128351,0.0,0.0009902148913495715,0.0,0.0,0.0,0.000706974184830869,0.0,0.0,0.0,1.0699211642097816e-05,0.0,0.0007489137640001437,1.4761685380338846e-05,0.0,0.0001377709402646312,0.00017932471895775327,0.0,0.0005111626441577243,0.0,0.0,0.0,0.0,0.0,0.0009941578591384046,0.0009845447272114225,0.0008291173042058617,0.0034237244121391483,0.0,0.0,0.0021917882510188963,0.0,0.0
0.07130478973229792,0.03237092334283083,0.030086719811563953,0.0566016333893526,0.022217211228827527,0.0,0.010932695823704803,0.0012789845084105306,0.019872929322291715,0.0,0.03560579928367483,0.16707395703939193,0.06156825995731273,0.007577008799093455,0.059842231538438755,0.013735434382969551,0.051126702165136956,0.05231433622174662,0.0,0.0,0.012446939991060156,0.0,0.0,0.0,0.0,0.0,0.0,8.620820251486596e-05,0.005987540366716096,0.006499248197268093,0.0014259621053861304,0.00145308004797769,0.0,0.0,0.004388084531920562,0.0018983662397658529,0.0,0.0,0.0214989762652036,0.008947267580803872,0.0013184126962909888,0.0,0.0007506342815006505,0.0010441618734976558,0.0,0.0,0.0038668499784115878,0.010737720558897526,0.0,0.0,0.0,0.0,0.03763122364522801,0.0,0.011641001922074467,0.00868026353862103,0.0060485745817026116,0.0,0.003798702696130779,0.004602241543275024,0.0004272619575164206,0.0,0.007875748804785261,0.0006688211775529481,0.0003236206057565083,0.0,0.03136733975210872,0.0,0.003112563739667824,0.0,0.006451108195921424,0.0004284451299185096,0.002412248966520877,0.0034654161411832637,0.0,0.0,0.0005489410752554864,0.0,0.0,0.0,0.0012005815952001945,1.5332727550216164e-05,0.01760935011781693,0.020134141392763077,0.0,0.0,0.0,0.0,0.0,0.0,0.00039451632816484006,0.00014724181609216267,0.011039551006092316,0.003161005648442069,0.0,0.00068980785339905,0.0,0.0,0.0031457152200068715,0.0,0.0011733874741076532,0.0005971497374879096,0.0,0.0006144261193967252,0.0026490532448079722,0.0,0.0008162091862025868,0.0,0.00010401051678506425,0.002084040911482226,0.003423963008464869,0.0,0.0,0.0,0.0005307861347136387,0.0002670838291391336,0.0,0.0,0.0,0.0,0.0,0.0,0.0,0.0,0.0,0.0007824967414151922,0.001187934260044452,0.0003864038691020755,0.0008544769048789459,0.0,0.0,0.0,0.0,0.0,0.0009231300725471949,0.0011282118187978675,0.0,6.816973489162449e-05,0.0,0.00032259911219926596,0.0,0.0,0.002193922184586365,0.0,0.0011938186483058072,0.0,0.0,0.0,0.0006154743756641808,0.0,0.0,0.0,0.0,0.0,0.0007245497604158292,6.033600394281358e-05,0.0,0.00022680126428796155,0.00012686013286092939,0.0,0.0006055767836892675,0.0,0.0,7.209954319358159e-05,0.0,0.0,0.0011918012210830992,0.001266055613505765,0.0010197250132011723,0.003794034958717997,0.0,0.0,0.0020781306626244853,0.0,0.004037444514449422
0.09295167721878934,0.032760636887197006,0.026006398711387442,0.049439209714778276,0.0,0.0,0.0,0.0,0.03499695028433959,0.0,0.005121187456909774,0.12753702952204396,0.024273374925085706,0.0,0.030319461542915302,0.001117540889108477,0.013920007686658343,0.03786333539809219,0.0,0.0,0.00036997619258727685,0.0,0.0,0.0,0.0,0.0,0.0,0.0,0.0034679693113329425,0.005174430982867012,0.0,0.0,0.0,0.0026669818109914113,0.0,0.0,0.015064792146352375,0.0,0.01277078460031673,0.0036017695789507934,0.0025656601608535215,0.0,0.0,0.0,0.0,0.0,0.0,0.0036222349134523817,0.0,0.0,0.0,0.0,0.02895515833769874,0.0,0.005016393881018045,0.002377714313049078,0.0003802823371035209,0.0,0.0022018493939594532,0.0019097617685908082,0.0,0.0,0.014601450175339745,0.0,0.0010469753893978953,0.04621141908992307,0.026083633480897175,0.004240285349558523,0.001173093700551281,0.0005853613004291368,0.005180185202457885,0.00044777545410459114,0.000581626372717219,0.0005155071639494802,0.0,0.02452533963152578,0.0,0.0,0.0,0.0,0.0,0.0,0.018239987044815123,0.01739836078515084,0.0,0.0,0.0,0.0,0.0,0.0,0.0,0.0003207467579661311,0.009959537759602318,0.0004807502513952316,0.0,0.0,0.0007962338045126231,0.0,0.00047000807512460625,0.0,0.0,0.0,0.0,0.00035555011448351836,0.0,0.0,0.0,0.0,0.0,0.0020736603901643207,0.002657826976915662,0.0,0.00018899335702866803,0.0,6.633414226531307e-05,0.0020975863205919694,0.0,0.0,0.0,0.0,0.0,0.0,0.0,0.0,0.0,0.0,0.001273120001482278,0.002221332032516318,6.043321806621264e-05,0.0,0.013234681066430078,0.011125765584519458,0.0,0.0,0.0012332772458685673,0.0013091910907513462,0.0,0.0012417121360349997,0.0005643085643417358,2.451441501170489e-05,0.005225238595851742,0.0,0.0024041096460872295,0.0,0.0015517818642402355,0.0001754936381340768,0.0,0.0,0.0005139405653363468,0.0131557748140927,0.0,0.0020273387225196605,0.0,0.0,0.0014368879134985448,0.00014772739593465312,0.0,0.0004391503727850725,0.0002511003697072404,0.0,0.0006374539324836665,0.0,0.0,0.002246065379788343,0.0,0.0004436409000407882,0.0012153181359177635,0.0014920398489761057,0.0012356010268690855,0.0020012507943675747,0.003484413223433405,0.0,0.00206146649640194,0.0,0.17881507295121352
0.027482724615249005,0.031174294096627402,0.018527819711252804,0.05078597179370036,0.01494752433274012,0.0,0.03273136933516021,0.016656052324631666,0.005530963454913613,0.008693008041327015,0.10574285724963481,0.01383342929693655,0.11202317846209053,0.0420894019257256,0.016361448585682167,0.030024439713764124,0.11686644919940882,0.0076189707298031165,0.0009867569848236006,0.006420833349883212,0.02064075794046118,0.0,0.0019447303244931697,0.008706165179782503,0.0,0.0076802510045256124,0.0,0.006543056313649271,0.006380732110488887,0.0014969052863147026,0.01131759790472427,0.0,0.0011482525685902374,0.0,0.0395302404726118,0.005303456816381022,0.0075905127609282195,0.004419366644744918,0.0038465501654008326,0.000756156364382505,0.0019035205948098085,0.0035874254445619146,0.0,0.01001915818553092,0.0,0.0,0.002187895533492995,0.0,0.0016267057202166933,0.0,0.0,0.0,0.001322099116056699,0.0015538083985570203,0.002191121148623323,0.0020765302779134315,0.0032447320072756156,0.005647204693603421,0.0011525101790185815,0.0011292694433635705,0.0,0.0003427687871427229,0.0010773126254956984,0.008890704994107459,0.0,0.0,0.0011716101079740518,0.0024204865696323226,0.0018261323988045632,0.0016085926682561523,0.0,0.005034335070518046,0.0032393239946320175,0.03502324721246471,0.0003738278147392287,0.004300339980663528,0.00036815894043463614,0.0013817567350565044,0.0,0.00028843386825910534,0.0007570730446266926,0.0,0.002485082238037482,0.0011328515388936682,8.902012969217144e-05,0.0008906831695597583,0.0,0.0015001421237640727,0.000713001795357837,0.0008657125935838606,0.0014398189525370068,0.00012269979781187943,0.0002709091578256817,0.0011772221836026772,0.0,0.00042899138164495776,0.0014336046506242862,0.0029752035096041016,0.0007788374155036664,0.0,0.00027250584762140544,0.0,0.0006126294883605694,1.4994335144759984e-05,0.0012180837923688205,0.0006659012070284268,0.0,0.0003213796196161652,0.0014783695651747366,3.951630464263095e-06,0.001707479964709182,0.0008328364664102443,0.0,0.0018683745818397792,0.0001502260851793799,0.0014689620554407578,0.0004686990669069639,0.0019829691169803783,0.0002573602974532289,0.00028974046683326906,0.0,0.000791548409520509,0.0005468904030611921,0.0,8.7575313372257e-05,0.0,0.0003523744051618291,0.0003227244943142039,0.01014660525332444,3.0447525722182027e-05,0.0017298084861449303,5.28530002027891e-05,0.0,0.00041596690703242956,0.0003569727503892464,0.0003632874806060461,0.0002594524583603254,0.0030749612228636357,0.0032498580877816513,0.003994196491362092,0.0023962523152017247,0.00039223133009007354,0.0005448797757373388,0.0,0.0004547169162317073,8.033129211653001e-05,0.0002843380939775566,0.0009695101126715585,0.0012023543380700866,0.0016502385797071725,0.0,0.0007362100091903185,0.0,0.00018105631488358253,0.0,0.0002462104940596306,0.000402997599279069,0.0,0.00011350044491910885,0.00031674709212105393,3.684859908752857e-05,0.0005784884455120879,0.0028223323925346223,0.0007302897778418794,0.0,0.0005172341653449235,0.00028362410255688086,0.00027982577698667225,0.00022630207145094038,0.0,0.0004716730387097964,0.00033251519471240676,0.0006141882455727969,7.826170467515934e-05,0.03581476424529729
0.06604732255637256,0.022446085624414962,0.10724720416081997,0.01628500029900037,0.026327869516702632,0.002435666689242005,0.015239564368314645,0.09532413496952659,0.006392751975024002,0.019032112827465416,0.010692859439100815,0.0,0.0,0.029011706241210893,0.0,0.04221265298115325,0.0008878240257117058,0.008187022805698128,0.003465200830615665,0.026002842719213184,0.015936374990866822,0.0557643761096132,0.0017668527038093766,0.015278189660193718,0.0,0.0022941924138325945,0.0027680276206502683,0.0066169876196703675,0.006654692636629249,0.012484349074934972,0.014007810111435566,0.01554486206490805,0.016025996097506923,0.0009033057387198178,0.0,0.000413009244409381,0.014781127130845352,0.01285915129309551,0.005509322454440297,0.0007191857401779885,0.0005268659925101923,0.0,0.0012768696823873967,0.005547922396887234,0.015966473820179867,0.0043654152966202875,0.004541432247329719,0.00046114442102079866,0.0073468733664693135,0.0066636658829366605,0.0018944499757985165,0.0045365565556595815,0.01053525387148483,0.005863840147539974,0.0016860165334093998,0.001290001819904482,0.0,0.001090863244742992,0.003483060863560171,0.0014002885984243313,0.0015480182988815215,0.0009893183989623216,0.01521216706419772,0.004839370913240603,0.0003620479456162173,0.003087296475697588,0.008770745990147955,0.0003950799531949341,0.0053226668902658595,0.0021171673705273598,0.001762875558974744,0.0022892187194471485,0.0013810802925581368,0.0,0.011761674788910045,0.006433665505821703,0.0007318711505372455,0.00402175440316935,0.013179062937314828,0.0008726254568071749,0.0012570062521344595,0.0005967376281748547,0.0,0.005339057561483389,0.0007603302450425997,0.005751295458886372,0.0008535031579428675,0.003254998133664044,0.0032908741438275307,0.00022542616261985612,0.0014637284946873459,0.00042538610464936804,0.007761016545298312,0.0010828897166654098,0.0008246668208838413,0.0012407076989426355,0.0,0.0032275603157225453,0.0061605439339711306,0.00030051434928318765,0.00011177153097347963,0.0006299234298529985,0.004033966492100459,0.0004617864180230429,0.0006178543841460812,0.0036364713264920054,0.0004140179594242768,0.006219050423339058,0.0010492879126991908,0.0017255806596143354,0.0,0.002460390080937103,0.001516565990959834,0.0018749730112185327,0.0009135482673077114,0.00015871969779174735,0.00036841874453034387,0.0038115098343878633,0.004315237906382482,0.0015177998519355909,0.00155796082146678,0.0012871563461473114,0.003744414414210431,0.0002477814194182571,0.0025915086606508745,0.00017747318505190984,0.005370408471676536,0.0015403892514799188,0.0,0.0,0.00041498197343161285,0.0006665551699620144,0.005395087501865397,0.002431723720873912,0.0019827766770602146,0.0024701217732006307,0.00174509474300566,0.0,0.00012527915695406675,0.0,0.0002179555491690981,1.68360686618416e-05,0.0010724174588487914,0.00037125352399583245,0.001309506397258756,0.00043133173473969207,0.0007014773511578622,0.0003612540783553777,0.0,3.526287077371774e-06,0.00016855889880763346,0.0004601846507800031,0.0,0.002758186156292227,0.0,0.0,0.0012105281814817695,0.0016733490600367206,2.813074014222861e-05,0.0024434086774171387,0.0,0.000816913629165041,0.0,0.00020486030412913812,0.0010223422585092807,0.0010641203860101628,0.000957656505557088,0.0003852422233514487,0.0007801757383089592,0.0008999959969031184,0.0001453305577729705,0.00037821997798158114,0.0,0.001110471709502177,0.006484598399670823
0.06604732255637256,0.022446085624414962,0.10724720416081997,0.01628500029900037,0.026327869516702632,0.002435666689242005,0.015239564368314645,0.09532413496952659,0.006392751975024002,0.019032112827465416,0.010692859439100815,0.0,0.0,0.029011706241210893,0.0,0.04221265298115325,0.0008878240257117058,0.008187022805698128,0.003465200830615665,0.026002842719213184,0.015936374990866822,0.0557643761096132,0.0017668527038093766,0.015278189660193718,0.0,0.0022941924138325945,0.0027680276206502683,0.0066169876196703675,0.006654692636629249,0.012484349074934972,0.014007810111435566,0.01554486206490805,0.016025996097506923,0.0009033057387198178,0.0,0.000413009244409381,0.014781127130845352,0.01285915129309551,0.005509322454440297,0.0007191857401779885,0.0005268659925101923,0.0,0.0012768696823873967,0.005547922396887234,0.015966473820179867,0.0043654152966202875,0.004541432247329719,0.00046114442102079866,0.0073468733664693135,0.0066636658829366605,0.0018944499757985165,0.0045365565556595815,0.01053525387148483,0.005863840147539974,0.0016860165334093998,0.001290001819904482,0.0,0.001090863244742992,0.003483060863560171,0.0014002885984243313,0.0015480182988815215,0.0009893183989623216,0.01521216706419772,0.004839370913240603,0.0003620479456162173,0.003087296475697588,0.008770745990147955,0.0003950799531949341,0.0053226668902658595,0.0021171673705273598,0.001762875558974744,0.0022892187194471485,0.0013810802925581368,0.0,0.011761674788910045,0.006433665505821703,0.0007318711505372455,0.00402175440316935,0.013179062937314828,0.0008726254568071749,0.0012570062521344595,0.0005967376281748547,0.0,0.005339057561483389,0.0007603302450425997,0.005751295458886372,0.0008535031579428675,0.003254998133664044,0.0032908741438275307,0.00022542616261985612,0.0014637284946873459,0.00042538610464936804,0.007761016545298312,0.0010828897166654098,0.0008246668208838413,0.0012407076989426355,0.0,0.0032275603157225453,0.0061605439339711306,0.00030051434928318765,0.00011177153097347963,0.0006299234298529985,0.004033966492100459,0.0004617864180230429,0.0006178543841460812,0.0036364713264920054,0.0004140179594242768,0.006219050423339058,0.0010492879126991908,0.0017255806596143354,0.0,0.002460390080937103,0.001516565990959834,0.0018749730112185327,0.0009135482673077114,0.00015871969779174735,0.00036841874453034387,0.0038115098343878633,0.004315237906382482,0.0015177998519355909,0.00155796082146678,0.0012871563461473114,0.003744414414210431,0.0002477814194182571,0.0025915086606508745,0.00017747318505190984,0.005370408471676536,0.0015403892514799188,0.0,0.0,0.00041498197343161285,0.0006665551699620144,0.005395087501865397,0.002431723720873912,0.0019827766770602146,0.0024701217732006307,0.00174509474300566,0.0,0.00012527915695406675,0.0,0.0002179555491690981,1.68360686618416e-05,0.0010724174588487914,0.00037125352399583245,0.001309506397258756,0.00043133173473969207,0.0007014773511578622,0.0003612540783553777,0.0,3.526287077371774e-06,0.00016855889880763346,0.0004601846507800031,0.0,0.002758186156292227,0.0,0.0,0.0012105281814817695,0.0016733490600367206,2.813074014222861e-05,0.0024434086774171387,0.0,0.000816913629165041,0.0,0.00020486030412913812,0.0010223422585092807,0.0010641203860101628,0.000957656505557088,0.0003852422233514487,0.0007801757383089592,0.0008999959969031184,0.0001453305577729705,0.00037821997798158114,0.0,0.001110471709502177,0.006484598399670823
0.06936224615440498,0.02449767196126475,0.10812324127035518,0.015425599491720985,0.02621012878408106,0.00251713207307527,0.016348267547842823,0.095108565089223,0.006456005823879578,0.019217827269217704,0.010989791639962287,0.0,0.0,0.028611114548679442,0.0,0.04191818467281525,0.0002511741346575838,0.00736079855911536,0.0037825016590634333,0.025691295476579636,0.01567871208798984,0.055402055118439535,0.0017308316356710346,0.015649503528753245,0.0,0.002407826280061035,0.0028955874003488893,0.006896999529172948,0.006353299365639151,0.012102124189791008,0.014170926156581795,0.015301925640922013,0.016483191688867572,0.0008614775851294598,0.0,0.00046201835009019996,0.014835567841652726,0.013135856178528001,0.0053706494467993075,0.0008163210655443167,0.00037690343097203973,0.0,0.001203703741095998,0.005710931506091753,0.015829816523003346,0.004607207979842195,0.004443673497850193,0.0005232956010500601,0.0072370936027696025,0.00685231843983822,0.0019037351985158287,0.004524930652959415,0.009673043354369946,0.005826915524759323,0.0015827191936142692,0.0011772448671147388,0.0,0.0011962112488646732,0.003499025991886717,0.0011872117154318432,0.0014444920041649248,0.000977338759427478,0.015104235014534423,0.0047846335679015565,0.00039024173737641854,0.0028867714572628476,0.008054782241710544,0.0004225665990556398,0.005081172663118123,0.00203631380099094,0.0016284727481055577,0.002369740693657394,0.0013325503541643901,0.0,0.011577071576152596,0.006530507214871014,0.0005967869633810195,0.004120561700383333,0.01314734449380744,0.0008173950521678393,0.0012462352793660902,0.0005562057203541257,0.0,0.004882332483914548,0.0008040917395035942,0.00595430040253131,0.0008593802147465691,0.003224622550453254,0.00335190757491201,9.531100179092301e-05,0.0014167803430167546,0.0003965515426223561,0.007387614245274601,0.0010197543281046636,0.0008492260569412128,0.001195967588748187,0.0,0.003182030717010951,0.00597403394173403,0.00023006564012594037,2.9975378585609222e-05,0.0005881427770098367,0.004083200783058788,0.0005205760070302034,0.000623587772974406,0.0036682070322303357,0.00041218067111635476,0.0062379789319696715,0.0009951933432823445,0.0016693959267445788,0.0,0.0024276161698919894,0.0015640319728766087,0.0018629371182714884,0.0008430423644012643,0.00016767816908860273,0.00036398544390366257,0.003765496842682344,0.004330636842441804,0.001575254200489523,0.0015571960781654733,0.0013607867523626805,0.0037160408265135315,0.00019368094108493134,0.0025460944927677342,0.00013091265250198447,0.005275697285808983,0.0015271038283769056,0.0,0.0,0.00046693392809235785,0.0006068529888038169,0.005402872539243937,0.0024527185715503864,0.0019535160197057854,0.0024266367959732728,0.0017219178678943776,0.0,0.0002474306497227049,0.0,0.00030576865191385004,4.129731863518458e-05,0.0010075300736204823,0.0003537860928944622,0.0012908693722768706,0.0004358774627040684,0.0007233028581150018,0.00033701484986740525,0.0,6.398005249250301e-05,0.00013898318947773935,0.00023957593565308846,7.385989543961342e-06,0.0027964159297188726,0.0,0.0,0.0012371383720476707,0.0016565731158872897,3.315107459039656e-05,0.002454656356954117,0.0,0.0008146391683433995,0.0,0.00021629287037787305,0.0010439358477964508,0.0010887460927710927,0.0009104176549461565,0.0003440236283059644,0.0007481155611936445,0.0008795509784737611,0.0001549552115445454,0.0004048018381021792,0.0,0.001120022607362638,0.006123890548435912
0.010804493982795742,0.03228589321375083,0.04413952293419203,0.007581530203441374,0.03582022107863497,0.031698117449375604,0.022345668583640246,0.01123569980581108,0.0,0.03164701249629517,0.012112448884504915,0.01822675450892786,0.011661119544255314,0.031008374230854372,0.05084819312031323,0.017876743899865558,0.036760128907202615,0.0,0.005483079755970568,0.012196849215803185,0.020998931188687505,0.026452687765920364,0.015889825065161158,0.005852501679473452,0.005962384454719807,0.009571030005371644,0.014904036469157821,0.0035323972588062716,0.007736067151892785,0.01629662186776046,0.01445452388083046,0.02550913824256179,0.0012364647306554446,0.00419780230859825,0.017583455594957963,0.0143576692154575,0.008677909682011525,0.0026356172205730362,0.002188926822844448,0.010824486444886833,0.003475742939507086,0.006715301576365777,0.011976740464654289,0.003788949578440414,0.018515459160202967,0.00474852305033586,0.007715126997297621,0.008510527691339838,0.006209144088327645,0.0009044127716811141,0.0,0.0041238261852974524,0.0,0.007661785096742142,0.010093193831411785,0.015155372384546343,0.0010137410198529178,0.0007871011151666122,0.0,0.0056416994816791514,0.014026897501413045,0.0052134817159281656,0.0,0.006201768550598244,0.0025668382527937058,0.0,0.0,0.012397793609546915,0.0015434765567898985,0.0027279230438359142,0.0007197495221927343,0.001251111781094354,0.004148537861184751,0.002166208004228029,0.013710799048836132,0.0,0.013075999879995671,0.001887497741035517,0.0023485478917563392,0.005067736110299751,0.007669740963027407,0.005054605613595751,0.0,0.0,0.0031712744022448394,0.0,0.003953070343783697,0.0030187563173192816,0.0017053909883204923,0.01296638372005621,0.002381673512609027,0.0,0.0013316997387550769,0.008784106940903452,0.004633591375698752,0.00367274421163059,0.0,0.002888924696771672,0.0,0.009061136217111106,0.01178299591283864,0.004904890265771151,0.0011267255017455959,0.0002883942144047151,0.006008067001251451,0.0,0.005634013097532036,0.0013868380162535066,0.0020683331564749297,8.169486168638462e-05,0.0005298412001461642,0.0016959717070654011,0.0008583550798021372,2.152503936498984e-05,0.0,0.00019066844187697534,0.0015113606748606292,0.0006746819621591149,0.00027236084627942547,0.001632914627314384,0.003248976177537662,0.0011985191473652356,0.0007477058879352941,0.0060078650944214995,0.0,0.006142330538148592,0.0,0.0001842047100675192,0.0006965129333739499,0.0010385015342584145,0.0,0.0,0.0,0.00012834665314994227,0.0,0.0,0.001665655580844492,0.0008440201044229095,0.0,7.986172787124766e-07,0.0,3.468860701527535e-05,0.0,0.0017156838340142983,0.0,0.00026430039184669737,0.0003127167435455948,0.00011456379875474746,0.0,0.0,0.001853669951298546,0.0010186099231954682,0.0,0.0,0.0,0.00029401020885347644,0.0,0.0008462153804578934,0.00025454883972958795,0.0002705270981433049,0.0,8.837537201293743e-05,0.0,0.0,6.023243186830922e-05,0.0006486333190377871,0.0,0.0,0.0,3.4887160676524474e-05,0.0,0.0003877025289796881,0.0,0.00024912341276928866,0.0
0.00359648343446201,0.0671907803520591,0.013200082576052189,0.022590889912114467,0.01083075810396882,0.04130556029293904,0.04123976651732002,0.008858718844825543,0.06203000291690953,0.01218100527231811,0.005606704092881102,0.0,0.0,0.020821920243691915,0.048122862353846975,0.018089918927879152,0.007792149718723477,0.002529819623063219,0.017987322942589454,0.0019088281143181973,0.01755755352681237,0.01330821854445785,0.019263593203213095,0.011042231461402693,0.012174288869053211,0.0151370543316214,0.010424505478822807,0.010880591154286974,0.005800452988048215,0.011007769586424663,0.011314421318733057,0.01965830226147624,0.003978847673850184,0.003468772174215861,0.016788646389374873,0.015037500781432143,0.004013182706260903,0.002276547173412603,0.0,0.009577387393032499,0.0036141060653719134,0.005252808863794245,0.008911073561112152,0.005645053424569976,0.015270791060443606,0.011457728408584673,0.00947245285956518,0.0052811340596354405,0.003925276787455162,0.004028335033509537,0.0,0.007388157481722407,0.0,0.005567829525772654,0.006905747953882267,0.008981925854045858,7.560978246540628e-06,0.002770078650587929,0.005820356552025936,0.00899058330589363,0.011625822501255507,0.009306499905160867,0.0014408433554796826,0.0055141237574926755,0.002697857887139284,0.002282226504701103,0.0,0.009139651906725244,0.007092618319545277,0.002217440770189203,0.003067618709601524,0.004462883376998709,0.004157143660614435,0.004552281482485393,0.011645332138668548,0.0,0.010601116781911356,0.0,0.0008353947508322883,0.0034881592120347936,0.007408078464221696,0.006940216528291669,0.007094234222392225,0.0,0.0024913711397900372,0.0008126215970835223,0.0037967303314312925,0.004526895103872754,0.00036305446834439893,0.010730215717709045,0.002755924538613736,0.0019411106642708866,0.0006245796125307235,0.004215768151407802,0.004594959540098155,0.0027295674123952807,0.003982810164192396,0.0017486643618768866,0.004147818052144486,0.007573928694011636,0.006168953870783744,0.0036315770658184284,0.00023734745465039996,0.0026360732745677015,0.003988376498405086,0.0006916083724945938,0.0038872610874486173,0.0,0.0019091968063580413,0.0027048735316721364,0.001248305940819022,0.002996767309925334,0.004126290099373412,0.0016705923150678581,2.310321240103099e-05,0.002040130939722924,0.001139669078261108,0.0010868871615673397,0.0012082183300034686,0.00023584711699462042,0.0023375227179888163,0.0022875632717321097,0.0005054799130274482,0.0048635477831228836,0.00016108559419811025,0.003315483824877347,0.0007399562147061495,0.0011901188112370621,0.0011721252551435241,0.0005731620350358815,0.0,0.0,0.000996882087598345,0.0008119005149535063,0.0015757415423874306,0.0008362236379788002,0.0017159557280889322,0.0017839967163045304,0.0,0.0006384740657106537,0.0,0.0015786231911349457,0.0013099585745925744,0.0012134016800560547,0.0014701596205351896,0.0015918666270712928,0.000982469824201947,0.0004355310384142683,0.0,0.0,0.001353721493458856,0.002275984644491727,0.0,0.0004299748650058256,0.0,0.0006019211307156098,0.0,0.00017227649184783347,0.000438669470783416,0.0012277199280988642,0.00041525498605225926,0.00062908352858499,0.0018428525607946144,0.0,0.00024897738836937415,0.0,0.0007231609635706993,0.0011340134182967897,0.0009973427851623657,0.0,0.0,0.0009152291388923397,0.0,0.000385502001814184,0.0
0.00916051217601554,0.027000639114224914,0.035020589095907315,0.013882750867770707,0.033157798618654574,0.011454624827596424,0.013910807651058866,0.0028408698613400438,0.0,0.017572374961545126,0.008357634315531536,0.02462684918883936,0.0035477307564388085,0.035470880382739614,0.021929130708628456,0.0014443410446004369,0.016002894659875727,0.0,0.005695305154208149,0.00883748153627343,0.027474708522706025,0.0335727334051331,0.02118003323576178,0.0,0.000416125880463216,0.009936541850414074,0.02031433282524324,0.0053698721977959605,0.006148378577541058,0.01993024921080608,0.0,0.03544811219676923,0.003021848759623672,0.002604465272947377,0.023495322155636236,0.015607052383588239,0.021485161584136644,0.0,0.0011608512682644873,0.009567113680405734,0.002043188268698874,0.0026742431642334387,0.009704188381826793,0.006217234049238682,0.03193061299845469,0.0033109375966066104,0.011715196984238334,0.008414936350609845,0.005451545276032727,0.0,0.0,0.0,0.0,0.009164823218608181,0.00961931527775974,0.011341776330204898,0.004619850117438597,0.0,0.0,0.00808653047262088,0.022095505796976358,0.00605944866512277,0.002355042884959728,0.00784957453286131,0.0016221295438236766,0.008650457026493667,0.0,0.02279290051420194,0.004922872828688432,0.0015567647607702003,0.0,0.0,0.003969781476193981,0.0,0.02103205928049404,0.00360910360244275,0.02122908950484174,0.0015700926955090656,0.000702743317762546,0.007554166596601034,0.0075741438944618164,0.008425711331608746,0.0,5.945493089192938e-05,0.00358934509480693,0.0,0.00606745026123006,0.004800436068478194,0.0009002151154817754,0.021863423628268028,0.0024571063370020037,0.0,0.0005881382083523604,0.006395169575493096,0.007033392476377848,0.005390961387579996,0.0,0.0030125724916657552,0.0,0.014615104762301531,0.012055031588418386,0.007873789359799146,0.0014265942036880248,0.00045843148654710304,0.0028895331831759736,0.00034506352646396205,0.007293962882697959,0.0013300955716225315,0.0028053475179957497,0.0,0.001647571346343096,0.001505830287004058,0.0,3.6742536428904263e-06,0.0,0.0,0.0014055051232991012,0.00044998044062018514,0.00023164447886329256,0.0006502223413776517,0.0033270357437788253,0.0,0.0010886618711189006,0.009796793532443985,0.0,0.005745044923950889,0.0002720763654606096,0.0006137880803757182,0.00021449132522631339,0.0003311772937685513,0.0006161933507138321,0.0007392011534112192,0.0,0.00027397201866723197,0.0004147333353788925,0.00025021599483114067,0.0030599970232479535,0.0005220623570677595,0.0011171140083435648,0.0,0.001001168972898159,0.0,0.00019366862193628047,0.0034203329278775694,0.0,0.00031063067639364167,0.00028134768328968616,0.00016045768792359176,0.0,0.00028263321260522543,0.002001404367906407,0.0,0.0,0.0,0.00018618194862343647,0.00019650482697123413,0.0,0.0005970168250764092,0.00022571715083252703,0.0,0.0,6.620906718282429e-05,0.0,0.0006096310661014503,0.0004963245860715235,0.000415416124973441,0.00018364764675015153,4.123036152331391e-05,0.00014198479164964504,0.0004832359531412097,0.0004962144798908116,5.981779448002798e-06,0.0,0.0003507265832517522,0.015812641681536434
0.016581120211402445,0.024953164960809817,0.03126129999361552,0.015958950293013495,0.030311499050213415,0.011841661368980343,0.005610373386041093,0.006511937309045457,0.0,0.007878400304266979,0.007197267068205995,0.01607761277626563,0.00126690934332981,0.03646675817607923,0.0014327344214329582,0.0,0.007849370228284072,0.0,0.005577746853407479,0.005317232603690634,0.029221082827634987,0.03398646016060015,0.02214666556768183,0.0,0.0005847446061834025,0.010177115584297177,0.02331896414224053,0.00598384204166602,0.005265240130933475,0.019138969588317147,0.0,0.03740995400849697,0.002855256763117863,0.002690178921045175,0.02347343964237106,0.01599954106523788,0.02313250729041007,0.0,0.0007496395812908401,0.005556928927679612,0.00010672094191775658,0.0019723956411103623,0.018394365090137768,0.0067724655749129324,0.03583991387145519,0.0015718442784306806,0.012345521835911151,0.008658138912028613,0.003930976175751355,0.0017448136513127477,0.0,0.0,0.0020613649092529112,0.009348711149529464,0.007057890028336888,0.008526118161216704,0.005534935835322364,0.0,0.0,0.009114929641106334,0.023405286109932845,0.005478954453696858,0.0015105220864080966,0.007538943152159789,0.0004749075892775444,0.010549232995400433,0.0,0.024813618413119028,0.005711341355132309,0.0005259770766154838,0.0,0.0,0.004143828067246288,0.0,0.022617907824068462,0.004248156408451039,0.02296637385699306,0.0011777900585750497,0.0,0.009202145138401308,0.006075840112358764,0.00902998213218517,6.423689434655645e-05,0.0,0.005966202278093498,0.0,0.0066370231313284825,0.005152132861382586,0.0002619495911422955,0.02343626530686273,0.0055568527148605615,0.0,0.0009014722705193854,0.0047007304662126746,0.007487828002831126,0.005381107706149054,0.0,0.0045902880173003075,0.003638096882211086,0.0154873628889176,0.02352284131728521,0.008089735823465631,0.0017810478097171037,6.410527393204691e-06,0.0011151591084873926,0.0007705543060589951,0.007134597354701752,0.0010358459826183004,0.004804371140027142,0.0,0.0019489409270452328,0.001490210275119384,0.0,9.042979483866223e-05,0.0,0.0,0.003448052552826414,0.00024776393269064663,0.00019865615893501878,5.651322884120666e-05,0.005963764343893298,0.0,0.0012375584288988896,0.010426982377587025,0.0,0.010359110920180235,0.00039461749390907265,0.0003977583435384244,0.0,0.0005681808011740846,0.000855137614066132,0.0010651157566772143,0.0,0.0004118593302051153,0.0001718894175259103,0.00024625900326734226,0.0032671025151770556,9.065164422285219e-06,0.0013685877560560822,3.5397186159511106e-05,0.001266675667818526,0.0,0.00033348211089410376,0.0019311325316604445,0.0,0.0,0.00022686243018958985,0.00015009939510103154,0.0,0.0003591772190364921,0.0052930775200987126,0.0,0.0,0.0,0.0,0.0,0.0,0.00013905373764461418,2.221625575555962e-05,0.0,0.0,0.00014466553607897013,0.0,0.0006858543792985697,0.0005526738467726192,0.00017713063660269225,0.00027447931804783747,7.042557235557119e-05,5.2985429428349856e-05,0.0004374192591447482,0.0005824196771976566,0.0,0.00040509546988968213,0.00036173957394882724,0.018515787003045178
0.005010877269153504,0.039736749396761,0.028053434767371682,0.02396524018937697,0.01704708360619288,0.0142428254387331,0.015809180711496267,0.0,0.033466136596548526,0.00712770996993408,0.03836764836258688,0.01832943396222457,0.04049440654909416,0.007473523141626349,0.10053747316979177,0.02378488700538052,0.05723168204661449,0.012485345179009002,0.011427914693362613,0.0,0.010603603510208814,0.0,0.007606128498026427,0.031188757425439795,0.009189793080869361,0.00982705731583337,0.0016721173792720076,0.009307991173384949,0.0,0.0020684715867333513,0.031043830340376173,0.00543286531478636,0.006986378604105874,0.0004350075118270127,0.010544457948115647,0.005545207379755392,0.0,0.007672589239744727,0.0007239595908750415,0.011103016486406677,0.0013661170207543677,0.0022410977227370846,0.0024102320098174,0.001970472657021401,0.005065113829979527,0.005886632708180727,0.005479267344427249,0.0029241660556329034,0.0013794582591106991,0.001230648230818473,0.007881841854199968,0.002369879296825396,0.01661023036408263,0.002595417421372124,0.012212535675470947,0.021504351983227192,0.0029690197402099106,0.0017395776469382844,0.0075659966223499365,0.004683016048645248,0.0024952412795986373,0.0037718453493264512,0.0065053642214336245,0.0027226680373835617,0.000954496812894322,0.01268137555435666,0.00716188285097212,0.0,0.0036022048073776473,0.0014572161391866734,0.0,0.0017126441879391251,0.003508745010300109,0.006781530994099549,0.0026126056999579094,0.0,0.0029167795216195266,0.0,0.0,0.00014443631195223714,0.0076606703472477215,0.0028136060439297537,0.02418569995888699,0.003686503242936761,0.0010784796914707336,0.0034724188525332984,0.000876806222716122,0.0018280251369492439,0.0,0.0028742035323406647,0.0008028008834661839,0.0018779174348783692,0.0013703254619280745,0.010342424771954477,0.0009788490946402745,0.0003794459553335351,0.0026635087011838026,0.0009334301071804567,0.003153879540917016,0.001820606764427189,0.00034307776960624387,0.0011738470894086595,0.0,0.0017302734637408594,0.01145702547732582,0.0008829596919332906,0.003629754827000539,0.0,0.0009349713393860174,0.0017429850447819458,0.0016303705460489386,0.0035654992971670095,0.0020696539018499457,0.0008132981075189426,0.003860639111344916,0.0015358396428301541,0.00014645324478369364,0.00044517466538288784,0.001330534213133437,0.0,0.00019635722812291908,0.003951564472809648,0.0,0.0013948678715059927,0.010143833767610987,0.0009385811714355662,0.0025513734736186664,0.001535264291623683,0.001858341381044221,0.0,0.0,0.0021097925516772188,0.0008808387053232502,0.00016792143183394265,0.002285094928850142,0.0020812860219638204,0.0005158539530498126,0.00010605204016233722,0.0,0.000926046452181163,0.0,0.0010874646992637838,0.0028703284922879757,0.0003338610858564278,0.003932633882642571,0.0007728518547948817,0.00021485542989066662,0.0002488894126120342,0.0004757639642056614,0.0,1.0931898727977209e-05,0.0008774645572696803,0.00013951521600338369,0.0031746601516628287,0.0009134622816260466,0.00031556085864530253,0.005179598333036078,0.0,0.00024895427510577785,0.0019640439879286876,0.0009609470463670264,0.0003232700115897015,0.0012519120643201128,0.0,0.0,0.0,0.0007142302168134936,0.0021116263142940757,0.0016933929546350038,0.00021870149633594545,0.0,0.000979631847763207,0.0006027335658621331,0.00022245630932505662,0.001768335158938179
0.007773428852043484,0.0009875309637239894,0.04027013532935213,0.007308988551573413,0.03947284679509206,0.0029775016556989413,0.0042277257310124345,0.0,0.0,0.013837561862460138,0.04065897860747584,0.04888759480608264,0.044423877205851586,0.015171195554035245,0.09482524749251733,0.016470213757652518,0.071707811708851,0.006719925069463469,0.0032934757119879757,0.003345461039837216,0.012938608397593853,0.0,0.007773537575135816,0.017773137153317946,0.0050970375684131815,0.007518103718796528,0.004337278831341995,0.005047749766556007,0.0,0.0043375740631536935,0.021303070122395375,0.011148768190955767,0.0028203879480034,0.0024044531734822593,0.0130863913657556,0.006428193169017941,0.0,0.0038119261974110244,0.005775141727432714,0.013682924919843575,0.0027623209774223115,0.00361413922507046,0.007639086886662228,0.0014349609618457928,0.011143633455643925,0.0005232320916667069,0.008224567810290694,0.0061891132987988194,0.002972802254720217,0.0,0.006633123381113854,0.0,0.018545051662468396,0.00416552816685031,0.014846716346572076,0.024208158220927093,0.0040039134999177405,0.0004992379880003196,0.0022772829545208047,0.004033929912677172,0.005623590575997704,0.0023165434819111966,0.003715014145402114,0.006978264837721793,0.0015676915272488281,0.014365982609021064,0.009732953100491366,0.000839453647678123,0.000803229411524808,0.0026289093458189364,0.0,0.0,0.004482613320107323,0.00706734484940869,0.00527539691745625,0.0,0.007051347528067026,0.0,0.0,0.002649060021876819,0.008084663288648907,0.003306560049989963,0.018422307710863468,0.005132533448240629,0.003047952893638708,0.0013272183661818342,0.0030856590343797843,0.002639312068525296,0.0,0.006606435839620458,0.002453507397476435,0.0011930476617691898,0.0014367974318840553,0.012481837052807296,0.0025122507936380686,0.0013918029767735728,0.0,0.003133194891773527,0.0009383817175149701,0.004245530242291275,0.007533221532196156,0.003136419238603235,0.00027587368720675704,0.0006828835554442416,0.01168333753776272,0.0011117623444640548,0.005508163776899475,0.0,0.0026744020046116598,0.0,0.0020324000997394105,0.0028315917300790754,0.00025560224454326586,0.0010387659475488125,0.003756006728885388,0.0005297934860925642,0.0016997772674823008,0.0005817631242272609,0.0011549704924264362,0.0,0.002474592826950099,0.0014753082781957146,0.0005475630822319969,0.003098751106748096,0.009005625666327994,0.004191727338355793,0.002593205522028308,0.0012701788509214729,0.0022099855701862457,0.0,0.0,0.0023330322669873034,0.0,0.0007013476976796083,0.0016535142658036643,0.0018160062308593202,0.001303937923545297,0.0002516287690895632,0.0,0.001161944902014018,0.0,0.00039595232093081435,0.0024448234719492592,0.0010059100279297872,0.0028982935682066533,7.792118561548155e-05,0.00039937201575568777,0.00032247479118471865,0.000559877519311861,0.0,0.0011062594533151698,0.001810203025315152,6.772233251861281e-05,0.00266033098244857,1.7449945828338744e-05,0.0003445531199352813,0.004404238555341019,0.0,0.0003300607405439312,0.0014314269088902653,0.000658309153321627,0.0006395356364332831,0.000359409152657564,0.0,0.0001571307233014552,0.0,0.0012580539058165575,0.0017345485476760977,0.0012317201563370299,0.0012625311094998756,0.0,0.0006846810774235132,0.0007634809561102923,0.000501672656028303,0.0
0.003069627275049284,0.03697836415064427,0.03651301639099055,0.013798656994970954,0.02550727635930298,0.0,0.0,0.0,0.0,0.017108891550421418,0.030639071007807366,0.023862384115830994,0.04035340240000438,0.005262517559405351,0.11101369227954559,0.0332840795895836,0.060402053667735774,0.02111834523977876,0.0017001560766505882,0.0,0.01222225359194674,0.008314670682156387,0.005397495852285531,0.04486613519776319,0.0012042428063609699,0.005164688323527166,0.002405945392030409,0.001036501146166234,0.001490010060718739,0.007464189469554377,0.045775906640353706,0.011507508016170124,0.008124312727023629,0.0,0.00987014733548506,0.004081418738513641,0.010045951812969462,0.016088747474234243,0.006493389469872874,0.011078833523322236,0.0,0.004956060559457249,0.001193745128287446,0.0,0.00796715494846324,8.865535047124881e-05,0.0004307674351153039,0.002291449688896724,0.001998854756124644,0.0032766735267630216,0.0014230724388693394,0.004081079715724048,0.010844840974037833,0.004145809011728496,0.013718399029614579,0.026601968027499624,0.003239391489074176,0.0,0.00045066330605247825,0.0057368523187101075,0.006322196771518379,0.0,0.00760305783733432,0.0021888304753132884,0.0,0.01082996317498235,0.0048908086961306045,0.006596269744369189,0.00428375030142021,0.0007063567664681824,0.0,0.0,0.003472541159097201,0.0004369589446156364,0.0068028593622336065,0.008227068262517203,0.004641257629232904,0.0,0.0,0.0,0.007951722951838436,0.0016037657942683072,0.015138874224248278,0.0024965272918493473,0.0,0.0049806483988832344,0.000274434576741121,0.0007071730273173682,0.0,0.004972202677404799,0.0,0.0010089184569333706,0.0031385057021324006,0.013172862802048876,0.0,0.0011334896188911231,0.002419968951665336,0.0,0.0038944737315951615,0.003180747006173074,0.0024569159760325344,0.0021395652516772064,0.0,0.0,0.015285469282255142,0.0,0.005737121844055316,0.0,0.0005141212109088999,0.0013271298804076108,0.0012535561436123948,0.004360946815252172,0.0,0.0,0.0004222691450571414,0.0008029137758925195,0.0,0.0005408155802436727,0.00027558420814383734,0.0004925590162310933,0.0,0.0053527261332089425,0.0,0.0025008296737028127,0.0019626808908262197,0.0018494365871878893,0.0010206655297682761,0.0009058453938533554,0.00029058273673411605,0.0,0.0010300327606294604,0.0020279271854473846,0.0017763433183014452,0.0,0.0007718287607224312,0.001073218405745348,0.0006294572873864967,0.0,0.0017554940849861796,0.00021640022905588074,0.0016812552220084917,0.0002045633330015908,0.0010805812367562396,0.0005727709283931528,0.0015754583937043411,0.0,0.0,0.0,0.0,0.000489539107249558,0.0,0.0,0.0,2.431875957721613e-05,0.0032009101749732646,8.406203160000677e-05,0.0005641686706036879,0.0004704738644217066,0.0,0.002170913499555311,0.0007438157776171665,0.0,0.0,0.0010193030902856605,0.0,0.0008862110850125533,0.0,0.000725714032211379,0.0006791798131165557,0.00120400368614768,0.000155205390419275,0.0006588033072094453,0.0003112276264018112,0.0001641064649447701,0.023795422437173922
0.06627697813096542,0.04410253641092718,0.05669154518103647,0.02648938305977526,0.023848662599845784,0.0,0.019268873060519165,0.05494374963130469,0.055503973317092066,0.037120476859814164,0.03911703248032585,0.0,0.030361717835678845,0.022370244589259146,0.006772515849101588,0.027467430767700828,0.02250007795658161,0.016427560963184318,0.0028979092957865608,0.013391829319831383,0.01336662831620388,0.02079571004856717,0.003218766537141767,0.004982115366249648,0.0,0.0009893370734409502,0.000829576237157901,0.0171630144725378,0.018420735126977998,0.010670466536748104,0.015568105899933753,0.010893441889485446,0.0012934547269379962,0.0,0.006506538424212834,0.0,0.00413153329518057,0.008237278318501738,0.007084264657910023,0.0009293208255525257,0.0021840692119661745,0.004199137552822877,0.000219280493797243,0.010598714974859959,0.0023358509520583844,0.00968327396965321,0.0037649068910412045,0.0,0.004197910153333669,0.005281484454115173,0.0,0.0,0.0043225607230301475,0.005080295331254505,0.0011701355058731343,0.0016843297117932253,0.0,0.0018525103175545893,0.0047408458529026145,0.0063326497222746395,0.004127887967562602,0.002940563982342403,0.008963170283662053,0.0035081445132042564,0.0,0.0007638929285714065,0.009510861434382638,0.0,0.004461569601192133,0.002318604723187759,0.004394752069751559,0.0005495449104268691,0.002581962762955949,0.0,0.00239581761309629,0.000838262765012354,0.001879926459637735,0.01500590984580324,0.008485898901970894,0.001967058940785508,0.0029140698336142527,0.0022407699153331934,0.015565259292649335,0.008638540665737047,0.0005040014705400872,0.0038657175689577853,0.0009429273351723757,0.004126998624899774,0.006244877109869556,0.001352750605048394,0.0005224003021612329,0.0013452280632640092,0.010099862151987212,0.0011699880224745034,0.00039652116687939674,0.0003603342048487553,0.00031307904687229095,0.0009934566134927685,0.00426581382004428,0.0003784757179197295,0.0015711952855488778,0.0004016354424745412,0.0021068034590322306,0.00041280986422668217,0.0014185939464492162,0.0005839274219598035,0.0007587161835397184,0.0032296183389594027,0.0010582649057405485,0.0004216618111491026,0.0007409081739673048,0.00047429106204834466,0.0018271589430522764,0.0028056908585215434,0.0,0.0006059760789983479,0.005548660403731355,0.0006404261130511374,0.0012171060808609,0.005454525570738345,0.0010574674070315362,0.0009198108672318462,0.0017930334168991854,0.00042450142185662795,0.0,0.0007939977552033881,0.0021916059690178973,0.0010866045959735545,0.00011443673352902025,0.0002573756333544479,0.0,0.0002445434671057983,0.0010983308588460245,0.002054609217524884,0.0027694714679122874,0.0018748291757293303,0.0010863704882895832,0.0006465236853416721,0.0,0.00013613247989738446,0.0,2.5339102728556363e-05,0.0023316978728601906,0.00013936798024743202,0.0021806499959443008,0.000699852149703098,0.0011465135074879,0.0,0.00016402211254533646,0.0,0.0009524051425563809,0.0003463151193057774,0.0001633216496944217,0.0,0.0014840228239617172,0.00035678169293139447,0.0,0.0012223024274135657,0.00013589673412596598,0.00038204685961127727,0.0009269643673493256,0.0016051673312374299,0.0009564767060809338,0.0003753225939333374,0.0006373748281284084,0.0002177027101795101,0.0014519003178219596,0.0016708181001885336,0.0018579130075972073,0.0,0.0,0.0004377500787797622,0.0,0.000706846116761742,0.00838197197091758
0.06755609956741039,0.04430784002382994,0.05568701349792209,0.02431921086139476,0.024176412399845946,0.0,0.018172622706077893,0.052835720848464614,0.056465972083723566,0.036464300140607864,0.037697124146558826,0.0,0.02867421549439781,0.021166436122947097,0.006651312283859026,0.027455042719975495,0.020380722671479917,0.016818066080442097,0.0024115772490319112,0.012747098330862109,0.013047211405444003,0.02072936500745744,0.0032039385566406354,0.006007615505350909,0.0,0.0008221561639839491,0.0006262974499580701,0.016634915300145613,0.01775128818127369,0.010519683588536942,0.01584807338460545,0.011211766359490984,0.0016261299948107848,0.0,0.006198185317863887,0.0,0.005083200023044987,0.0089600409989039,0.008026224597243902,0.00108880024113168,0.0020382413598836924,0.0044849327672367295,0.00017104344857615168,0.010434643738748682,0.002820504859666938,0.009219193303889992,0.0035618778977648865,0.0,0.004051866107328938,0.00550560464309081,0.0,0.0,0.004129030586764606,0.005104292838384063,0.0011610599699805463,0.0017351620874171733,0.00010610967134528378,0.001782037344163512,0.004384977027907,0.006589851673188204,0.004473083010094184,0.0027139295642351143,0.009188127819962371,0.0037979807049969556,0.0,0.0010124498300182535,0.00918472208709007,0.0,0.004717265920776725,0.0022231582395169673,0.004095509190038653,0.0002901766654188912,0.0026293807643500864,0.0,0.002755005744929288,0.0016653901089110177,0.002076757713572187,0.014648087152552532,0.008376209416342732,0.0019439434175029461,0.002901043234430527,0.002306702166907539,0.016437092718147896,0.008443909301335567,0.0005041817295439138,0.004054121708910553,0.0010898020183093215,0.004222056353934549,0.006129421970451176,0.0015811789196528403,0.000588225716420588,0.0014263476350813052,0.009950583945260836,0.0011238471868591175,0.0004317797266686047,0.0003964727743287405,0.00044324207174769345,0.0009390016100596074,0.00458272488011305,0.0005271983395567822,0.0018508539752442451,0.0005337789278311205,0.001935250883511299,0.0003575599989939181,0.00165871129960133,0.0006021313166631773,0.000992956409096096,0.003004862150238944,0.0011480751159432731,0.00040291020420040325,0.0007828715084432576,0.0006242882577043034,0.001727386209390766,0.002919451746809165,0.0,0.0006268928562567655,0.0055557602723784565,0.0006923621232965602,0.0011995128696743415,0.005419483643358021,0.001132810008336897,0.0009731087954927244,0.001674726579347132,0.0005362939280165026,0.0,0.0008660621275288477,0.0022018014378724173,0.0010950367517779662,0.0,0.00017101382197235473,0.0,0.0003315818340716461,0.0012292135399807793,0.0021608218752816708,0.002787589260660415,0.0019213100187664288,0.0011749214619585276,0.0006361769274010896,0.0,0.00013957377707340913,0.0,4.162079063300098e-05,0.0023990681894078547,0.00016214225706709143,0.0022592898726938662,0.0006406985219850548,0.0011208675022369426,0.0,7.626034292147306e-05,0.0,0.0009682011706831663,0.00018475470714159547,0.0001512756499277853,0.0,0.0015933410826996027,0.00036030805995338573,0.0,0.0012450618937126505,0.00011726176618722279,0.00047986807123869636,0.000978305500783361,0.0016574728412344004,0.000999217682276899,0.000515389263720943,0.0006092311443331659,0.0002907244259480474,0.0014573355149945027,0.0017333201528184244,0.0018922421196545197,4.947001661321149e-05,0.0,0.00044353178787418917,0.0,0.0007570419187280867,0.013227335850272035
0.0316898082087592,0.10504984648173994,0.01669873783123702,0.029947929670564234,0.02890951571683758,0.04365921815574738,0.01605206263882052,0.07473555911229543,0.03565783024326176,0.004519145634359882,0.031846836414399525,0.008896800877332276,0.012704901214668243,0.010378759188911664,0.0044322913194661875,0.04117513047581776,0.0,0.033217679274382544,0.015101226372869127,0.003164809286576786,0.021251937441216572,0.013459211939429712,0.004239185206415607,0.011164567299654468,0.01780772978994495,0.008775838816941535,0.005148334694623017,0.021006378812786244,0.01126837424869944,0.017184066424736476,0.011697951040749565,0.004660458753182896,0.006345218558827124,0.0013064779013209028,0.0,0.001573762395731791,0.007662222648779313,0.009275271921400041,0.003250340568433027,0.0,0.0,0.00323520623829909,0.0038124048680661716,0.008122566732694536,0.0,0.007917661492177382,0.010324168480751905,0.01001809605610718,0.00024799056016935964,0.010417136598734056,0.004648239548549326,0.012399856298773989,0.022005759196155657,0.0028456086103091104,0.0,0.0,0.0039871111811251745,0.0019195455551269532,0.003741022415310096,0.0061014486189738615,0.0,0.0009330791840253193,0.005555352502651141,0.0,0.0,0.0,0.017087825065469096,0.0,0.0030128703158146157,0.0,0.0011352854287445275,0.0015411438237917427,0.005733895380476315,0.0,0.0,0.0016616824463981529,0.0,0.003581237663299947,0.003161509160352868,0.0005943025967177696,7.89657907939737e-05,0.004099795620940266,0.0,0.011520976731065953,0.00040879352672266013,0.003897830080437746,0.0,0.0,0.0032294936089051155,0.0,5.044349632859239e-05,0.0011340117547741966,0.010870688875013293,0.0,0.0005609451090409762,0.0,0.0043753393575507475,0.0006667292037820591,0.009851248126611166,0.0,0.0,0.0,0.0022044437801306787,0.0031467781042992466,0.0,0.0016027333326115235,0.0,0.0008204702005713493,0.0,0.005897162992278025,0.0,0.0,0.0013848744875535975,0.0006354423814806792,0.0020113395574273495,0.0021175283440091866,0.0017460492743474818,0.0004771720601671957,0.00134596231949762,0.002043406147969965,0.0,0.001408278246758428,0.0012777804346768844,0.0,0.006950741311656057,0.0,0.0019716200010564066,0.000563193887135196,0.0,0.0004969059202218603,0.00046495926171042187,0.0,0.001961398053313317,0.001345760262380295,0.0006279823360912946,0.0005279264135993649,0.0,0.0,0.0,0.00018780468669344917,0.0,0.0010319629336923933,0.00012736970745751028,0.0,0.0013917297268418,0.0002838596104631514,0.0008687529249722076,0.0002739893460733061,0.0004285447937249321,0.0008354640674025722,0.0,0.0,0.00021993770193809602,0.0028222806750329227,0.0006029291963999013,0.0,0.0034961770779093244,0.0,0.0,7.891034060793026e-05,0.00024347604336530287,0.0004245806830289314,0.0014973919466948083,0.0,0.0006577117748056839,0.0005474784852600121,0.0011274289355287907,0.00020844869644005577,0.0002953000707935807,0.000601484183455082,0.0002125809955317923,0.0006942205763699872,0.0006581897176024332,0.0006181729566358407,0.005131229152382953
0.03009130340678777,0.08934546831319216,0.029267127086752758,0.030186765983395723,0.016467186311067215,0.012934868853068293,0.03788503681007664,0.056621729658982864,0.0,0.030051520536650528,0.0403470429368514,0.04125381862274271,0.018902182354783297,0.01521665350730361,0.008228582620235994,0.03077410142742562,0.0,0.029700052584380028,0.011931979894725355,0.011778523829423265,0.01633257028400732,0.01064161103042857,0.007460781027845325,0.006988579741855449,0.0073606275015687,0.0031876866878732995,0.0005611768505595649,0.019603589921947596,0.012395700858589088,0.010196081181976553,0.005401887181773075,0.00318054720697816,0.003833274923777542,3.485921248633055e-05,0.0,0.0011495831945610678,0.004839943059752066,0.012859061900773622,0.008960968273996155,0.004158815217546751,0.003089654571888109,0.0036241932289072768,0.0004511624897554854,0.014429210474705242,0.0,0.00920089241995263,0.009815329257220907,0.0043179919099322625,0.0024742611939994976,0.011449684844599134,0.004599059713655461,0.0012494355302206785,0.022500431081563903,0.005431234539480052,0.0015776989506354013,0.0,0.001540495149821335,0.00435094336021752,0.006204012536664273,0.0041251984440589355,0.0019905246841432837,0.004005926959721328,0.006486613996803761,5.107873722184512e-05,0.001681090885518215,0.00478267739297572,0.020516514417609648,0.0,0.0,0.0013688633721596864,0.00283490980860936,0.0031612477366910296,0.0038037866115213227,0.0,0.0,0.004980211009633961,0.0,0.010474479714330128,0.0036336110317618754,0.0,0.00032092746749457776,0.004024976656774187,0.008928343944645933,0.013901514762123843,0.0012956213050826044,0.004543111838938545,0.0,0.0017309174321689564,0.004788541634128181,0.0,0.00032177851382962885,0.0015611008875821089,0.011812132181098391,0.0,0.0001925612011443864,0.0004904681977158079,0.0006187215452879502,0.0007777941285547403,0.0037212235924355837,0.0,0.0,0.0,0.0019660987678207197,0.0025998244372969397,0.0,0.0010691118877956965,0.0,0.0021068427717462843,0.00036880115092102165,0.0032306069048644416,0.0008520673690264601,0.0,0.0030466262010918877,0.0014519249403940444,0.0018614954216703567,0.001408205980957193,0.0026245548686362643,0.0005204126176172187,0.0008878324804436555,0.003247694762813688,7.6228596995827e-05,0.0009630116752529027,0.0012101471091390365,0.0,0.004395361773360992,0.0,0.0031117804468395378,0.0005962165225454568,0.0,0.000649825515820868,0.0,0.0011444489915928926,0.0007639621877170135,0.001099908683792057,0.0012814942683607316,0.0010549621343422242,0.00017071075271193805,0.0002663819354039733,0.0008001112118982434,0.0,0.000745564682487715,0.0006398608492080041,0.0014570422997368384,0.0,0.0019701829037223656,0.0009841185108687676,0.0010886099355610056,0.0005897647491445008,0.00046455159284367476,0.0,1.9213922400325693e-05,0.0,0.0002605790848334937,0.001849757409419495,0.00032395787948997373,0.0005262143600544495,0.0022097732799443125,9.530743795312831e-05,0.0004759154161997599,0.0,0.0005344824746634552,0.0007321335534460663,0.0,0.00036940707818144605,0.000591934418638919,0.0,0.0013880975733984646,0.0011425037744880117,0.0008647385956927686,0.0006640320611033397,0.0,0.0,9.352647389904541e-05,0.0004392487829780322,0.015289377189646921
0.06560571655986265,0.0812311257223715,0.044324898721799795,0.01662921512679542,0.01841901644912601,0.0,0.03324046817633557,0.04686712215615396,0.00794471768127172,0.032519360733595695,0.03699677248965389,0.0,0.014186976327696724,0.018084997453191302,0.01094263383080907,0.034829057300705756,0.00615486309062187,0.018174141985476882,0.001236635573145157,0.010876251739149622,0.02367596921854426,0.02426019306127562,0.005852785554527523,0.02216790048557108,0.0,0.0,0.0016205851842377899,0.012739823469021349,0.011383616499627944,0.013886614031482624,0.02406191239648529,0.00980551679512584,0.00829080550274064,0.0001837934575616068,0.005482846843108876,0.0027097807082046067,0.012610452477639466,0.019862005500845707,0.008839327142291714,0.0022782389611696674,0.0,0.005649392906698647,0.0,0.012348125536989343,0.003243017891348663,0.004018439488019097,0.004104183725925096,0.0,0.0038674841736721006,0.009675563403453356,0.0,0.0007405668036690818,0.009591023029562686,0.008574768259064497,0.0019656404881183407,0.0037312753057075717,0.001029536338100941,0.003563679634277001,0.0,0.007798218261831022,0.006578039048116654,0.00048563683500253013,0.006415884069644744,0.002135312958146153,0.0,0.0015234046820888196,0.010546928345557892,0.0041569273522427345,0.0014919648322548461,0.0007623027193927628,0.0,0.00014697816846006916,0.004653444907308595,0.0,0.0017616232692461136,0.007028223375185443,0.002989742125946538,0.006381209057220903,0.005675259114727134,0.0012324356990983142,0.002759154225523579,0.0037537474339937246,0.000634842063110427,0.00837891574182721,0.0007680371094491898,0.0061401867808597655,0.0016677119992162064,0.0030841182730376748,0.004547622508164626,0.0022948693304433803,9.005353395866016e-05,0.001246628709838778,0.011116277897940553,0.001807032291903984,0.0010825445304042491,0.0008742834911217879,0.00026217090886495025,0.0009104204969580513,0.005152536210000149,0.0013245314072466957,0.0017027586691425681,0.0009975027684585224,0.0011136079507821019,0.0007729226466430378,0.0026205602685640773,0.0008528119194324465,0.0016206078232734763,0.001230665970166487,0.001265306358182808,0.0027389828447269,0.000780240160050376,0.0009919655266711987,0.0008599655217823878,0.00175837478957643,0.0,0.0007534552954659432,0.002377427457003499,0.0016887901621726621,0.0010526867496523681,0.004620748812945351,0.0009835183919685029,0.0028073957910582257,0.0005673649190753095,0.0010276175688508442,0.0,0.0007186218097922961,0.0022556574108776963,0.0005410327797167742,0.0,0.0,0.0007898617502171421,0.0003579320322569085,0.002238362741272516,0.0015718966087239995,0.0005906641489936759,0.0006674460476716135,0.0010199953162670593,0.00021028778785472943,0.0021235173546994912,0.00030970633624237523,0.001707180605495336,0.00014855241375776997,0.00025885473403953725,0.00039504334894518024,0.00032596360532992114,0.0002440358760355731,0.0007437141290199996,0.00031822593805440097,0.0,0.0009301958056058816,0.0004957666937155914,0.0,6.987804706237136e-05,0.0,0.001547327262318221,0.00020814692855479142,0.0,0.0009190343171097724,0.00010662799924106373,0.0010798014339135672,0.0003759807815066471,0.001086262659088763,0.0,0.0006727500186108341,0.0003849017822994478,0.0012232685542802552,0.0009583748574713419,0.0003298700597181603,0.0003133231441446252,0.0007133725498559846,0.0001732572059628397,0.00043482773647943694,0.00042134799408267954,0.0008080402300194176,0.024287757640883256
0.04604443647857333,0.07267559017634272,0.04276031487794553,0.028283514606295378,0.017238620096577,0.0,0.0330270657848875,0.05445763695604789,0.003078556344475471,0.03409996277599112,0.04127443779695799,0.011444843815830254,0.023690842354641837,0.023970286948293538,0.012831837673441225,0.03577913527761499,0.016747772062425823,0.02017749510436002,0.001693564072049936,0.014260628161397833,0.02607784054995938,0.025320207334052384,0.006121950689990774,0.016857492426874607,0.0,0.0,0.0018446518956688526,0.01349833914366114,0.015079959171131313,0.01602386633058484,0.02238476205477265,0.009387782225718087,0.0049903869549322005,0.0011916255128902073,0.00829127490349803,0.002916165799601367,0.008702315303509199,0.016043194052198097,0.005795831569218196,0.001282878432305262,0.0010832203100579795,0.004389010276366495,0.0,0.012321565433807004,0.0017147040520098088,0.004642429256368997,0.005256890877105344,0.0,0.0047889272694842475,0.008052089569851718,0.0,0.0011040690179581255,0.013953486325541655,0.008662838837164327,0.002435636078166017,0.004052621084812981,0.0,0.0034296026646532633,0.0,0.007765575257175331,0.0057502256464664414,0.0013526358150469096,0.005743340703154645,0.0011569020149137068,0.0,0.0013819548509776945,0.014767093839301498,0.001401217036377515,0.001390685730968011,0.0014123956256728734,0.0,0.0007614918880294885,0.004723101149323727,0.0,0.0009533898854480132,0.0034834586409404874,0.002830012985685243,0.007169747311347425,0.005996239489462978,0.0015354683109408767,0.002851072865828691,0.003715266144336433,0.0,0.011019966172531679,0.0005802065473965243,0.004545462512122915,0.0010875282920882307,0.0027941976725973593,0.004682644370452835,0.0019929862880981625,1.8633447352144255e-06,0.0010558257177280626,0.013232649873030045,0.0022570785686392854,0.0008491793416102991,0.0009177382991155779,0.0,0.0012615883789677406,0.00466498918762004,0.0010698026805816183,0.0009829644670999492,0.0006714683415071488,0.0014881427452552505,0.0007422986521875564,0.0017013747143765523,0.0005970314341918754,0.0007459307351276481,0.0018831466841499277,0.0011421878834371154,0.003079803352981177,0.0009301349972669663,0.0005259852294750099,0.001007530534662361,0.0013329191997226556,0.0,0.0006406431104487599,0.002324244085161956,0.001647742425928947,0.000985785027397071,0.004507537069496088,0.0006754799314609981,0.0023239801198578283,0.0010605363606252568,0.0008389199659753057,0.0,0.0006381354400595479,0.002540536345138913,0.000532242686298762,0.00044010696223080833,0.0,0.0,0.0002672457557002607,0.0016446431091684144,0.0010352468915957574,0.0005756830126642603,0.0006124113385034247,0.0007526692459625431,0.00025505351688142285,2.6406770446108324e-05,0.00042845300783172374,4.4085619133756696e-05,0.0,0.00021935630551150683,0.0003819569417365037,4.8373576209901664e-05,0.00043915185156464495,0.0007369024390575948,0.0004826910511410427,8.776079781967838e-05,0.0,0.0005522798146668641,0.0005608341109709711,7.022182514313424e-05,0.0,0.0009147063390188572,0.00023091067558626482,0.0,0.000874577354993306,0.00015708896671901647,0.0006335261734925166,0.0001721200556723204,0.0008791323493835835,0.0,9.156228220036623e-05,0.00038307247959181356,0.0008466470382519734,0.0011184138255652348,0.00023479235933925738,0.0002776459886828876,0.00010241522421293302,0.0,0.0002971965447996527,0.0001389877166556898,0.0005629765535040412,0.007486853382321827
0.02332916101514655,0.07263111625841331,0.010727911369063627,0.01871859259635235,0.02673619115045611,0.0,0.014522100593907673,0.052685764697977214,0.020837899611319,0.011497777422277403,0.03319491399530146,0.012890034878550729,0.023121990912070397,0.012797344166418922,0.03408202295167927,0.04310308509353996,0.010151356584593174,0.030797585089616115,0.0024229564439238304,0.00658012626949076,0.030977665594985618,0.027339311542004547,0.0026966612440435093,0.020837093886003,8.800126517851326e-05,0.0021946089096648858,0.0014840796359932345,0.01499689711608656,0.013710855431425369,0.028554277127966408,0.030781725400656695,0.013869353624154578,0.004728974150476642,0.0,0.008135791638904358,0.0014391815348657531,0.013916022885386488,0.012611133688489408,0.0031240532133463223,0.0015018991306558456,0.0,0.003356056793519919,0.0,0.006434592358599901,0.0034133305842727274,0.005320326735363662,0.005274259076386067,0.0027726764479023436,0.003724105029637848,0.006538650257845697,0.0,0.005181065010242819,0.02363742900876308,0.005346442823083837,0.004591158783049994,0.006422090157538543,0.0027090757394816613,0.0014223141284836955,0.0,0.011863738219700826,0.005333171235097683,0.0005130489596267933,0.008841164674313532,0.0008334487045943857,0.0,0.0,0.019460649461989284,0.004244570834357468,0.007023735479577519,0.0,0.0006493055895197933,0.0,0.005407462159862958,0.0,0.0028274929110279957,0.00030489794429928443,0.0033867766413696937,0.0003462979144960949,0.004725707284245524,0.0005707228091493898,0.004736165562957393,0.004972733873136706,0.0,0.014012772730402,0.0,0.003327599346988949,0.0006392363783359301,0.0015989432717778704,0.0032900918465606495,0.0025420588857486643,0.0,0.0011782961116417355,0.016272065995202933,0.002583398067649084,0.0015601394777523703,0.0006726673617736206,0.00224805124325663,0.0006332891632094403,0.013226833444102741,0.0013858587590672789,0.0,0.0010179884016173863,6.665436699231997e-05,0.0019881036645610596,0.0035214687016415698,0.000337475592399174,0.0016427518941025132,0.0003277042102209663,0.0009308648095263359,0.006504565295521929,0.0008598123195657316,0.0012133317042241872,0.001740094817552185,0.0005287709215973427,0.0,0.0013204936198738708,0.0007037660149205523,0.0017017535529257899,0.0013155312985199904,0.003374756709080439,0.00046263213356905906,0.0032897508937543255,0.00041949417326534225,0.001047200430543405,0.0006287869599108044,0.0002906811095198092,0.0024777758230932205,0.0008807772160222082,0.0,0.0,7.615360378087484e-06,0.0,0.0023218125696168185,0.001164666411053413,0.0012287647535535885,0.0009925260684722308,0.0008693998788328982,0.0,0.0,0.0003486141504685288,0.0,0.00033626128449323065,0.0003986604146604427,0.0002889889629851347,0.0006812182114140589,0.0005143717780064597,0.0004580254013179581,0.00028296604287697763,0.0,0.0007901794382057993,0.00020142336595667566,0.0,0.0,0.00030977895289507776,0.0012500492932659938,1.4783696858870664e-05,0.0,0.000629358392327982,0.0,0.001010401416587983,0.0003214417819819196,0.0004966698784153718,0.001353575575307193,0.0,0.00025378653905419385,0.0014015986659223717,0.0011933727307018942,0.0003854736162537562,0.0006799449097001794,0.0007905651410679531,0.00011618740748629383,0.0009870754219477142,0.0,0.0006824053776821304,0.007473567078379688
0.03959252906367248,0.0672621431615375,0.037455914907132744,0.02589287300682295,0.0179589964031296,0.0,0.027668518911896922,0.04970702900741311,0.005261039222694089,0.03209224883353987,0.03747994775447875,0.01493807902000956,0.02225657098848675,0.02222393336586178,0.013281630057479992,0.03593869686467586,0.014137380993303167,0.022921718136128394,0.0,0.013460867688657077,0.025774980200201077,0.02545077092908234,0.006130726760219863,0.017677967720871494,0.0,0.0,0.0010703492938806132,0.011670526837649303,0.01444550742245452,0.016494458967289526,0.02229185651139643,0.010484924981937514,0.004283681214679606,0.0008372534609771116,0.008610972626531342,0.002572936786618102,0.01026578691592596,0.016560993316144235,0.007987402016591462,0.0013429269862249352,0.0011760137997743824,0.0048178442106012725,0.0,0.01148619875327181,0.002872263900877741,0.0030885207991985463,0.00503020446246568,0.0,0.004686788457496045,0.007915035081939541,0.0,0.0008793456187173089,0.01554599729693991,0.008699292710075478,0.002648287112322101,0.004401568617423343,0.0,0.0029889741588350425,0.0,0.008787351606176564,0.006668673821803508,0.0009305786614794852,0.006332782266809598,0.001847841604337587,0.0,0.002352502690501209,0.015778164113127876,0.0027388187329917854,0.0024905735780682134,0.00141120262222691,0.0,8.357435273623766e-06,0.004901668717862706,0.0,0.002033988206287313,0.004800920164937996,0.0035495940917681275,0.006219901557155221,0.005733629980855815,0.0016227054587610301,0.0028360417057585003,0.003926311045403443,0.001597212551092213,0.011701439722503789,0.00045953059794367064,0.004333521182691653,0.0013557550048448998,0.0030369999999258373,0.0042689011576652275,0.0027726082823052406,0.00024319410500121165,0.0012890699103064631,0.0137574703476918,0.0023010906442759082,0.0008434118555933676,0.001085035571093242,0.0,0.0012303456289029155,0.0057025297615594175,0.0015371678095509361,0.0017560771113882307,0.001033382264225503,0.0009795218108831984,0.00047258248347333535,0.002157597415326553,0.0005135811439573502,0.0012157723828078826,0.0013282279873825372,0.0014471941392983877,0.003138787448421438,0.0011960070230550835,0.0008837684678068163,0.0006764606168343016,0.001584195058995243,0.0,0.0006569769342291365,0.002372621103625303,0.001817920105958747,0.0008667340929650103,0.004277562223341396,0.0008150023172835622,0.0022137479871889095,0.0008613879124900833,0.0011938461472870236,0.0,0.000900315592970381,0.0027396203082480416,0.000571297208056487,0.00030108686465718753,0.0,2.848789454272045e-05,0.0005867125584937669,0.0018237856779287217,0.0011775006543262617,0.0006853350794062902,0.0008015414820181739,0.0009733575620656326,0.00024421768958406056,0.0005645672407469705,0.000508712643793139,0.0005116015795587004,0.0,0.0005280309452113038,0.0004655995471187615,0.0002596526290795693,0.0003060795414376419,0.0006251962203208798,0.0005040856857233516,0.0,0.00014998598852503282,0.0006606164461510831,0.0007914501899297178,1.9596488561171882e-05,0.0,0.001002643091536805,0.0002614865983658379,0.0,0.0009475552823737547,0.00010617109132345192,0.0007724748096113502,0.0002824948219438135,0.0009869300774790835,0.0,0.0003440104315641622,0.00026260489154199094,0.0009124042372230048,0.0012413506267188684,0.00047429365525809245,0.00043434796294426964,0.0005085002038340721,3.254947186294035e-05,0.00023795684644488407,0.00010245541849408146,0.000628348201112599,0.01806666687361831
0.0013451517217748417,0.0,0.05048032920901165,0.027339323202359357,0.03541312206640661,0.0,0.005865674061190949,0.05695203292149042,0.06433876896470461,0.0,0.03410640397411847,0.0,0.061624395464097405,0.0336848742524943,0.0027866248009519464,0.025442724195473183,0.06399120214974328,0.00870818470669842,0.0,0.014363021931026013,0.0,0.03097269008935867,0.0011001911180991532,0.0,0.0,0.005498571284929261,0.0027218281630601283,0.003384296134417887,0.005805538465828049,0.004224832856616516,0.0,0.016807311231336372,0.0009959183843956504,0.0,0.023687157119903175,0.0002862463830621503,0.02019089907395303,0.0,0.00915673154875408,0.00030285386821057636,0.003075565935735804,0.0,0.002772455010199265,0.002763121851902774,0.02132746894482242,0.003168595575210913,0.004549000731877491,0.0,0.0027135163132933275,0.0,0.0016010732498295788,0.00022518478811657,0.0,0.0,0.0026238841807218268,0.0,0.0,0.0008644855668401444,0.007234840473830034,0.0,0.0,0.0015383745951904253,0.010054209632435916,0.013973245512195987,0.0,0.0011771564543292356,0.0,0.007973847066256777,0.013223239239054897,0.0020221940525690664,0.007260304968012707,0.005378555965110994,0.0,0.017357513568044425,0.019232016718136465,0.012592154803414708,0.0017365962449139604,0.0031627844977529197,0.010195642573180584,0.0008853823500768647,0.00019983013650664533,0.0,0.011727227295710312,0.0,0.00011377213888215027,0.0,0.0,0.0032185742424158145,0.0008014629211020758,0.0028706793827592706,0.0021514181544853394,0.00020665510737915687,0.0,0.0,0.0,0.0022504979347315866,0.0025507466258117336,0.0037381853731794762,0.006752024330968266,0.0011161781064099863,0.0032116643437575328,0.001310797987523975,0.0017525337991236467,0.0,0.0009019746095221376,0.0020033236720065502,0.0015135982236957144,0.003557238766706252,0.0014866558476251612,0.0,0.00025603779706063416,0.0021125461433896668,0.0002662194422692069,0.003108366055055833,0.00047413393280917626,0.0006554401229341415,0.001846385033359813,0.002802039935580715,0.0016289216541059484,0.0,0.0007798752468677296,0.0,0.002912304082343194,0.0008903237828274858,0.0009067345202533481,0.0010015206522104004,0.0012973854283326583,0.0008959541292116869,0.004622218567767847,0.000836403635869958,0.003306776740782153,0.001927121993770982,0.0029498020231633936,0.0018956538268722486,0.0025291306752715315,0.002363440025621383,0.0020890453694409447,0.0013223966118078158,0.006123453125030374,0.0015721784245001365,0.004817773939811934,0.0,0.002074575217089696,0.00011597630658407798,0.0022041348776845526,0.0,0.0,0.0007145018118837321,0.0001464186170158156,0.002529438550853473,0.00030859781415921246,0.0013812441522312391,0.0,0.0008676210730076754,0.001045217233841583,0.0002267281454714196,0.0007246216644658715,0.001466296314199703,0.0,0.0004202816094384217,0.0004070005943902562,0.0004577543388670364,0.00434023261327892,0.0021035987688185244,0.00012227573116877397,0.0009743521645612021,0.0,0.001128978572560905,0.0016009251452625433,0.0008241699316886859,0.0007832327121494091,0.0,0.0,0.00047736890038821433,0.06867052501379171
0.0058795157412029056,0.04619773290924928,0.054110767727991664,0.008092195181281311,0.10964103678994559,0.1596194119287057,0.02176777163666804,0.0,0.0,0.0731410407410528,0.004756741107270322,0.04222346471281318,0.010364069112977454,0.024488891149484594,0.04394427760175435,0.011861082757153188,0.006412460576573101,0.011792617750031518,0.00771737833890675,0.0169370788171778,0.0013169235299362676,0.0,0.010283039407172782,0.004064384807534726,0.01186001709789526,0.008546855463496058,0.006956784744711862,0.00470376686154071,0.0,0.0013201358085608828,0.0016871330161103786,0.0018457911385848299,0.006679663834897926,0.035487137327035095,0.0005164766196250041,0.006395508583926612,0.0004636193804017526,0.0034996745057878005,0.0008167586298541976,0.01959828739853767,0.011368784181992471,0.00681632203402649,0.004427045123923473,0.004037082239325593,0.01057685354524414,0.004540367725433544,0.0021769182015094705,0.004077395030991944,0.006275969336728613,0.0032549499974348912,0.000373099546881211,0.0,0.00022838859996491024,0.0,0.00510940321769058,0.0067627744564157126,0.0012766939928994417,0.0013579301476840844,0.004197906782267808,0.0009071320927355326,0.0023426592678439414,0.002621897545397975,0.0013406119471739393,0.0032675349472439928,0.018812243089109313,0.004570129230376341,0.00023588601687246017,0.0007429985157884427,0.0011456998087287665,0.003247615489586197,0.0058967291983886075,0.00264170494682468,0.00242917342862174,0.0001824538706804575,0.0,0.0,0.00033703319134569036,0.004353038958675593,0.0,0.0,0.0028131599808947547,0.0010544723108572571,0.0029311506919835776,0.0001961241683423073,0.0052976063830710626,0.0023151481130359707,0.006772465295292494,0.0014523369598471673,0.0028243224016015296,0.0008838212464933851,0.006395283121389357,0.0010486933145056184,0.0,0.003838431292977183,0.0012554441487630775,0.0027188804133073388,7.550092336663298e-05,5.4362460423823354e-05,0.0,0.0010453617792495205,0.00034041197922935693,0.0029057884066674166,0.0,0.0012140088821794598,0.000994353242826762,0.0020373055880953087,0.0024229662334593247,0.0014241829442917513,0.0,3.09378703567428e-05,0.00028334250577713384,0.00391164451413196,0.0022926182852237784,0.00047126170536717954,0.0,0.0004429099038135121,0.00035310150360351813,0.0,0.0030285109058759536,0.0008230013769935453,0.0005646546111501477,0.0007778228022564461,0.0,0.0007591206622898218,1.579587835864361e-05,0.00025850854983969196,8.639220399616898e-05,0.0015191969527190905,0.0,0.0006343694502710065,0.0,0.0,0.0,0.0,0.0009411195014174194,0.00019567448083661286,8.40695685917885e-05,0.0006288370676327733,0.0,0.0,0.0,0.0005241311515192195,0.0003423709381608434,0.003034591644006495,0.0004499711339661015,0.0007488195894798687,0.0004088389029833314,0.0,0.0,0.0,0.0,0.0,5.525272242846685e-05,0.00040323232246918986,0.00016121145195699697,0.0006327861497286904,0.0001060087948125016,0.0002114623149979442,0.0019081016034719464,0.0006467398506496956,0.0001701497364866206,0.0,3.236062447158188e-05,0.0,8.346827890597818e-05,0.0,0.0,0.00026427179531547456,0.00029726673005903674,0.0,0.0,0.00018257323981819625,0.0,0.0,0.0
0.003832756900981737,0.06808469956334506,0.045294204775213995,0.013536957281095427,0.08217586315257898,0.08967228667068,0.028243369917044774,0.0,0.0,0.06878488795288663,0.00472660560516372,0.045699304594856494,0.0,0.026355018055178824,0.04395855724307679,0.013862937696124004,0.0,0.014299692212627816,0.013669581244673401,0.036729401931718086,0.0032670028791280618,0.00255143244216675,0.00787876918608789,0.0037264102595575585,0.018832493327823812,0.010754879902827148,0.017917105924745477,0.006311388102877827,0.0035062960536124997,0.0033793820717471124,0.0035972474163368903,0.0039917120243357284,0.006042017491362713,0.025215187992579137,0.0007079711197096253,0.0091087179532717,0.0014402129695177566,0.0029994335467021446,0.0015683078431264603,0.015729796484197183,0.032459903289261544,0.006282613262554258,0.010221092653543247,0.0039872257079010594,0.0077218954799590555,0.005909413146579276,0.0012197602253041608,0.004158142364659678,0.018663342818824636,0.003086870407698045,0.0001716379896461612,0.0022528421455681974,0.0006199529948941618,0.000786819967459338,0.006137013519519153,0.003950455068175725,0.0011363269671470905,0.0015873525597985656,0.003374070397188747,0.0,0.002814971252942727,0.004278726319654875,0.00196520757696593,0.0008340676137816821,0.013362021508962764,0.0007678595431660901,0.0008094011999724097,0.0008632926598147914,0.0,0.013928634195265747,0.0023785105621059485,0.005567401438907056,0.0001690364462402344,0.0009171065569810933,0.0,0.0,0.0005325959778295206,0.008019469705500961,0.0007448620386142633,0.0035621824711087598,0.004158456265372284,4.488438001984512e-05,0.0033573725217818534,0.0006159075310228007,0.0039925966950940745,0.001919941771080186,0.0035210151682772846,0.0019926818737120533,0.006884684410603718,0.00046358846492123906,0.0027925980709019634,0.0015562526641967427,0.00035620370981224894,0.0020641175546326712,0.0005454078491020528,0.004433083345070435,0.00013370413790514608,0.0,0.0,0.0008043281447057489,0.00012411898802029638,0.0020307776945707647,0.0007495524703560564,0.001393221622214753,0.001270668715874717,0.002317559758112707,0.0014000104095014047,0.0031985615737551635,0.0,0.00015033836629255084,5.7517743074634645e-05,0.00028573998617625716,0.0032016668183045736,0.0,0.0,0.001017373425228197,0.0,0.0,0.0006406696434868247,0.001543308708249357,0.0001289514849283506,0.0009562027082357174,1.2109187646076065e-05,0.0006313889271055886,0.0,0.000242089537082636,0.00021081717858929437,0.0009162728722759934,0.0,0.00028864927090580683,0.0,0.0,0.0008245976102519834,0.0,0.0010953955461011054,0.00037346531188951906,0.0,0.0005532693966365447,0.0,0.0008712156871763525,0.0,0.0007109763312194443,0.0005351110616641701,0.0007543907844648165,0.0003505263785644083,0.0010119464332205425,0.00035309994807870485,0.0,0.0002198976577972095,0.00011471109166284103,0.0005031096140156773,0.0,3.778602640542755e-05,0.0002381822032123524,7.058465867615899e-05,0.0022985322649172017,0.0,0.0008209865543980492,0.0015580802917832548,4.583634780596688e-05,0.00010431062117708092,0.0,0.0,5.327415219099293e-06,0.00011447235830837747,0.0,0.0,0.00029161900889759524,0.0003640182920057469,6.598808632712941e-05,0.0,0.0006142035474669808,0.0,0.0,0.0
0.005343243474258475,0.06894422342469096,0.045900572840537855,0.013325393774725754,0.0820250263094254,0.08983586712036315,0.028827431773075736,0.0,0.0,0.06885440049044012,0.004980104317926244,0.04463196696502505,0.0,0.02628220259067748,0.04376920824069676,0.013779454867608829,0.0,0.013877741759871621,0.013842913593284769,0.036634784208553775,0.003195890486893731,0.002484609090357892,0.007855008674516894,0.003833586115829988,0.018897774672140197,0.010810528403800168,0.017973513737839203,0.006481443522959697,0.0034244296554809166,0.003231380241929839,0.003664576694132294,0.003873515621451175,0.00624602374337238,0.025182081240241475,0.0005561853804073138,0.009127392712165524,0.001410448251963704,0.003083511578406048,0.0014318233227133847,0.015741055506859693,0.03235981471128152,0.0062735762595751456,0.010180131207219391,0.004076846538691941,0.0076377365577018595,0.0060557273032444394,0.0011972714223262859,0.004191247574960472,0.018612345731508547,0.0031613065430402113,0.0001925021905982167,0.0022611475675547916,0.0002574882196363462,0.0007759544012870274,0.006084837650651063,0.003890934716778308,0.001185083523270427,0.0016408310515858729,0.003411273067001425,0.0,0.0027362669478753266,0.0042870990744813455,0.0019196139216128825,0.0007914950091629458,0.013367952319845701,0.0006595909260026985,0.0005195701959843889,0.0008163764531297325,0.0,0.013883889247032325,0.0023401522548699262,0.005622627902240118,0.0001441984879323688,0.0008887812033322979,0.0,0.0,0.00045412169292698026,0.008085755416132068,0.000760100256529812,0.003534863211431346,0.004150281945280328,2.0992447540134487e-05,0.0030928248483115305,0.000428303454296511,0.004008573982460649,0.002004323214564839,0.003508023543113469,0.001972725075882094,0.006916933208402578,0.000384103126408124,0.0027643803562137897,0.0015344614576023943,0.00020746410792328717,0.002037794031296094,0.0005544296877819077,0.0044057917785209014,0.00014840654586838079,0.0,0.0,0.0007589380912141235,6.271831160566437e-05,0.001998904978308428,0.0007922611668608944,0.001423669769061666,0.0012522397629034594,0.0023341662918864,0.0013782867151284081,0.0032321985703422772,0.0,0.00012899334458521316,2.0422214796166214e-05,0.00026229020356657526,0.003229648812103966,0.0,0.0,0.0010184518559270266,0.0,0.0,0.0006560414948596599,0.0015713310027359226,0.00012469837342833667,0.000986385092092726,1.5302365410075513e-05,0.0005966962819384518,0.0,0.000214414346323489,0.0001755020557250019,0.0009107381256313574,0.0,0.00029755692310274494,0.0,0.0,0.0008259553038667297,0.0,0.0010816704596244826,0.00035307761257634315,0.0,0.0005519413269565007,0.0,0.0008559125141049615,0.0,0.0007199252182119361,0.0005001207713667062,0.0007441097616738092,0.000336594172814323,0.0010181493113469268,0.00036567384999195834,0.0,0.0002203458034404574,0.00012447431273968592,0.00048749112988553603,0.0,4.357507668350451e-05,0.00026481581291520976,8.525230124011022e-05,0.002290944335759488,0.0,0.0008129835341301642,0.0015598498004326766,4.727293237016893e-05,9.94446720489874e-05,0.0,0.0,0.0,0.00012826859312027147,0.0,0.0,0.00026718445448094616,0.00034671335495783506,4.3103760411578475e-05,0.0,0.0006256556987845961,0.0,0.0,0.0
0.0,0.08418609968575096,0.01946302727016223,0.03927021654928506,0.022599830622436548,0.08021171174823773,0.016333983405376482,0.034110232808848215,0.04166331433786618,0.014739674560769097,0.0,0.014154318223350157,0.0015935400805691658,0.022869830252018546,0.03393759139693819,0.02972567333339176,9.16625383140427e-05,0.02195751030672768,0.020513002678913508,0.003990574192490845,0.013642707552092834,0.014589100987582348,0.01933973404326631,0.009374409267995779,0.024814846376977347,0.01719138162637615,0.014577685380468088,0.008685652371258673,0.009883950742589482,0.009633504303007615,0.005304910131062462,0.017616091426294476,0.0015367858060209728,0.004127918468171765,0.007543316609172682,0.013765230218772873,0.005759849600988339,0.002944481221750342,0.00420358604442893,0.004264844234458046,0.002811262317108629,0.006765209752858001,0.013384096586960203,0.003597410211759988,0.007676408883289409,0.007752809300031606,0.011529333000852822,0.012386823725001947,0.002221966513038229,0.008025995348781364,0.0,0.017473780270340925,0.0019201363701097465,0.004864788677782146,0.004424678001567786,0.005533958706188005,0.00026289664502793746,0.0007946504383853978,0.004043564127709369,0.005865535796378077,0.008733530384858572,0.00663938750781766,0.0,0.002824721076310446,0.0017636008342270632,0.003647850023746592,0.00150808064180183,0.008359865259753648,0.005251578023999824,0.0013733243213447815,0.004989870448582403,0.00462747364402367,0.005125039104073385,0.0,0.009213293928126063,0.0014302944739954125,0.006728604550248442,1.764946620338362e-05,0.0014206139745001247,0.0037571930123286427,0.003239806956329755,0.005326109966931839,0.0,0.0012010152023017413,0.001494234132747792,0.0005533262238300576,0.0016652744767966798,0.0015606345548935371,0.00019084050847718487,0.005472224978123565,0.002399307174749638,0.001125984258763726,0.0011733081515557012,0.0022826409453280427,0.0023169798207758655,0.0015909475226400422,0.005325361409892288,0.0012116033328205401,0.0027367597865857857,0.004702769860549756,0.002834384961162384,0.0018674229339896648,0.0007586216965433993,0.0015600088115014467,0.001437911614404475,0.000280896085222143,0.0017969477705624874,0.0,0.0004406283121635755,0.0026135202204974413,0.0004499079272575081,0.0011249835632852379,0.0012320119524309558,0.0006276985314725949,0.0,0.0021183993582421573,0.0014444247791196344,0.00011800067716141927,2.4481676975292225e-05,0.0,0.0010635402546961008,0.0010916485266268072,0.0008143966613533611,0.0024487826638553566,0.0,0.0022476271561247037,0.0,0.0003275808194201344,0.0,0.0021910601330975025,0.0,0.0003271531046149919,0.0010194204060651679,0.0,0.0,0.0,0.0007804965022988447,0.00026193277119146674,0.0003132964920616199,5.289170675277633e-05,0.0002325154225303754,0.0012072372739749754,0.0,0.0006783933445562804,0.0,0.0003934918112189714,0.00015673120698645306,0.00030887553753634,0.00017383749783952648,0.0,0.0010509523048757774,0.000301596864354969,0.0,0.0,0.0,0.000209023692032891,0.0,0.0,0.0,5.7808630834255546e-05,0.0,9.821274919342692e-06,0.00014638920893754253,6.117107541263554e-05,0.0,0.0,1.282425944363706e-05,0.0,0.0,0.0,0.0,8.513191699725623e-05,1.5224135220876998e-05,2.4854355774339937e-05,0.006675857099013935
0.004160374066353815,0.09797588248833648,0.05380124428608786,0.06091252998385254,0.026404429749234615,0.044267136137999326,0.024289897120018004,0.021461610915252522,0.012502442586790764,0.029218779539736763,0.0,0.0010641310380488354,0.007939814591990389,0.04138376180972242,0.0005031688430048779,0.020761319377400528,0.007106897256632475,0.025395489402603465,0.04394112038480632,0.011656622758296027,0.005912195442342468,0.011280341404755666,0.027586200681056605,0.02032510722991738,0.02761179137366895,0.018985041050477672,0.027271989394932493,0.0059614555108945064,0.011729595244676993,0.004018984207571766,0.0,0.003069412362968716,0.041528690261270505,0.0051041476190059965,0.0,0.012303676058088825,0.0001507674959259957,0.016673347263449094,0.007897216858420987,0.0,0.012394118972574777,0.009343397778952541,0.008663855179066404,0.0031633366336658707,7.182226057502833e-05,0.007116346782889292,0.005997007195617666,0.0038460116757249433,0.0051459330513891986,0.01594200146040655,0.0002605188187657536,0.007010544324440618,0.00011540446288756863,0.006639282387812949,0.0,0.0018467333206760167,0.0,0.0015618231440679,0.005465396821677285,0.0,0.0034043789975528272,0.005092434730424837,0.00019603657398259354,0.0016416360855901456,0.001445905727175912,0.0,0.0,0.0010794264770701435,0.0006308649705160842,0.00516964730078788,0.010473467159739505,0.004057135805561689,0.0006538635340331252,0.0005267503035963449,0.0,0.0,0.0007510301410884972,0.003055043927189494,0.0007379367640413044,0.009167040506199075,0.003370148561461449,0.003368274636656195,0.0031368736559578584,0.0,0.010087857621438573,0.00752070014816715,0.0006886237516760442,0.0017007695743241004,0.0026395676677377017,0.0,0.0002194918852072071,0.0010868708923380283,0.0,0.00023339052334435455,0.0013235510294348925,0.00036599708936785,0.001468879564501265,0.0006108945069325179,0.0,0.0,0.0,0.0,0.007278698499621182,0.002164988941764674,0.0003797219573245224,0.004860590509845868,0.0,0.0004538608102198882,0.0,0.0008936275767044269,0.0,0.0,0.000998326628849018,0.00013029129014391916,0.00016406102920544168,0.0018202213484770666,0.0005187162945771186,0.00014459361770230837,0.00207505932470247,0.0010412263424817215,0.0008506062926292564,0.00022566816736619745,0.00027344002825600665,0.0,0.0005496009678556957,0.0,0.00032243892640833983,0.0006324290166134687,0.0,0.00032882171805716996,0.0,0.0,0.0008737686099296766,0.0001824640697348883,0.00029331015615894956,0.0003398340312071657,0.0,0.0006958648627011599,0.0,0.0003582288296727163,0.0,0.0010798217527178246,0.0006661888537510051,0.0,1.4848078108728138e-05,0.0005471613169424659,0.0017357939959041315,0.00012195770499669343,0.001358558508994693,0.0,0.00041662121949468485,0.0,1.2923098296562563e-05,0.0001348374179846921,0.0,0.0010304064586290765,0.0002683680109494221,0.00019987691786571264,5.958954960286934e-05,0.0,2.1945754327430693e-05,0.0,5.3191075138014745e-06,0.00013519365830197676,0.0,3.519899307227379e-05,0.0,0.00030886722347240225,0.00024346907933879398,0.0,0.0,0.0,0.00010795727164677434,0.0,0.0
0.039180911560175904,0.08158305089008394,0.04385369662248222,0.041424967072886336,0.02276502100283143,0.06371276390936319,0.030233030053841394,0.0048939993108989555,0.010990965174786947,0.06091425842209518,0.0,0.007448407082790162,0.0,0.041574302452304125,0.010452483044762846,0.017547557942355324,0.0,0.015781959424189404,0.0282116196862661,0.02284974168123611,0.007398834698676763,0.013994717519359776,0.03432491735095099,0.0,0.02113424131214694,0.015489282385936016,0.018415704675804504,0.0038725168518539445,0.009111063540606054,0.0065878785023616646,0.0,0.011956225229423495,0.004340714630928255,0.006210279091385762,0.004986944131769143,0.010812215058652343,0.0061608213784238525,0.0,0.0015579028878820098,0.0027274909575630787,0.01623769249442139,0.0073025254352867925,0.014735912863460144,0.00533696127822377,0.0033473288702264166,0.0027516525771029703,0.008214132081904765,0.007644252718655493,0.010117998627009952,0.004400747018338374,0.0,0.010470279282280935,0.0,0.010428314173292425,0.002793308119307025,0.003386658808958963,0.0005315574428602525,0.0,0.0,0.0007448929221788247,0.005202768836241783,0.00371360076571607,0.0,0.00391668926719721,0.0016830062813714944,0.005794164677370505,0.0,0.004969448849368005,0.0005454176950837441,0.009685736429934973,0.0,0.0033281345964760395,0.003721572903595697,0.004183503654956004,0.00454736790951004,0.003400709877604498,0.0027606295606065175,0.005650504840082949,0.0,0.0059491792248837945,0.0017406387330221836,0.002809534767111251,0.0,0.0,0.0038817716749458826,0.0,0.0017063740411412931,0.0005405312536441933,0.004363210572674774,0.002580727294009124,0.0024359642567898486,0.0015048644209100079,0.00027878978958538784,0.0017701599824686415,0.0017519386005232912,0.0004996115557659998,0.0026018816286077838,0.0007818190159081395,0.0,0.0028556937581737957,0.002817867688534694,0.0012768087690431887,0.005423338116263002,0.0010128290929413192,0.0006094123560366294,0.002314778832080054,0.0010531745285707501,0.0011657269832314654,0.00010598231891288403,0.00017973773842351777,0.0,0.00040268882437784453,0.0,0.00029224928766359305,5.597402578784575e-05,0.0018965878730823934,0.0014526933528161191,0.0,0.00018868095512553952,0.0006072453885454419,0.0010406675545708128,0.0,0.003727326403979118,0.001061264510321473,0.0,0.0019191187147445834,0.0,0.0008165836944055781,0.0014692940415996594,0.0010934841577931941,0.000667571252519156,0.0014071831829130883,0.0005017073636888718,0.0,0.0,0.0,0.00014959661888395485,0.0007903074572480047,0.0012247232510672588,0.0004891639034134605,0.0011044246014874598,0.0008491211803950143,0.0,0.0005726330572448189,0.0,0.00018732691204993726,0.0005444413472805744,0.0,0.001324306647779644,0.0003628181635752321,0.0015540909785863061,0.0005128893873188836,0.0,0.0,0.0,0.002082237521246824,0.0,0.0,0.00021891957913729268,0.0,0.0,2.64017862048561e-05,0.0,0.00047627812935479907,1.706908984329219e-05,0.00018620521402979828,4.288043859496354e-06,0.0,0.0,0.0,0.00033821712236985056,8.39555997338719e-05,0.0,0.0,0.02023996043405399
0.0,0.08375528913375004,0.020572644370617756,0.041541350476175874,0.02196154250789278,0.08356775571475199,0.01775894886202221,0.03634303975777461,0.039990934413474455,0.015342998759580981,0.001326387594021058,0.015242781853773445,0.0033888776741726107,0.02411122922241302,0.03386266105093025,0.029445101417461875,0.0025036137274441796,0.021137109011676654,0.021090785687841028,0.0046689884644978575,0.013877707395790478,0.01447097694957358,0.019259611635194965,0.008103704579510361,0.02565078641094069,0.0173525811268774,0.014798257763184193,0.009274750691283105,0.010528459513029038,0.009661395676383881,0.004884868751766577,0.017051424055625305,0.0012047566627019076,0.004379355415957011,0.0077921046314885995,0.013836266897398941,0.004540265448402598,0.002040286554190248,0.002941315013297386,0.004061671617727753,0.002942943665499834,0.0063661048934775585,0.01337881736488661,0.003763740986557023,0.007011056086046331,0.00829921620248612,0.011703095727129947,0.01249086688008405,0.0023575337787997345,0.007724001830658417,0.0,0.017529647514417802,0.001975566304295224,0.004784128941695195,0.004393953793677167,0.005418630100549718,0.00011939975384433305,0.0008902528962414639,0.004453353302581222,0.005443967473621802,0.008223956457069515,0.0068799484654766836,0.0,0.0024229169406870758,0.0019164888578975582,0.003281516348431678,0.0017281203129280857,0.007440701336149445,0.004842734029750158,0.0014608550645922541,0.00529700677348419,0.004949270517627505,0.00502265872203476,0.0006878083186793847,0.008686872106009727,0.00040438526149437064,0.006419476018494662,0.00040240256418941307,0.0015082527129066552,0.0037505724321725224,0.0032257861155552746,0.005202568653121154,0.0,0.00130857943848115,0.001494221746699491,0.000335246045626267,0.0014706966461894,0.0014081887867896541,0.00031326639783780673,0.005131848647117524,0.002296578529066206,0.0010068461213625867,0.0012332832373780577,0.002313900124201496,0.0022667546463565075,0.0015298109955825898,0.005150149849043081,0.0012634773801428441,0.0022729545732590147,0.004482478041266635,0.002447671022775367,0.001684474021849562,0.0009715163117207457,0.0016325100192345046,0.0011241390496442914,0.0002624377214714004,0.0014913784268080162,0.0,0.0003105734856099059,0.0026152325405959607,0.00037745994134217366,0.0009251967900119338,0.0013522261768687104,0.0004653847948225279,0.0,0.0020822687438251694,0.0013973806821915636,4.286461853697533e-05,4.5758596176851e-05,0.0,0.0009597685226639097,0.0010301511458266452,0.0009470567826330899,0.0022863823432302545,0.0,0.0021351514073742494,0.0,0.00030814135455037284,0.0,0.002290496915403893,0.0,0.00020434776568577196,0.0008504381984572669,0.0,0.0,0.0,0.0006569559606671656,0.000269693577268553,0.0,4.188199241071127e-05,0.0,0.001186627451100943,0.0,0.0006433383639234969,0.0,0.0004634370435360588,0.00018641648833352557,0.00032309903325421956,0.00027977228856875376,0.0,0.0010160801454607007,0.0004598822227081602,0.0,0.0,0.0,0.00020004568715533232,0.0,0.0,0.0,0.0,0.0,0.0,9.836062921906201e-05,0.0,0.0,0.0,0.0,0.0,0.0,0.0,0.0,8.035414803502858e-05,0.0,0.0,0.0004522043867485565
0.0001225947026779751,0.05894746956161656,0.041197537043729124,0.018842707960090924,0.045163496386339,0.07095976502691584,0.013004415557418672,0.02960540839038241,8.088707925729615e-05,0.023565221452231264,0.005768058978763893,0.030510562017210807,0.0024880097130866204,0.029509173762712265,0.028256907725793635,0.021830655671209405,0.013063441842961808,0.010903808247149642,0.014831355868429362,0.00919257088254964,0.015065302426838394,0.01713615556140941,0.019372385850388123,0.0,0.021576258808063197,0.015855524412620732,0.018228856015591332,0.006771495120422688,0.006403359282859059,0.009845370177104826,0.0,0.02203343756494344,0.0006346838847036425,0.005985343912953671,0.008021246380475392,0.015073933191034266,0.00710493650001069,0.0008646493826108652,0.007976143763649987,0.007631452395398727,0.0033638626632045386,0.008326947548373024,0.018228084710226702,0.004340196437713503,0.0131311006781299,0.00433356356866351,0.013952219514224515,0.016150416592839046,0.003410948445385874,0.00489228637295479,0.0,0.012028783902897302,0.0,0.006367336019287078,0.006704775867310466,0.00797023667152296,0.002151281135374885,0.0003173175042912232,0.0,0.0037747193551944643,0.011055629531231076,0.005285896712700193,0.0,0.0067605437447738614,0.002655953868160973,0.004245218305761777,4.608460282203999e-05,0.01011626083413632,0.0008969183351748054,0.0021660740848782715,0.00114397708478253,0.0027355529835122296,0.005843298745826,0.0,0.010810394597433465,0.0,0.009956972885622297,0.003305579339339311,0.0007218019440828768,0.005943689852405535,0.0037777010217660625,0.0055631582270634855,0.0,3.0269829935565033e-05,0.003797575971980666,0.0,0.0038763915071423354,0.0022338409385059934,0.0010281916738659879,0.008302230068123199,0.0037661555445892723,0.0002425853570357849,0.0,0.004299568998889121,0.004030745422380543,0.0023350116080596743,0.002366294334232904,0.00326821945891873,0.0,0.00662943968707778,0.009394711807242235,0.003532864238654358,0.002254790940208276,0.0009517461842250587,0.0018130394065137912,0.0008172846271350312,0.00362078055221847,0.0007687159903041192,0.0018391800969228273,0.0002074231166399437,0.0003964411375593365,0.0002188063429486537,0.0,0.0007668927324405959,0.0,0.0011706446999502147,0.002969781193359387,3.7612630225396784e-05,9.597741429261784e-05,3.206931927439709e-05,0.003351397690049082,0.0,0.0013742628440318366,0.0037768618700962115,0.0,0.005200730406283928,0.0,3.847853543419016e-05,0.0,0.0024242694484023697,0.00015850302925262265,0.0001781188690712963,0.00010384691616246244,0.0006701844639110514,0.0,0.0,0.0014249980432624817,0.00039721735285394864,0.00011515928325436988,0.00011529687288321646,0.00010406574281466693,0.0006731235033632501,0.0,0.0012440191399759886,0.0,0.0,0.000517643149756517,0.0002497024121357086,0.0002282702887858741,0.0,0.001953579456922984,0.0,0.0,0.0,0.0,0.00018375811893827398,0.0,0.0,0.00010633413046689178,0.0,0.0,0.0003080139680983394,0.0,0.0,0.0001912405732593316,0.0,0.00029193425427407937,0.0,0.0,0.00082804574299701,0.0,0.0,0.0004254752552869212,0.0003708196164513616,0.0
0.0,0.0656401231733613,0.04749783901902861,0.02656686035033201,0.08780213849840904,0.11049590785462064,0.008271355732134023,0.011262457631410408,0.022834590045857427,0.06033471208881078,0.0,0.034666892565596186,0.0,0.03244275546811136,0.021541492782821955,0.02058867662794294,0.0,0.01921529949705484,0.011621752392479331,0.035903895784853326,0.005506311394839775,0.005383920593658984,0.008484133787782273,0.0027992567469945434,0.023090565762739882,0.012625542168922744,0.02092170380462967,0.0022309670507322348,0.0053626939923162985,0.0020198504086746728,0.0004927153511640775,0.004315679772288448,0.004270979575812389,0.02806649583534972,0.00016374819719733059,0.01016404172615258,0.0011921214475252735,0.0017911881496478954,0.0030012499133547084,0.007915147750413921,0.03041412771157068,0.007392580519317899,0.014477902114377779,0.0012531557000761348,0.005448774281715873,0.0,0.0025227475923084676,0.00617995014664854,0.017806150225019014,0.0023608687123697326,0.0,0.00982417824108449,0.00012299998616404354,0.0018256960730770274,0.002858679973088203,0.0029115919105084072,7.488163549730449e-06,0.0,0.0,0.0009714784596714798,0.002045928246914544,0.001391030331196384,0.0,0.0016614320886686527,0.011446663912680196,0.002297282873536558,0.0001293024632933147,0.0012549265127584518,0.0004618048874907419,0.013376672700531127,0.0004848141039073724,0.004493414711441057,0.002388930033310291,0.001237990988648768,0.00047971093134274647,0.0008538794294915957,0.0006280738031768972,0.005669611101155247,0.0011488023578387434,0.006238187686321741,0.0020103935154137894,0.0,0.0,9.074643302036566e-05,0.003420676724922171,0.0007217986378152715,0.003947247236470733,0.0018342074131932644,0.005645256866031181,0.0,0.0036848410319036567,0.0016280010199910273,0.00029594335291368337,0.0017049807575692515,2.1710953337567164e-05,0.0032051360017567245,0.0012646094672128223,0.00045234725658038164,0.0005794086840210912,0.0003520240338880284,0.00026760969746053847,0.0015753531610834966,0.0012552539156415897,0.0,0.0006274541776164352,0.0027323088153309205,0.0007687362386388187,0.0022689335288464656,0.00019160989884103017,0.00020866673791850404,9.943696521718319e-05,0.0003118402949312502,0.0,0.0003026735816260629,0.0,0.00112850587574396,0.0005346042519997427,0.00028023995877035976,0.000417791045481657,0.0007401987933321573,0.00041353548890807335,0.0,0.0005772001047454626,0.0002369840799697595,0.0,0.00039484742312618896,7.366190371638029e-05,0.0006720046879909826,0.00018056263330829404,0.0007397362303679736,0.00035903306573148214,0.00029075918076228456,0.0015480041825683992,8.762572179561362e-05,0.00012750685424012592,2.679165596428625e-05,5.293423713130827e-05,1.7927151975492832e-05,0.00011238645852363084,0.0016188257953457237,0.00018461414468815774,0.00058638123058658,0.0,0.0010042453033664342,0.0,0.0,9.892600109887176e-05,0.0,0.0002517026269482333,0.00029536256743528503,0.0010296440501495645,0.0006023774999433033,0.0,0.0,0.0,0.0018607891227680167,0.0,0.0004983059398060267,0.0010517478869468972,7.972379363169917e-05,0.0,0.00013247940610510136,0.0,0.0001256319194970538,0.0,0.00010071763819333965,9.47091427516833e-05,0.0,0.0,0.00011787161293989008,0.000103675839564139,0.0004004074276859871,0.000274204680978471,6.21040428900711e-05,0.00839161302405901
0.0,0.06616011516216135,0.04692123758990032,0.02456098711209353,0.08793962741383578,0.10764305283530726,0.007549129788135109,0.009625093493113948,0.02385650260374248,0.05978034546196367,0.0,0.0330567688070746,0.0,0.03133697016212451,0.02135347000563712,0.020611687607708165,0.0,0.019444264931385298,0.011225969467566096,0.035256781175337204,0.0052327369231192754,0.005373108731921986,0.008455689043882539,0.0037844475039668798,0.022391513420738588,0.012466743996148322,0.020709782198017043,0.001878464621356497,0.004788535969858096,0.0018713295825196685,0.000836309978068962,0.0045991517212033576,0.004641346554436946,0.027789201930854664,0.0,0.010063366781633845,0.002062065039975684,0.0025089525675201403,0.0038323079081742668,0.008053264207559745,0.03018555376493503,0.007649188044701923,0.01438482223452833,0.0011778955630318653,0.005858327586127535,0.0,0.0023393910272797185,0.00607495238528253,0.017631827229953125,0.002607718009233872,0.0,0.009712211831827055,0.0,0.0018601908237347335,0.002831909125009755,0.002937722580470853,0.00014663716257774616,0.0,0.0,0.0011874988778456336,0.0023452313274318387,0.0011981718430437965,0.0,0.001920586462154841,0.011311351378486338,0.00248260286422957,0.0,0.0018817101253105868,0.0006683907110382668,0.013252911226701341,0.00021725355259719718,0.004269114557995291,0.002427537597413965,0.000703265930765439,0.000782445861187759,0.001603081364495639,0.0007859983860361424,0.0054178357802424585,0.0010869148494119243,0.006199997819682009,0.002004167666672578,0.0,0.0,0.0,0.0034208306518823126,0.0009377717263906702,0.0040708476392207985,0.0019267264273744476,0.0055650075416792694,8.565079468170334e-05,0.0037280113373674667,0.0016959544494367662,0.00014955943452692403,0.001654862311224923,5.879772650435915e-05,0.0032230607606668835,0.0013860005040785717,0.000401955817488883,0.0008481786612063456,0.00047240025091088505,0.0005063954874187328,0.0016826246727622558,0.0011197732145950122,0.0,0.000844209457060952,0.0027505561701818967,0.0009758998058987397,0.00208487195074257,0.0002664308761362812,0.00018537905754127033,0.0001274644829200911,0.00044132878580921815,0.0,0.0004126493224188242,0.0,0.001147758853767598,0.0005613167497787576,0.0003229009927055757,0.00041138151737688867,0.0007395600329005186,0.0004839064615365023,0.0,0.000476564497633247,0.0003279424500663883,0.0,0.0004530385830875572,7.961358470427103e-05,0.0006808221715097169,6.248175090274955e-05,0.0006634258674428198,0.0005677175073503359,0.00035841752736380636,0.001668186090071421,0.00019420299421312926,0.00015090450404198113,6.986649176805537e-05,0.00013258261062955241,1.0958371278298728e-05,0.0005051119522240858,0.001613038890661836,0.0005028013172739618,0.0006031241006894341,0.0,0.0010194861352311984,0.0,0.0,8.467411063150035e-05,0.0,0.00017210128090396166,0.0004931827249737469,0.0010398730921449427,0.00042463898061555173,0.0,0.0,0.0,0.0018586949880617617,0.0,0.0005203018477483946,0.0010337665110623862,0.00017061308397421312,0.0,0.00018483144452708435,0.0,0.00025211383433762155,0.0,0.0001702838824329304,9.813419860707183e-05,0.0,0.0,0.00027468575472964574,0.00014137661474463264,0.0004106724156726338,0.00030865685846723624,0.00011126103933661642,0.012615088163211703
0.0,0.0655517545616438,0.048111028568380204,0.027922657620769294,0.08763023800827291,0.11256882115747383,0.008999874409716727,0.012512478925199926,0.022064452512238663,0.06074828408220428,0.0,0.03545159119637765,0.0,0.03320213986760845,0.02161686806882433,0.020535824301385466,0.0,0.01889845225808991,0.011964561573600088,0.03632879641445194,0.005675982961779505,0.0053661042212112195,0.008494283498073114,0.002128638383655631,0.02360845165989849,0.012755364817699006,0.021087688932830015,0.0025444589061592833,0.005744733994837121,0.00207548010598643,0.0002705932151861184,0.004070104611634651,0.004075554621461699,0.028247012751076685,0.00033163514343416346,0.010240205737098242,0.0005568773677558673,0.0013049823530463054,0.002355816066012662,0.007821826831004231,0.030538244155180583,0.007203095715354689,0.014525574373244473,0.0013392515057469622,0.0051254024235594265,0.00022528131530128074,0.0026455184065640133,0.006264598568581567,0.017910377749195332,0.002209199438008191,0.0,0.009901905127099955,0.0002023812740096438,0.0017962955116726173,0.002860765158317176,0.002872088815098781,0.0,0.0,0.0,0.0007744513964326742,0.0018036377976389493,0.0015334941287179645,0.0,0.0014598304731659128,0.01154440627055301,0.002125498377993808,0.0002866850623835486,0.0007880686937136361,0.00027023594181463715,0.013447531520307546,0.0006644748344948223,0.004673197517268364,0.00235107173927623,0.001611822906318178,0.0002296290504135179,0.00031088056055651075,0.0004872995150255744,0.005873302408480223,0.0011981010239622725,0.0062536121851353805,0.0020126127199014015,0.0,0.0,0.0001744304281562294,0.0034256516314235524,0.0005963103934039963,0.0038529560382704474,0.001760539083562944,0.005713459847536833,0.0,0.0036428811140245543,0.0015712764695715205,0.00034953673821297654,0.001731670395145454,0.0,0.0031827130115566716,0.0011817271308017328,0.00048454468051280887,0.00035065404136397745,0.0002499863598475642,7.472604383130687e-05,0.001487154386070707,0.001366851782786439,2.57423759621762e-05,0.0004655644758345819,0.002724191957513169,0.0006125580931551753,0.0024127361686467224,0.00012709772917309292,0.0002179303929557398,6.64214834026009e-05,0.0002106417434497573,0.0,0.00021914692924021587,6.511466286442194e-05,0.0011147649646060314,0.0005136565511869688,0.00024300714271770877,0.00042773395307596593,0.0007505802170263174,0.0003613030378381765,0.0,0.0006502012292122733,0.00015977596991422757,0.0,0.0003433163008603868,5.7206012240499915e-05,0.0006637283558761008,0.00026156433526955565,0.0007972646193859487,0.0002108656074897758,0.00023036950629410694,0.001461499226174883,1.261968184577292e-05,0.00010637263498497564,0.0,0.0,2.2717313689428975e-05,0.0,0.0016169979156493667,0.0,0.0005773908706533682,0.0,0.0009894136022182197,0.0,6.83299527529006e-06,0.00011361344349560394,0.0,0.00030896140936876855,0.00015652073677190805,0.0010164297872954147,0.0006994505793786441,0.0,0.0,0.0,0.0018594806256032757,0.0,0.00047978256965340045,0.0010652910117619466,1.4910935977190524e-05,0.0,9.324340676588146e-05,0.0,3.257187691298374e-05,0.0,5.3166118592430315e-05,8.495026681231349e-05,0.0,0.0,0.0,7.696513877776586e-05,0.00039701662496151096,0.00025462318639016024,2.7462890428115212e-05,0.005158718392723193
0.0,0.06615716902327565,0.0183163218659663,0.033103064535590254,0.04868463168403816,0.09354068829273547,0.011898977168161354,0.03231766553948996,0.026980093366474826,0.03423861720183901,0.007541047274266124,0.018565964230124136,0.009942342308430729,0.014538970159598024,0.03787721155263155,0.0025411831640873997,0.0004255539871904784,0.015036388578528966,0.008123504177792904,0.011943481468874181,0.009223313385958202,0.0081278252245925,0.013915119470999633,0.0004303837052088957,0.020534842646578146,0.017967887398195038,0.019541450293187823,0.00634082158209699,0.00633101415286583,0.005483582081299624,0.0005678224148375801,0.01493290322966315,0.0,0.014031007890211462,0.004287345115882949,0.01161495252883314,0.004741811833361295,0.0,0.0014841906246622113,0.014450697979396826,0.010905102729155984,0.008680153549552282,0.020212229889562967,0.005214216743890798,0.006841630108602144,0.0015232469812955951,0.013548456140909321,0.023565333848072717,0.0065963048034033385,0.0008070511979982755,0.0,0.017841396640199295,0.0,0.004833642053533858,0.00936523265600911,0.00733309911250251,0.0022728801430959267,0.0,0.0,0.003892468256883947,0.00424229492410602,0.0021934199828113603,0.0004231936286690006,0.005315520743967193,0.007025582990588752,0.0035633287341429623,0.0,0.005758863601734314,0.004239760429879841,0.0051521805667711145,0.001590064579253511,0.003893186068185767,0.011360098500149374,0.0013001787004805615,0.00404893206766463,0.002716447427668215,0.0035103923661007324,0.002925474743398238,0.0003206709555930721,0.0028355365320273853,0.0029686158672777027,0.005845694399117721,2.0699551096181645e-05,0.0,0.0026616190508242745,0.0,0.002983621003592812,0.0014260172249971209,0.0026422066860440105,0.003063415699391498,0.005149599104644941,0.001032310132564048,0.0008748260992386493,0.004611656249885705,0.0027745294393203422,0.0016906859939530838,0.0013305348075065024,0.0019056753528754753,0.004941695252220945,0.004136257800371575,0.002448206661298906,0.0024275768974126232,0.0003741287891759375,0.002232842223816644,0.0015357240482387704,0.0,0.002208448381529769,7.696299667701636e-05,0.0011900343225101793,0.000405080081406304,0.00019987677245870714,0.0006872905855971868,9.592772635378443e-05,0.0014135658574709242,0.0,0.0019149125209057454,0.0027791874586477376,0.00021607815017016702,3.8540485146875324e-05,0.00017201384119975053,0.002298054272853483,0.0003863601608309282,0.0035924386409921325,0.0013974941953511977,0.0,0.0016040977902040884,0.0,0.0009721915528897052,0.0002963604702513548,0.0013324263732148165,0.0006652132355855677,0.0003227882220000679,0.0,0.0006774315359853709,0.00030279368788389127,5.9398054425471463e-05,0.0009562516002819944,0.0006213155297321168,0.0008619859172573003,0.0015018610785287228,0.0008838711862816732,0.0013342965596667648,0.0,0.0009664496163418919,0.0002483715722975781,0.0,0.0,0.00011570331694557116,0.0,0.0010283229566384767,0.0009489607199944673,0.0,0.0,0.0,0.0,0.0007811163876528183,0.0,0.0001447467597853138,0.00043937404252415344,0.0002510961535907201,0.0,0.00046953344377552545,0.0,0.00023468796203659082,0.0,0.0,0.00015405742593267612,0.0,8.266084543190921e-05,0.00031102686166508054,0.0002008212260326756,0.0016626267723196173,5.083098207691948e-05,0.0005595843116423583,0.019179921529372503
0.0,0.06690781809237333,0.048535171245186554,0.02663964540532407,0.0878017471774369,0.11142186461234642,0.009235925458577161,0.011847481145651779,0.022613555385867495,0.06069318963800732,0.0,0.03358107584975331,0.0,0.0325922714092329,0.02141231962178064,0.020514817688144452,0.0,0.018649157920148537,0.011953871347254605,0.03597424586004061,0.005463054536780795,0.005304148757892985,0.008478005382238538,0.002800609583552818,0.0233425045793365,0.012756436345887936,0.021082155735521777,0.002530330582118637,0.005351964032379721,0.0018498311881055575,0.0005376408243209139,0.004121973287543849,0.004505144553391893,0.028135024400398962,6.745236778455357e-06,0.010230515166868206,0.0010198325297013072,0.001800619140531207,0.0026918435495617856,0.007944452607754917,0.03039930584452414,0.007358196989304861,0.0144679501813265,0.0013949790546245787,0.005289444232622108,0.00019706091070254467,0.0025251721122939276,0.006254222630630905,0.017813486717607147,0.0024312115094069805,0.0,0.009865541495337025,0.0,0.0018085811562083096,0.0028056312396126815,0.0028363884284485653,5.4125070777741606e-05,0.0,0.0,0.0007769512801064089,0.001899287773239666,0.0014414475544095252,0.0,0.0015661909134887433,0.011510081129371826,0.0021247204952435034,0.0,0.0010962155182556107,0.0002617888209904634,0.013372153740450251,0.0004791354404141983,0.004617423655783241,0.0023515577173582186,0.001285553041940668,0.00030613875280880733,0.0007209076349053613,0.0004983816372410268,0.005818410337002536,0.00118149935581356,0.006218931042731553,0.002009579212529114,0.0,0.0,0.0,0.0034526017160920997,0.0008069119037499583,0.003920187074850144,0.001797906955365638,0.005719012182391825,0.0,0.003648070405471536,0.0015920608737430134,0.00011758833439422122,0.0016822670523853483,2.9202239036753457e-05,0.0031761274601235286,0.0012670156858655916,0.0004461131542514387,0.0003994468767607493,0.00027338162853995826,0.00014745933024954617,0.0015204112551012192,0.0013368338863611869,3.7517254681043914e-05,0.0005715133671244213,0.002758621620933884,0.0007101715610602323,0.0023510981867394167,0.00013835973766224957,0.00018375270398850193,4.4868551438574265e-05,0.00026060408651182163,0.0,0.0002687925721501685,0.0,0.0011298055701792118,0.0005254050261664512,0.0002487132204031979,0.00044120189235482096,0.0007818204410895088,0.00039739001134756163,0.0,0.0005977381454690002,0.0001770408752223927,0.0,0.0003489698700250483,2.520691347862525e-05,0.0006653648826241155,0.00018466006105851484,0.0007648928057725792,0.00033450351888300665,0.00023496423246503742,0.00153397456721566,7.736988851085492e-05,0.00010732261468209807,0.0,2.0017819642598413e-05,1.8231684125378894e-05,7.991332912426742e-05,0.001601931009635477,0.0001514712461811524,0.0005977345092227585,0.0,0.0009901514424875927,0.0,0.0,0.00011895655726720279,0.0,0.00026533035438089007,0.0002782760159813604,0.0010086440272808173,0.0005122080090445196,0.0,0.0,0.0,0.001856609832896359,0.0,0.00048593544815167,0.0010607042783567174,6.76699743955836e-05,0.0,0.00011837134888767036,0.0,9.766593780729511e-05,0.0,9.969757676218061e-05,6.587469144641216e-05,0.0,0.0,6.257836320782692e-05,9.960485248301586e-05,0.0004158328250203524,0.0002900524823742376,5.726977038886304e-05,0.006980381914170921
0.0,0.09380701484740857,0.02475759341185674,0.06482239291781974,0.0,0.030475805701030652,0.028100884426136345,0.04237994499652783,0.014802396469325588,0.004184973333204456,0.009123364860920267,0.0,0.02292181653579149,0.0228874665123863,0.01644513682062852,0.0022091472113656245,0.012736079816978725,0.01883531592419958,0.03833242682406596,0.0,0.00928264778156604,0.013049833639009642,0.030883919154267366,0.015795934424942353,0.024467860715550453,0.023227247597749093,0.024707983865401822,0.010212506117509483,0.012324874133055165,0.006935841237513851,0.0,0.012554744632010032,0.02726659211495981,0.0,0.0033801029616234166,0.013138168079901775,0.0025976093267907935,0.011784126857387885,0.004782694323887047,0.0044947064081559815,0.0,0.009754090966455893,0.013827334803859363,0.007006769384791742,0.0009332767334287667,0.008748430619360191,0.016287084014765568,0.020487973440549152,0.0,0.013210801613583126,0.0,0.01448456429153399,0.0,0.008998411631203936,0.005497980230910626,0.005857426209068795,0.002049240549666922,0.0013590435410397344,0.006034606367899503,0.002131837631855217,0.004828751193798049,0.005734324081832125,0.000750760994086889,0.004692807837346063,0.0,0.0006659055245140826,0.0,0.004586715096853281,0.003741547029117183,0.0,0.010962447458667734,0.0036276305213934308,0.009139386004624099,0.0010722492051741296,0.0028301734551891763,0.0007978429596502435,0.003142778068747022,0.0007317965127217471,1.0703460007253613e-05,0.00534621016005416,0.004075070371474935,0.008865389797361154,0.002885690009442465,0.0,0.008717365985161466,0.005170169890645138,0.0,0.0010889580525108515,0.0,0.0022640347296504246,0.0015828584568656268,0.00035833785822984095,0.0002927094713593584,0.003033417729964056,0.0038375718053681833,0.0,0.001350897525247802,0.0019944582943034485,0.003411402901869614,0.0032236551505649136,0.0014666310361950113,0.000566527054645898,0.006144514836341207,0.004252230621423138,0.00097347192001859,0.0018834728400369078,0.0007894443234369593,0.0,0.0008048718541573963,0.0010003761272654593,0.0,0.0,0.0012504940656255762,0.0010492550812714553,0.0,0.0024430729802493324,0.002600455238005806,0.0,0.0016046089110016454,0.0004958398260259719,0.00251546315961156,0.0007963934235666278,0.00325792935077929,0.0007695871722576123,0.0,0.0010033784502861043,0.0,0.0008676296290317807,0.00021064963777832517,0.0009834195837788561,0.0,0.0,0.0,0.0006329942355647659,0.00039256890488240586,0.00026145975338724437,0.0007085823850775684,0.0012269901472528166,0.00020001268191050103,0.00022948894733963647,0.00021185444286477283,0.001728105191752578,0.00018945080794531305,0.0,0.0004880498403562719,0.0004919508693948599,0.0011179949458468453,0.000236566978663183,0.0009849521441384474,0.00027357939151008773,0.0002881988651669632,0.0,0.0,0.0,0.0,0.0,0.0,0.0,0.0,0.0,0.0,0.00023288457668805383,0.0,8.813831721980276e-05,0.0,0.0,0.0,0.00023084201006175496,0.0003737169404729069,0.0,3.1485897680653174e-05,0.0011029224392146843,0.0,0.00041797909875495833,0.0009374694593655371
0.0,0.09452308408158605,0.024894350589076162,0.06389930133119692,0.0,0.029554949949540773,0.028108369996160065,0.04181520008387256,0.015212208004746387,0.004104670787071609,0.008820966395401773,0.0,0.02219124804200192,0.0224398069961024,0.016319682273859232,0.0022090228469666524,0.01189600387082974,0.018742280649851225,0.038259280653973375,0.0,0.009138650511011289,0.013013657999947751,0.03086022782350193,0.016252665567799612,0.024239677712340767,0.023199821355459862,0.024672678252417368,0.0101536643514364,0.01205029877772552,0.006802314212747307,0.0,0.012614142103361767,0.027515953288722597,0.0,0.0031774457493445036,0.013117327960056909,0.002941967686722959,0.01211962547031767,0.005059105908096498,0.0045745489750508,0.0,0.009863135279122979,0.01378536200889524,0.007020978825005971,0.0010710047639920302,0.008685860973403436,0.016196133558677602,0.020461012242365177,0.0,0.01334767883482857,0.0,0.014448301893884704,0.0,0.009005407981377896,0.0054657092633618376,0.005841707837378912,0.002130505955938214,0.0013708187670523446,0.005933268997115931,0.0021616668528958794,0.0049146961855045185,0.005660728690893816,0.0008224978862008412,0.004778487846549207,0.0,0.0006912109701660105,0.0,0.004821167134014713,0.0037637293070550185,0.0,0.010829993351914275,0.0035698521712504536,0.009141300898785051,0.0008395734116486989,0.0029075494801267254,0.001100606970440254,0.0031683167299870188,0.0006726212095946928,0.0,0.005323847469463548,0.004071527391591476,0.008874287455502025,0.003070785000220353,0.0,0.008727681213457924,0.005300572322902082,0.0,0.0011200303753448842,0.0,0.0023002249765387913,0.0015919361523094666,0.00037821795623912795,0.00015896809411632343,0.003001553569169592,0.0038558196975775334,0.0,0.0014090547386889864,0.001967959070942673,0.003470322701114699,0.0032500024432666904,0.0015340778908390054,0.0005977343125239688,0.006108893174821067,0.004250873966949475,0.001054626129642513,0.001903004671407973,0.0008653536721333094,0.0,0.000820217748284612,0.0009800305211961258,0.0,5.787667870179644e-06,0.0012363476810735013,0.0010881330008261233,0.0,0.0024523102390589697,0.002608773510329082,5.30342170145119e-06,0.0016097282562408854,0.0005111406187857684,0.0025416401618043394,0.0008377141180530959,0.003217160497641977,0.000790101764589829,0.0,0.0010137005013078257,0.0,0.0008694668008751025,0.0001568611469746477,0.0009569957512574307,0.0,0.0,0.0,0.0006789478460968211,0.0003960628244798606,0.0002692095393505191,0.0007335607056213878,0.0012232464671324012,0.00037216588466851475,0.00022183608066382506,0.0003488877744146488,0.001739743113159699,0.00019662109158120243,0.0,0.000512375737592958,0.000475606211539846,0.0011181759506725078,0.00022470599336741048,0.0009523602188072749,0.0003601423962989978,0.0002860282820212544,0.0,0.0,0.0,0.0,0.0,0.0,0.0,0.0,1.9649280603879828e-05,0.0,0.0002522525615986124,0.0,0.00013724055067934176,0.0,0.0,0.0,0.0002415911015786469,0.000378800004257016,0.0,4.773492331318757e-05,0.0011131670988262633,0.0,0.000439092356879207,0.0024069416124338897
0.0,0.08703608860140644,0.02281785349065423,0.041062721938454026,0.021865768747177484,0.08476627355453623,0.019857965791982093,0.03724774066715358,0.039849989786973204,0.01591944747285821,0.0022131385325288816,0.012030043419666311,0.002730701539445293,0.02407497283033238,0.0335160212392598,0.029296496440234455,0.0021659771450692217,0.01985677684944109,0.021777582565584413,0.004548165643151462,0.013698646268417275,0.014295870218857509,0.01926002453080822,0.008457997361079658,0.026025233118475582,0.017625138873091768,0.015099914579849853,0.009891286423661699,0.010317181602011657,0.00921784462121909,0.005121304540752279,0.01671101600691581,0.0018900559499500191,0.004397793552463539,0.0073253807488001,0.013970944596012412,0.004431760905616401,0.0023105842990547632,0.0024813212897897893,0.004171710658798079,0.002768823018384319,0.006369704968463094,0.013321411656960273,0.004085527119109473,0.00677173835693948,0.008833441385617823,0.011666796367515189,0.012648521287144146,0.00228170626555704,0.007990772531534492,0.0,0.017608995795031314,0.00080464959192385,0.00476155034355475,0.004260536591901712,0.005252197610149138,0.00027994306673885197,0.0010755438958377,0.00460920878658379,0.0050594732521513685,0.00798748545509761,0.006947661952597895,0.0,0.0022842867909212915,0.002002166237786649,0.002931641795258433,0.0007976809181465871,0.007287721038645852,0.004441517676551461,0.0013814854417979398,0.005202196568822702,0.005172448796060446,0.00495196630594784,0.0006174072812078853,0.008391117101552376,0.00034054685734682917,0.006174256622954346,0.0006630598503712646,0.0015666900296313708,0.0036858615285328953,0.00322457625602183,0.005134340318378467,0.0,0.0007063449578742425,0.0015671437286703949,0.0006138980626031808,0.0014426728319356103,0.0013516709815534166,0.00045185330884257966,0.004879281209308618,0.002219921153834608,0.0009422934519626308,0.0007550986630827693,0.0022434081488498566,0.0023026414276373823,0.0014624977314960487,0.005206571267659457,0.0012329822818105418,0.0019354128525953783,0.004343642420223816,0.0022450844143705193,0.001589279377511357,0.0011210444847893906,0.0017432087690390985,0.0010649952811005883,0.0003267742110615341,0.0014231317184341663,0.0,0.00020821546784922964,0.0025526107687328836,0.0002561812520487794,0.0008476216605394775,0.0014632500111279483,0.0004219193715289853,0.0,0.0020942613145588235,0.001386379406357966,0.0,9.918412425692519e-05,0.0,0.0009463120732680181,0.001133523562038397,0.0009628354380970997,0.0021778008917151715,0.0,0.002048523788905429,0.0,0.000294395308904365,0.0,0.002328455871823672,0.0,9.293567528815256e-05,0.0008564907034017633,0.0,0.0,0.0,0.0006063637220645655,0.0002686008149228546,0.0,0.0,0.0,0.0012211558452493408,0.0,0.0006138623651862022,0.0,0.0004907655668255369,0.00023000938537349574,0.0002944395804262066,0.00028533023846815314,0.0,0.0009690182083018239,0.00018109450940950533,0.0,0.0,0.0,0.00018563870092703285,0.0,0.0,1.2084654415334175e-05,0.0,0.0,0.0,0.00017719418833526672,0.0,0.0,0.0,0.0,0.0,0.0,0.0,0.0,0.00012037908731860617,3.092058982172397e-05,0.0,0.0
0.011453228316926417,0.1011180051715205,0.0561709279622631,0.05898096914760715,0.025844208917537935,0.04482416646590147,0.02686284424538109,0.022178587469753305,0.012094506115208774,0.029539298409139138,0.0,0.0,0.006697321731533841,0.04053736645052877,0.0,0.02015080744070864,0.006306179423193397,0.023114681956878578,0.04418952344397355,0.011236730502452628,0.005491524893968088,0.01081191171878234,0.027117351487184454,0.02061981114597884,0.02760142217131585,0.01903345804606615,0.027246320422903186,0.006706394582920197,0.011156091757281482,0.003266284247719582,0.0,0.002502448514126255,0.04195355057550831,0.005020883924765465,0.0,0.012266135950051877,6.632791245233827e-05,0.016891045179047794,0.007188010950217097,0.0,0.011933341415162186,0.009219219804251137,0.0084032325448918,0.003566275304168171,0.0,0.007729401662624803,0.005798995751666523,0.003969131110297972,0.004938963881835132,0.01609769087158542,0.0003494514057591224,0.006956675797924158,0.0,0.0064971203101444166,0.0,0.0015625714916442856,0.00017049651795187837,0.0018023271162532339,0.005567549162561429,0.0,0.0030141428951588867,0.00507398288901538,1.1468517267089562e-06,0.001434820578328849,0.0015325390451880168,0.0,0.0,0.0008816032394651968,4.213845447467211e-05,0.004964091755073048,0.01013604339261376,0.004284631734728101,0.0005293253088957551,0.00035871464716462527,0.0,0.0,0.0003778380162204917,0.003364391277147447,0.0008012375032048005,0.008923389807391626,0.0033081544868710723,0.0032084697467869125,0.0018931923319551868,0.0,0.010042008769602552,0.007838155870386446,0.0006468142227372381,0.0015988750785416459,0.0027951438430875854,0.0,0.00010247201387157429,0.0009809832201703667,0.0,0.00011480337690079246,0.0013528380495746969,0.0002602067610258315,0.0015256281581896975,0.0005481584121256297,0.0,0.0,0.0,0.0,0.007372830933400901,0.002285358099438841,0.00030694390143690977,0.004884804237644425,0.0,0.0006180149125838911,0.0,0.0007781800650299584,0.0,0.0,0.0011336369900837914,7.499657981404234e-05,5.9181519316590884e-05,0.0018064311039526864,0.0004933823689689056,5.665152019367501e-05,0.0021217776568388845,0.0011697351858526762,0.0008227674224049359,0.00037632301696860786,0.00027899756789481745,0.0,0.0005149535694172682,0.0,0.00015072122098684808,0.0006031838346261533,0.0,0.0003640708327269733,0.0,0.0,0.000879923397196143,0.00020803369231334317,0.00023183419295627725,0.00024235307232869468,0.0,0.0006824322702173148,0.0,0.00028537106552925946,0.0,0.0011123133079393493,0.0004961178156154446,0.0,0.0,0.0005724225936741992,0.0017717857599827528,7.547937867479939e-05,0.0013375518063786494,0.0,0.00033987821662102743,0.0,4.01483824972869e-05,0.00025949167055107396,0.0,0.0009939130485085855,0.000372113231971786,0.0001653270003289189,7.626862876898171e-05,0.0,1.8910420977579032e-06,0.0,0.00012525435651519664,0.0001111367899680766,0.0,7.294746211685656e-05,0.0,0.00019270086672517025,0.0001614854756475676,0.0,0.0,0.0,0.0001821703981498693,0.0,0.0
0.001725187902727205,0.07055879230279868,0.05101202523389526,0.02564472592223409,0.08746042481380553,0.11205153466494197,0.01160815496649218,0.012610537745037025,0.022414745047788617,0.061150547544777535,0.0,0.02939741587863276,0.0,0.032277424104951505,0.020834328195927253,0.0202156364930739,0.0,0.01703817482184465,0.012650004682965215,0.03566038481963177,0.0051640666874547565,0.005041321164228444,0.008404856284888351,0.0033222073303471526,0.023588315363535742,0.012991316024500823,0.02133507522961077,0.0031989970474487683,0.004986116330243756,0.0012666492089009938,0.0008508956103495251,0.0036919683117504843,0.005364416647163294,0.02805213024006551,0.0,0.010321297553625474,0.0009827658395668187,0.0022063189042808356,0.0022272027101113154,0.008066609183219919,0.030089591300017333,0.0073617650933108,0.014320589445449039,0.0017602684161991873,0.005021835264806739,0.0007771543469463683,0.0024215039927218763,0.006384116597801534,0.017656833878164944,0.002757315300284587,0.0,0.00987894791280572,0.0,0.001768864883148253,0.002623698481548447,0.002618391606229503,0.0002644718314600021,2.3907577599380166e-05,0.0,0.00032399961053105475,0.0016251779692345303,0.0014773367839885992,0.0,0.0014214841203634516,0.011567274252312753,0.0017127532010229392,0.0,0.00096725692266583,0.0,0.013229229447890378,0.0003161843932551385,0.004835388647366211,0.0022525858429915118,0.001129657101385444,0.0,0.0007345361117295013,0.00020398052623953416,0.00608799712650589,0.0012376588608294216,0.006113008905072501,0.001994373757534217,0.0,0.0,0.0,0.0035292316923706984,0.00116699498659148,0.003889600447581565,0.001733715449217583,0.005863264287416268,0.0,0.003547190912947659,0.0015166518248532353,0.0,0.0015812724630820446,7.083345484023898e-05,0.003086441323354601,0.0013334471895154465,0.00039872542762488754,1.9059000659504828e-05,0.00010826179814830244,0.0,0.0014112687027713331,0.0014947573367700276,0.00016178085811757495,0.0005229376076846371,0.0028319557036191744,0.0006481447135106711,0.0024797578768673842,2.3172350469367507e-05,9.788654857139854e-05,0.0,0.00018015467832882792,7.344925830187512e-05,0.00022825843794834253,0.0,0.001138627869904553,0.000510568822504593,0.00017884734337809773,0.0005037458671285481,0.0008988234414297582,0.00038648269433639047,0.0,0.0006004143486130594,5.090206626945178e-05,0.0,0.00024526682824985646,0.0,0.0006476681081347633,0.00013207517689707506,0.0007933193684770999,0.00037404379845947417,0.00010806274498143499,0.0015506985314449038,0.00010461082753414152,6.072725577105711e-05,0.0,0.0,1.527585692884765e-05,0.00019672800823487645,0.0015421238288512132,0.00022583307259623785,0.0006369518269789753,0.0,0.0009527060908254129,0.0,1.3061815532513277e-05,0.00016896502244363295,0.0,0.000260814456230848,0.0003338720128139814,0.0009483287348506105,0.00015180048422790496,0.0,1.1500648119420948e-05,0.0,0.0018345678446328995,0.0,0.0004595215188376191,0.001072055014341011,8.127456426335583e-05,0.0,0.00010499663473996916,0.0,8.40353500714746e-05,4.299432214418728e-05,0.0001337472915123721,0.0,0.0,0.0,0.0,0.00010761136131943833,0.0004642592619313072,0.00035333447587905173,6.942996564759802e-05,0.005119400789136356
0.0,0.09252143039999693,0.024836098951618587,0.03734837321419893,0.02249773653953684,0.0821877663765009,0.021251415384809486,0.035730135914935554,0.04170503761817015,0.016013581003057064,0.0015049155163135773,0.005644398642919625,0.0,0.02239086377292838,0.033019649733211615,0.029376758919245544,0.0,0.018891357051850403,0.022065482733710937,0.003485739822461858,0.013098116483903867,0.014152193039235405,0.019331202714819452,0.010617922653641068,0.025492326083935115,0.0178116017844744,0.015259654522953555,0.010075678093742683,0.009148533598429577,0.008480239836572924,0.0060161342438850565,0.016878675381313272,0.0033724972530036557,0.004097393003995303,0.006272484448888892,0.01406537144157624,0.005816566797266265,0.003881836618765403,0.0033798679442728343,0.004595030212550046,0.0023262416194704456,0.006875251727237013,0.01321720031490892,0.0043640933205419145,0.007241175179306352,0.008946782477324547,0.011368966755640168,0.012738484523910529,0.0019871185063778394,0.008776788970285615,0.0,0.01763113584762362,0.0,0.004821879598120108,0.004086241278999123,0.005133373677246992,0.0007115628339833241,0.0012382902381884902,0.00431861033288093,0.00499516486580975,0.00826003716255399,0.006733221711128316,0.0,0.0025798963089654304,0.001935893330454363,0.00285380527892662,0.0,0.00821463677357655,0.004336072958386947,0.0011443578191620593,0.004653901408687845,0.0050976910459563495,0.004965284904877746,0.0,0.008592778060426378,0.0015535304835653048,0.006179859278153237,0.000573267587311664,0.0015424410461009782,0.003588042354260393,0.0032352875245501445,0.005178241914050131,0.0,0.0,0.0016774415982889047,0.001323206536979313,0.0016458063024918765,0.0014569527627105922,0.0005090240915516113,0.004915630006659442,0.002228985054790329,0.000993206290508424,0.0,0.002090576291348663,0.0024186226050268837,0.0014340772152789398,0.005509405312474521,0.0011173715203076236,0.0020030018270001545,0.004403322730276722,0.0024224519341590157,0.0016733138080666477,0.0010783119343688989,0.0018189306607242336,0.0013730586790484819,0.00044943698373657234,0.0017060171319234247,0.0,0.00021578962495515035,0.0024492464054697034,0.00016069551315374468,0.0009817020541906755,0.0014789043784197702,0.0005615710720912415,0.0,0.002155569945644501,0.0014272287462876814,0.0,0.0001545035457210301,0.0,0.0010566593439485042,0.0013703313427353152,0.0008159608560178408,0.00221385121566541,0.0,0.002054908103543667,0.0,0.00029749552054175683,0.0,0.002256149866100182,0.0,7.741437491377418e-05,0.0010806054019140007,6.480092403423737e-05,0.0,0.0,0.0006850773742776678,0.0002565354878431497,0.0005989907582103862,0.0,0.00042274073941225664,0.001298943512207706,0.0,0.0006120582197500814,0.0,0.00044277955241094037,0.00025913475106093193,0.0002313915232868141,0.00015794600383331535,0.0,0.0009391680200757522,0.0,0.0,0.0,0.0001226653640865556,0.000174513782057682,0.0,0.0,2.0470114662854246e-06,9.65688065159149e-05,0.0,0.0,0.0003603734298697887,4.8244852932025925e-05,0.0,5.9530067330706895e-05,0.0,0.0,0.0,0.0,0.0,0.0001882492830184787,0.00015049601444274316,5.57432223575286e-05,0.0034045859388423185
0.0,0.06527060201753936,0.04394861122304869,0.015302607901186026,0.08200214873021187,0.09066405775582903,0.02718305684174158,0.0,0.0,0.06863340903883373,0.0047846096597993285,0.04916851648687271,0.0,0.027121849241980474,0.04435484211231427,0.013965052610904949,0.0,0.015093825119994646,0.01344089696489588,0.03719957608191966,0.0036028322268980262,0.0027033523819961222,0.007912665601801266,0.002785320752962531,0.019032222607082438,0.010663858259788937,0.017819321351467615,0.006104980020092329,0.004069370711495368,0.0038258791431656455,0.0031885829504763883,0.004069203300635983,0.005265041421084134,0.025341635919144786,0.0012824921708358315,0.009079653402868804,0.0009227686569320393,0.00229859854004033,0.0013344658300688105,0.015540008359964325,0.03268812073146708,0.006096991283360951,0.01032102818939053,0.003801926617782906,0.0076163971898498386,0.005750155668667553,0.0013887560997905863,0.004121352467575088,0.018806667721046697,0.0027239151795965927,0.000212026993812493,0.0022812521292778047,0.0016963756066328728,0.000784143342153375,0.006256010616399562,0.00405949894471619,0.0009196685909909417,0.0014755763065966065,0.0034651383916149067,0.0,0.0027934823744778514,0.004369975840177522,0.0019178592612789289,0.0007586119316560651,0.013370168385687659,0.0009018436679900101,0.0017564902461239865,0.0005527277075580079,0.0,0.014047562900402556,0.0026426073288601296,0.0055546558215754695,0.000198919225299038,0.0013393762825172257,0.0,0.0,0.0006159173241693304,0.007987306212426623,0.0007442688238140735,0.003630575673117065,0.004164393936371175,6.236373824370079e-05,0.0034794891971633075,0.0012116072426574356,0.003933033953342143,0.0015604653584347578,0.003450316828554556,0.00196916589999655,0.006824911490223258,0.000532093748938289,0.002816130281174372,0.0015556022326257465,0.0008168321370898835,0.0021517956381330522,0.0004965126691136802,0.004466457409787539,1.3488434350395242e-05,0.0,0.0,0.0008313545729811827,0.00011352052827655897,0.0020269123828759498,0.0007307882012101822,0.0013387438161506378,0.001164920938386679,0.0022514534524675925,0.0013080442225903274,0.0032241470383268496,0.0,0.00021731115565205668,0.0001292014974924465,0.00025480252110715855,0.0031701303507928567,0.0,0.0,0.0009961653182016903,0.0,0.0,0.0006043000596968607,0.0014683386379305639,9.097582786596709e-05,0.0008364872895746539,7.061505229369886e-05,0.0006527513625171453,0.0,0.00026928606932608007,0.0002924524022942397,0.0009194662838625019,4.965191693990923e-06,0.00031558634787543383,0.0,0.0,0.0007349392036462836,0.0,0.0011092755302166222,0.00039317820211797914,0.0,0.0005592330107342871,0.0,0.0009065031181894424,0.0,0.0006742588682641747,0.00057938686055427,0.0007648431964841814,0.0003325337323457317,0.0010255677056819543,0.00033044038385282137,0.0,0.0002709161014232357,0.0,0.0005308217457192262,0.0,2.899286949930151e-05,0.00019641262401205576,0.0,0.002307023138014603,0.0,0.0008220509539550413,0.0015583982676737095,0.0,8.307364756665582e-05,0.0,0.0,0.0,9.238581959991835e-05,0.0,0.0,0.00031330566001654586,0.00038295006004208503,1.6479292645567185e-05,0.0,0.0005763828163731196,0.0,0.0,0.0
0.305140897947296,0.029035882090807836,0.06276731709976999,0.052022726608976985,0.004844681832619851,0.0,0.08240001539781983,0.051748165222118524,0.09755108426808086,0.02988053343674866,0.004286692803528166,0.0,0.023991244680936646,0.0,0.0,0.0022007657051200473,0.010241549577797446,0.007979730920871505,0.006005376357386288,0.011759658034573673,0.0,0.004468281800289921,0.007432243863295587,0.017216993672038564,0.0,0.0,0.0018957077079623395,0.01281613615234345,0.00682955598066917,0.0,0.015496474532230076,0.0,0.0028839528764833307,0.0002128073591503732,0.0,0.0,0.0,0.010106243077351128,0.009222835367226774,0.0,0.006137193559800552,0.006072610723372965,0.0,0.0,0.0,0.005211606044945691,0.0,0.0,0.005186927483982233,0.0006246199567267196,0.0,0.0,0.0,0.001960211668564776,0.00030699772982866,0.0,0.005547926820005208,0.01643851990918433,0.006714960127710376,0.0,0.0,0.0,0.0026347994605248,0.0,0.0,0.0,0.0,0.0,0.0015930278552221766,0.004817136556593737,0.006556870766350716,7.685683376277141e-05,0.0,0.0,0.0,0.0,0.0010531676304675556,0.004792721042678236,0.0022303188686563216,0.0007039926325702401,0.00034486291205568914,0.0,0.0012094221716615623,0.0,5.485488180766197e-05,0.0020235003288321157,1.872816847474086e-05,0.0020508420975714923,0.0026910237568404877,0.0,0.0,0.0005452153572330925,0.0,0.0,0.002626408948901249,3.3049688661531116e-05,0.0,0.0015462299857967707,0.0,0.0,0.0,0.0,0.0020319071133807582,0.0007573901782128355,0.0007314622394946768,0.0007959486827718675,0.00012765750772996906,0.002261491283962327,0.001413874723900498,0.0,0.0005546655234493911,0.00036178886005919735,0.0012864028711012095,0.0019493536071587636,0.0,0.0,0.0015664114760495426,0.0014781315274877155,0.0007396359861836949,0.0007789755432855927,5.431529075623299e-05,0.0018238460878642426,0.0017487490273655247,0.0,0.0,0.0,1.493280184901924e-08,0.0005168169970398089,0.0,0.0,0.0,0.0,0.0008150971294505713,0.0016703575610435004,0.0007082984485495516,0.0004613879681456699,0.0007970841979124699,0.0,0.0,0.0,0.0,0.0006337442815488255,0.00044868216395701886,0.0,0.0001356340648561091,0.00037985520508083563,0.0005842637246989344,0.0021008880428452373,0.0005852080808312518,0.0,0.0002457835803412689,0.0,4.791648944083947e-05,1.0258451977921114e-05,0.00016670845971920794,0.0008757453640371201,0.0,0.0003566023677323767,0.0003581292945829833,0.0007151844803868137,7.581407429519263e-05,0.0007999444516666341,0.0,0.0,0.0008287227367992688,0.0,0.00010428676346691057,0.0001399506975444522,0.00034411009782401214,0.0004378061066103165,0.0,0.0008770741919555052,0.0006293738524845904,0.00044508986788144197,0.0
0.305140897947296,0.029035882090807836,0.06276731709976999,0.052022726608976985,0.004844681832619851,0.0,0.08240001539781983,0.051748165222118524,0.09755108426808086,0.02988053343674866,0.004286692803528166,0.0,0.023991244680936646,0.0,0.0,0.0022007657051200473,0.010241549577797446,0.007979730920871505,0.006005376357386288,0.011759658034573673,0.0,0.004468281800289921,0.007432243863295587,0.017216993672038564,0.0,0.0,0.0018957077079623395,0.01281613615234345,0.00682955598066917,0.0,0.015496474532230076,0.0,0.0028839528764833307,0.0002128073591503732,0.0,0.0,0.0,0.010106243077351128,0.009222835367226774,0.0,0.006137193559800552,0.006072610723372965,0.0,0.0,0.0,0.005211606044945691,0.0,0.0,0.005186927483982233,0.0006246199567267196,0.0,0.0,0.0,0.001960211668564776,0.00030699772982866,0.0,0.005547926820005208,0.01643851990918433,0.006714960127710376,0.0,0.0,0.0,0.0026347994605248,0.0,0.0,0.0,0.0,0.0,0.0015930278552221766,0.004817136556593737,0.006556870766350716,7.685683376277141e-05,0.0,0.0,0.0,0.0,0.0010531676304675556,0.004792721042678236,0.0022303188686563216,0.0007039926325702401,0.00034486291205568914,0.0,0.0012094221716615623,0.0,5.485488180766197e-05,0.0020235003288321157,1.872816847474086e-05,0.0020508420975714923,0.0026910237568404877,0.0,0.0,0.0005452153572330925,0.0,0.0,0.002626408948901249,3.3049688661531116e-05,0.0,0.0015462299857967707,0.0,0.0,0.0,0.0,0.0020319071133807582,0.0007573901782128355,0.0007314622394946768,0.0007959486827718675,0.00012765750772996906,0.002261491283962327,0.001413874723900498,0.0,0.0005546655234493911,0.00036178886005919735,0.0012864028711012095,0.0019493536071587636,0.0,0.0,0.0015664114760495426,0.0014781315274877155,0.0007396359861836949,0.0007789755432855927,5.431529075623299e-05,0.0018238460878642426,0.0017487490273655247,0.0,0.0,0.0,1.493280184901924e-08,0.0005168169970398089,0.0,0.0,0.0,0.0,0.0008150971294505713,0.0016703575610435004,0.0007082984485495516,0.0004613879681456699,0.0007970841979124699,0.0,0.0,0.0,0.0,0.0006337442815488255,0.00044868216395701886,0.0,0.0001356340648561091,0.00037985520508083563,0.0005842637246989344,0.0021008880428452373,0.0005852080808312518,0.0,0.0002457835803412689,0.0,4.791648944083947e-05,1.0258451977921114e-05,0.00016670845971920794,0.0008757453640371201,0.0,0.0003566023677323767,0.0003581292945829833,0.0007151844803868137,7.581407429519263e-05,0.0007999444516666341,0.0,0.0,0.0008287227367992688,0.0,0.00010428676346691057,0.0001399506975444522,0.00034411009782401214,0.0004378061066103165,0.0,0.0008770741919555052,0.0006293738524845904,0.00044508986788144197,0.0
0.09906801685871325,0.03824522063235339,0.19731429631440314,0.014284878299058884,6.776312716598714e-05,0.011802244208535222,0.0,0.06941428677992639,0.03240233716061119,0.008288304263647081,0.0440313663107156,0.03272193118668317,0.0,0.06094277065440338,0.0,0.05485378792291965,0.0,0.007574186937043782,0.004008888004882245,0.019607211936343287,0.008311134120871238,0.04363426888724107,0.0043555822470567164,0.0,0.003516983179960413,0.004681394606137457,0.0017647730573300115,0.0035795421194187754,0.005770200261403308,0.0008624822288964206,0.0,0.002355086738229913,0.031231807297534636,0.0014683200648625077,0.0,0.0011408946833056655,0.0,0.0,0.02046269664257878,0.0,0.0,0.010412778036576255,0.0015411696022233107,0.00118925438979486,0.0017316499050084638,0.0,0.0072733725803424175,0.0019034851983782703,0.004419179706466869,0.004994049448876316,0.0,0.00520206071966643,0.006468941578870444,0.006721115720807832,0.0,0.0,0.003939021065655398,0.0,0.0,0.002200437571495928,0.0,0.0,0.007325230648577639,0.0023459276635569774,0.0,0.0004614241244822348,0.006040383673916759,0.0,0.0015077295794432137,0.0012269800555580039,0.0,0.00017489630994952542,0.002760619588961961,0.0,0.002898325376605609,0.0,0.0,0.0,0.00246641575739428,0.0008528062917542116,0.0,0.003216627945777174,0.016527603491939196,0.004386951223699788,0.0005173869737947012,0.0,0.0,0.0014422370908405387,0.0,0.0,0.00045412871162351574,0.0011127131917166265,0.0014835750998103666,0.0,0.0014008427404650925,0.0,0.0007775955100590044,0.0014315542009170632,0.002778346153548839,0.0,0.0,0.0,0.0012738085544845743,0.0024039381333688494,0.0,0.002003255838117672,0.0,0.0027926364917696452,0.0007794199626503397,0.0,0.0011932937888685991,0.0,0.0,0.000529156633490736,0.0,0.0009187971620459479,0.00034686251717050756,0.0012941420079385087,0.0005846828369096592,0.0,4.889175316707416e-05,0.0,0.0006912132965180218,0.0,0.0,0.0,0.0010665470039944009,0.0011276170918404623,0.0,0.0,0.0,0.0,0.0025907674331530376,0.0006878416529865819,0.0018654549493780153,0.0018505188827070002,0.0007291565360071178,0.0005036771818128167,0.0,0.0003047106545985986,0.0,9.054021427043184e-05,0.002517767751940028,0.0001217948348424365,0.00206988934008023,0.0,0.00010156110267956357,0.0004260197446097942,0.00042633801361387306,0.0,0.00012358816979573959,0.0,0.00026087828972878743,0.0,0.00033983957094977507,0.0,0.0,0.0003806917601662801,0.0,0.0,0.0009045562723992218,4.147311845759201e-05,0.0,0.0003906267528938085,0.00020903106022141977,0.0,0.0006936318312710825,0.001719072385476903,0.0015317587893550581,0.0012568044385598113,0.0,0.0,0.0019808661231508814,0.0005043031308333936,0.008973103280938047
0.11505350731058138,0.025422728048314937,0.0014349949876171866,0.06404799706928015,0.048478461175715803,0.025198403198869426,0.02300635210695672,0.009452359461736493,0.0,0.0023257386406872436,0.0,0.05968234428022224,0.0,0.02094724391357078,0.0010645128108333,0.020739799463387446,0.0,0.037309119216704614,0.016693873091750324,0.0025228268903790055,0.022029986957894654,0.01118690142616932,0.013850619131989424,0.0,0.0047958941859208345,0.00496567900827251,0.008118068250714993,0.0034182982838738725,0.015074470492718633,0.008179291451520843,0.0,0.011869904263238367,0.003148538354664505,0.004890895203456252,0.012261770437494192,0.00498109127602612,0.0,0.002804591087977813,0.010872989423838155,0.00415546674752199,0.0018124840990903814,0.0017687512549263602,0.004222965930349185,0.009994670720888929,0.0030314599515641177,0.012565146925561745,0.009805364356841095,0.006711316427428391,0.0014481129107528745,0.0036830633698521644,0.02139582886026634,0.005617835310691008,0.0026238212216979024,0.007262506623843962,0.003284923704044051,0.0,0.012148111240868727,0.001715759261889974,0.0032965869857118943,0.0055250429241301665,0.0044007957979083825,0.0081588247768179,0.0,0.006982342137535516,0.0013386565881986492,0.0,0.0036372578328162128,0.0012574975976769778,0.007640355608095761,0.0007589140979809071,0.003130774046426506,0.004313661757042976,0.004575065539951899,0.003926996512332619,0.004427811160994314,0.0,0.0030529539447526986,0.0,0.0073640870455473914,0.003069150917798065,0.0034414453258984332,0.013617149280169953,0.0,0.002224636389042583,0.002850991432039994,0.0,0.004670504464963012,0.0027759517315282226,0.0,0.003770489625753485,0.002668467237849156,0.007407300004295954,0.003267911102382815,0.0,0.010073212643510826,0.004993852854547699,0.0,0.005383986077418661,0.000741394997175389,0.002214987896841116,0.0018702455479082671,0.0031368794313175095,3.9311742741742097e-05,0.0075965275034903445,0.0,0.0,0.0010983381540140206,0.0,0.004454234622601249,0.0037185093857711356,0.0017554243399290489,0.001061930401961223,0.0007862572690563467,0.00038062134327417546,0.004123016765877494,6.928194359318016e-05,0.0,0.003622056839854194,0.0,0.00021137264627159536,0.0015356783216127043,0.0012841692760331691,0.0022472178870523232,0.0018555968164594362,0.0,0.001323280017168176,0.0,0.0,0.0006241022061970898,0.004791261913476508,0.0,0.0,0.0001226140413100386,0.0011764270188067976,0.0,0.0,0.0017567793626346495,0.0007380984463014784,0.0,0.000416193335419567,0.0,0.0003521033971910696,0.0,0.0008266746762894485,0.0,0.0029996836417992946,0.0015802119553478022,0.0037025205744310404,0.0030973756111498164,0.0,0.0005122378076047138,0.006782538031338089,0.0027780368767454334,0.0,0.0,0.00013713116703468678,0.0,0.0006247515960034651,0.0012659878142282752,4.2945233325032793e-05,0.0010727810643299733,0.0018628833063002903,0.0,0.0,0.0020010348133187796,0.00011599484152190048,0.00024616359100165683,0.0,0.0,0.0008375045328646261,0.00014523097661905615,0.0,2.650057534932226e-05,0.0014309707009311778,0.03972741447954872
0.15312314911744196,0.08684714951074561,0.017351060236760807,0.055883601227714144,0.024030117104657564,0.0032937482114948646,0.08857216657766506,0.011977265747779615,0.10413617204142846,0.0,0.008411300646253466,0.02338409760592685,0.02200864784224586,0.006276252325139875,0.015214938900791126,0.0,0.019888674071305613,0.01649590927020861,0.0013270184094001153,0.0008607261729086265,0.01584966644480866,0.005608224681051922,0.0023475253271245887,0.0,0.0005253707551558635,0.004000812659469205,0.003998114855857453,0.010458548436305348,0.00794060479604923,0.008353663173455272,0.004816967823515697,0.008556536260319375,0.0,0.0033890114300252,0.006804293404258736,0.013314713338159031,0.007000678676907611,0.0,0.007114579203881425,0.004039092246367718,0.0,0.0017847789782772217,0.0031496004425716727,0.009597386841819449,0.011276642006051212,0.006496048949972021,0.007180881489734986,0.0098229397987881,0.0007093383889086917,0.0,0.0013271431582817582,0.0,0.006286444221533114,0.0011675003569408045,0.005519671731036248,0.0030351490140680865,0.0015636092433772026,0.003246835871131197,0.0053791320836128805,0.006747229514605158,0.0051176963757758815,0.0026806310122049976,0.0,0.0038514154052642947,0.000692685067486725,0.0,0.003700966509263438,0.006069940356517477,0.004989877624800875,0.0,0.006996403192509489,0.006882730790238819,0.0027270535169250116,0.0009786933607592813,0.005177858922965091,0.0,0.0057060374003277195,0.0,0.002025383585711922,0.0014646411793452806,0.003434730368500144,0.0034678649364006924,0.0,0.001672391358632003,0.001556094104674249,0.0,0.00197175443406008,0.0020394917682374342,0.0,0.0055030221171859395,0.00045521771995138166,0.00020049326204507132,1.4011649354643207e-05,0.0011947793606399046,0.005133599677260838,0.001588433834639225,0.0,0.0015888849588729281,0.0018561032789867085,0.003545996120580379,0.005546308670561299,0.0022401049811302393,0.0,0.0021772263105634426,0.0006965733287391189,0.0004819225407516266,0.001990113456536817,0.0005284832615620971,0.0009257237206775228,0.002926799158050028,0.0010808168954101703,0.0,0.0020988336335356966,0.0003983695237312735,0.00039271733073984616,0.0005301871088310388,0.00021188341288405537,0.00020155057424472942,0.0002480760186013438,3.081537278273384e-06,0.002094411154825988,0.0007335999745099433,0.0,0.0025368276112610263,0.001482846337598243,0.0024963804034977438,0.0,0.0,0.000709335444660611,3.651936273113698e-05,7.423910630941055e-05,0.0,0.0005803176213931707,0.00026361396070872676,0.0,0.0,0.0007031655547149884,0.0006957644238404943,0.0,5.7551489849614686e-05,0.0,0.00025973109724448105,0.0,0.0005683653372632173,0.0,0.0004999786873378364,0.0008271083666610501,0.0,0.0,0.00024974268110748807,0.0005616299335936439,0.0003620482979913472,0.00018414897762535624,0.0007691052073466062,0.0,0.0,0.000833845078885326,0.0,0.000230588820695179,0.0,0.0,0.0,0.0005196831221412422,0.0,0.0009473596912681134,0.00028068683748219757,0.0004244479557523429,0.0,0.0,0.0010896742840992618,0.0,0.0011922246256756317,0.0013231907778489397,0.00027918600702304486,0.0016782964298196975
0.189615099331008,0.10695666700724243,0.019001474307071817,0.07529994306468131,0.001962010799411558,0.0,0.10340263820542557,0.0,0.11366236717280938,0.03156791230941463,0.0012426827175720636,0.0,0.013839992482501319,0.016700273597647655,0.0,0.0,0.004736808694433845,0.02078552607167543,0.013669904206061527,0.013398702254654782,0.007992122328351836,0.0022848961347166487,0.016228141740286525,0.0,0.0,0.003325240009988947,0.0038008995891192195,0.007343629349935911,0.010012432873295875,0.004895270770807617,0.0035613571648916626,0.0,0.00370293611157833,0.003370897640461487,0.0035208385145875224,0.008843941222406958,0.006339424928682518,0.0,0.0011939800325706058,0.0,0.010212187589447969,0.0008055932551781426,0.0,0.010344571644494744,0.0018376802382901057,0.004722335780022572,0.0013382966764532843,0.0013452754958945727,0.006950506837447317,0.0,0.002076933169791641,0.0,0.006720146390686,0.004933052477242542,0.0016127792584399742,0.0,5.6884782572728014e-05,0.0024693858671401754,0.005294044525686122,0.0038034458336908467,0.0,0.000983638384477099,0.0,0.0011221959526198765,0.0,0.0,0.003347931934984511,0.0012582244950892286,0.004648278590272945,0.006289381214365461,0.005354717035390844,0.007225989837419545,0.0006066346978316659,0.004931471782387594,0.0,0.0016552216901457378,0.0,0.0,0.0004308159720702338,0.0013470091160891775,0.0013986612907345318,0.0007498005812238793,0.0,0.0013308882455018549,0.0015707212386365714,0.0,0.0,0.00041617775623622105,0.0029544422294917583,0.0,0.0,0.001424241363049147,0.0010055144565522273,0.0,0.002864302373585195,0.0,0.0,0.0,0.0024405551896993553,0.0,0.0,6.446884628581834e-05,0.0028730913296999734,0.0021828717952710346,0.0,0.0019042695918895056,0.0,0.0008083888509193582,0.0,0.002841968386436006,0.00024113431136633598,7.56921241339107e-05,0.002093068138351866,0.0,0.0008938820795279862,0.0012074824468319661,0.0,0.0,0.0003332534796212243,0.0005577630523916005,0.0,0.000993358452512153,0.0019455112206819042,0.0,0.0024758149732563637,0.0,0.00022226067704707542,0.00015962168845409398,0.0023533756928661785,0.0,0.0006613404288369252,9.478228609806196e-05,0.001012307634747275,0.0,0.0,0.0,0.0,0.0010505333735195855,0.0009860569939658037,0.0004057120560999618,0.0007847075926039732,0.0004255536615434616,0.0,0.0,0.0,0.0008617782509661281,0.0008306714504192253,0.0,0.0006324151550741077,0.0008900360233783321,0.0001487450216459031,0.0007814893805300112,0.0001373168389092064,0.0006231273890020388,0.0,0.0015650181243158268,0.0013162534734474825,0.0,0.0003264347690286864,0.00011539233868288491,0.0,0.0,0.0005419258631521566,0.0,0.0007614544391451364,0.0005047294916379871,0.00013758190232340413,0.0,0.0,0.00015037709069790824,0.00035870236545516295,0.001280677077399784,0.0007345588430078848,0.0,0.025515097663194954
0.15230253475022532,0.1109443729854283,0.025561307447422472,0.08325279097723079,0.0,0.006526321775610367,0.10882753019507593,0.015145485684638688,0.12981997794592656,0.008794700975360647,0.008346938003707095,0.005088484577938816,0.020021413905058634,0.00911434945155701,0.0,0.0,0.011416909723428919,0.01749666389152946,0.005445715672786653,0.00245016858432221,0.00910837351172573,0.0008000835599286507,0.005509798906692286,0.0009006527077260394,0.0,0.002741426060995852,0.0004069549839436708,0.010132632333414784,0.011943286606388881,0.0,0.004490721464438311,0.00012005173347669323,0.0012367935974676731,0.003149755229216763,0.00618828741849442,0.013361907246363004,0.0015390652492121288,0.004608359566556262,0.007124769338587419,0.0006547563052898331,0.0,0.0015053939906484828,0.0,0.01435618947128637,0.00485361886721137,0.008600016941432111,0.004513612203302642,0.0028135414460463207,0.0003877971153664159,0.0035265726342302156,0.001801791665273256,0.0007372302649955152,0.0,0.0028599990048216372,0.0011721584876327508,0.0,0.0,0.0055636290522037305,0.009060162546665897,0.0050985526799879905,0.003598299768177996,0.004567873983619118,0.0,0.0006493863058493913,0.0005771527717821378,0.00790732588276976,0.00023975155245418306,0.0023368126958694716,0.004136075333540192,0.0,0.00982429004644815,0.010783852977074636,0.001357204732986106,0.0035467475973722834,0.0022080824601495943,0.0033908582830987377,0.002224417635301605,0.00036080111108475034,0.0038022626290836513,0.00022445352581822647,0.0010298135872526706,0.002048231795430697,0.0,0.0,0.00011254139798008245,0.0011187773744516414,0.0003938020143695632,0.0026553655684153094,0.00017173427561127202,0.002471594627733348,0.0,0.0010402055255165385,0.0,0.0,0.0028029071536483014,0.001143182358683008,0.0,0.00011992499580817535,0.0,0.0015189330091068855,0.0009934519885892007,0.0004225992681303337,0.0,0.0014767851917266944,0.0,0.00021182824906267964,0.0,0.00032156165342529146,0.0,0.0019043952224221097,0.001271118254228526,0.0002271511194748824,0.002635544501768999,0.0011777281181705192,0.00016173268055756564,0.0008057384163182287,0.0002966864405115569,0.0002777944347497985,0.0,0.0005808112070875302,0.00014027349375961252,0.0017181287278571864,0.0,0.0011661757209244534,0.0,2.5883773882274533e-05,0.0,0.0,0.0012951192414956943,0.0005804560993716569,0.0,0.002188915232144169,0.0009414576123301713,0.0,0.0,0.0,5.5809554458544365e-05,0.001241754755063452,0.0013822045364054252,8.23352750023821e-05,0.0012043626283029718,0.000449504596069667,0.0,0.00012922273433574498,0.0,0.0009626634339020084,0.0007108826488642123,5.7375276680516557e-05,0.0,0.0,3.8703217480760294e-05,0.0023491863003542923,0.00024863155768032805,3.1081669955302365e-05,0.0,4.5448282085799185e-08,0.00021316416979534096,0.0,0.00040727130508809716,0.00010181152930380676,0.0,0.0,0.0,0.0003583337455972189,0.0006847293785060928,0.0,9.075220875593638e-05,0.0,0.0,0.0,0.0,0.0006218875901640607,0.0014345654719159714,0.0,0.01653611260528819
0.15230253475022532,0.1109443729854283,0.025561307447422472,0.08325279097723079,0.0,0.006526321775610367,0.10882753019507593,0.015145485684638688,0.12981997794592656,0.008794700975360647,0.008346938003707095,0.005088484577938816,0.020021413905058634,0.00911434945155701,0.0,0.0,0.011416909723428919,0.01749666389152946,0.005445715672786653,0.00245016858432221,0.00910837351172573,0.0008000835599286507,0.005509798906692286,0.0009006527077260394,0.0,0.002741426060995852,0.0004069549839436708,0.010132632333414784,0.011943286606388881,0.0,0.004490721464438311,0.00012005173347669323,0.0012367935974676731,0.003149755229216763,0.00618828741849442,0.013361907246363004,0.0015390652492121288,0.004608359566556262,0.007124769338587419,0.0006547563052898331,0.0,0.0015053939906484828,0.0,0.01435618947128637,0.00485361886721137,0.008600016941432111,0.004513612203302642,0.0028135414460463207,0.0003877971153664159,0.0035265726342302156,0.001801791665273256,0.0007372302649955152,0.0,0.0028599990048216372,0.0011721584876327508,0.0,0.0,0.0055636290522037305,0.009060162546665897,0.0050985526799879905,0.003598299768177996,0.004567873983619118,0.0,0.0006493863058493913,0.0005771527717821378,0.00790732588276976,0.00023975155245418306,0.0023368126958694716,0.004136075333540192,0.0,0.00982429004644815,0.010783852977074636,0.001357204732986106,0.0035467475973722834,0.0022080824601495943,0.0033908582830987377,0.002224417635301605,0.00036080111108475034,0.0038022626290836513,0.00022445352581822647,0.0010298135872526706,0.002048231795430697,0.0,0.0,0.00011254139798008245,0.0011187773744516414,0.0003938020143695632,0.0026553655684153094,0.00017173427561127202,0.002471594627733348,0.0,0.0010402055255165385,0.0,0.0,0.0028029071536483014,0.001143182358683008,0.0,0.00011992499580817535,0.0,0.0015189330091068855,0.0009934519885892007,0.0004225992681303337,0.0,0.0014767851917266944,0.0,0.00021182824906267964,0.0,0.00032156165342529146,0.0,0.0019043952224221097,0.001271118254228526,0.0002271511194748824,0.002635544501768999,0.0011777281181705192,0.00016173268055756564,0.0008057384163182287,0.0002966864405115569,0.0002777944347497985,0.0,0.0005808112070875302,0.00014027349375961252,0.0017181287278571864,0.0,0.0011661757209244534,0.0,2.5883773882274533e-05,0.0,0.0,0.0012951192414956943,0.0005804560993716569,0.0,0.002188915232144169,0.0009414576123301713,0.0,0.0,0.0,5.5809554458544365e-05,0.001241754755063452,0.0013822045364054252,8.23352750023821e-05,0.0012043626283029718,0.000449504596069667,0.0,0.00012922273433574498,0.0,0.0009626634339020084,0.0007108826488642123,5.7375276680516557e-05,0.0,0.0,3.8703217480760294e-05,0.0023491863003542923,0.00024863155768032805,3.1081669955302365e-05,0.0,4.5448282085799185e-08,0.00021316416979534096,0.0,0.00040727130508809716,0.00010181152930380676,0.0,0.0,0.0,0.0003583337455972189,0.0006847293785060928,0.0,9.075220875593638e-05,0.0,0.0,0.0,0.0,0.0006218875901640607,0.0014345654719159714,0.0,0.01653611260528819
0.15230253475022532,0.1109443729854283,0.025561307447422472,0.08325279097723079,0.0,0.006526321775610367,0.10882753019507593,0.015145485684638688,0.12981997794592656,0.008794700975360647,0.008346938003707095,0.005088484577938816,0.020021413905058634,0.00911434945155701,0.0,0.0,0.011416909723428919,0.01749666389152946,0.005445715672786653,0.00245016858432221,0.00910837351172573,0.0008000835599286507,0.005509798906692286,0.0009006527077260394,0.0,0.002741426060995852,0.0004069549839436708,0.010132632333414784,0.011943286606388881,0.0,0.004490721464438311,0.00012005173347669323,0.0012367935974676731,0.003149755229216763,0.00618828741849442,0.013361907246363004,0.0015390652492121288,0.004608359566556262,0.007124769338587419,0.0006547563052898331,0.0,0.0015053939906484828,0.0,0.01435618947128637,0.00485361886721137,0.008600016941432111,0.004513612203302642,0.0028135414460463207,0.0003877971153664159,0.0035265726342302156,0.001801791665273256,0.0007372302649955152,0.0,0.0028599990048216372,0.0011721584876327508,0.0,0.0,0.0055636290522037305,0.009060162546665897,0.0050985526799879905,0.003598299768177996,0.004567873983619118,0.0,0.0006493863058493913,0.0005771527717821378,0.00790732588276976,0.00023975155245418306,0.0023368126958694716,0.004136075333540192,0.0,0.00982429004644815,0.010783852977074636,0.001357204732986106,0.0035467475973722834,0.0022080824601495943,0.0033908582830987377,0.002224417635301605,0.00036080111108475034,0.0038022626290836513,0.00022445352581822647,0.0010298135872526706,0.002048231795430697,0.0,0.0,0.00011254139798008245,0.0011187773744516414,0.0003938020143695632,0.0026553655684153094,0.00017173427561127202,0.002471594627733348,0.0,0.0010402055255165385,0.0,0.0,0.0028029071536483014,0.001143182358683008,0.0,0.00011992499580817535,0.0,0.0015189330091068855,0.0009934519885892007,0.0004225992681303337,0.0,0.0014767851917266944,0.0,0.00021182824906267964,0.0,0.00032156165342529146,0.0,0.0019043952224221097,0.001271118254228526,0.0002271511194748824,0.002635544501768999,0.0011777281181705192,0.00016173268055756564,0.0008057384163182287,0.0002966864405115569,0.0002777944347497985,0.0,0.0005808112070875302,0.00014027349375961252,0.0017181287278571864,0.0,0.0011661757209244534,0.0,2.5883773882274533e-05,0.0,0.0,0.0012951192414956943,0.0005804560993716569,0.0,0.002188915232144169,0.0009414576123301713,0.0,0.0,0.0,5.5809554458544365e-05,0.001241754755063452,0.0013822045364054252,8.23352750023821e-05,0.0012043626283029718,0.000449504596069667,0.0,0.00012922273433574498,0.0,0.0009626634339020084,0.0007108826488642123,5.7375276680516557e-05,0.0,0.0,3.8703217480760294e-05,0.0023491863003542923,0.00024863155768032805,3.1081669955302365e-05,0.0,4.5448282085799185e-08,0.00021316416979534096,0.0,0.00040727130508809716,0.00010181152930380676,0.0,0.0,0.0,0.0003583337455972189,0.0006847293785060928,0.0,9.075220875593638e-05,0.0,0.0,0.0,0.0,0.0006218875901640607,0.0014345654719159714,0.0,0.01653611260528819
0.13508129659211343,0.009636952051558038,0.020365618815664593,0.030316824353890867,0.011773183270575874,0.005576469904921069,0.07079793585605258,0.10264630318841081,0.0,0.0,0.0861873641100044,0.012533209064505764,0.08795029993238329,0.004602479453512621,0.00893424101738694,0.0360089607930084,0.07369990324240674,0.0,0.0010730348629834666,0.001872184073476026,0.014816679159821284,0.0013111705665319428,0.004790320397980062,0.022640280173192494,0.001555187365990754,0.0026259206450853874,0.0029637906693194844,0.021202548531352908,0.0008775399350651539,0.000996287625538968,0.009608190064521079,0.001807957656166957,0.000580942415783383,0.0,0.01748443700737191,0.0024820040649412532,0.0016156652469425602,0.01688671623749799,0.010468693976782906,0.0008554229365745298,0.0,0.011931572998163009,1.5187283752433175e-05,0.0066475937626884266,0.00022494433341926638,0.002867013651848035,0.006716475990987573,0.0014735226864510582,0.0,0.0046053269418535915,0.0007183966736676857,0.0007165237074179633,0.0,0.0,0.0022562518563311006,0.0002534898606236906,0.00728998722298035,0.026062118867640524,0.0010629644994773434,0.001225985924066935,0.0009718421554972581,0.0006652018962444782,0.0,0.0016538571616735859,0.00027423366374886455,0.0,0.0,0.000825537950945082,0.0,0.0,0.0,0.0014460710059526797,0.004244894602836361,0.009919567986468392,0.00026277861393952836,0.0010941129788102502,0.0054198000820284324,0.0,0.0,0.0,2.2848173087083944e-05,0.0036001345754213595,0.0,0.0,0.00023349789314070757,0.0,0.0003526911546322529,0.003292186726699026,0.0,0.0005444499145179389,0.00019884167769311276,0.0,0.0,0.00013409097927291787,0.0016778236350879642,0.002443012765860053,0.0004178603099855073,0.006304731803383291,0.0006981207724713139,7.230618811881498e-05,0.00022523641833973806,7.404352733957413e-06,0.0,0.00045348329255650053,0.0,0.0,0.000396976294777386,0.0,0.004283455699321518,0.0001362972393233645,0.001704656050270459,0.0,0.0003561962019807156,0.0030979728968272475,0.00019090126988224315,0.00018979089433961277,0.0013241198910952736,0.00449177247598128,0.0,0.0,0.0,0.0014080315867208305,9.053551367571894e-05,1.4092531356711753e-06,0.0004419385228636474,1.9648937518243026e-05,0.0,0.0,0.0011986717951880806,0.0005451599752238298,0.0002115992224675756,8.525347488037494e-05,0.0,0.002104005874660306,0.0,0.0,0.001871206041837284,0.0003147267095238853,0.000735263898557669,0.0020088742689075133,0.0005507419671187048,0.0006288023413820215,0.0,1.5236007026715348e-05,0.0,0.00013328023134759112,0.0,0.005561942642519935,0.0009422694629891751,0.00022894997243327002,0.0,0.0,5.5717576015374594e-05,8.21474121369403e-05,0.0,0.0,0.00026552557072647613,0.0,0.0005424525291489924,0.0,0.0,0.0008158136741063549,0.00022357062860337354,8.365719682663428e-05,0.00010160723032973837,5.190292431177239e-05,0.0,0.0,0.0,0.0,5.061718460564951e-05,0.0,0.0,0.0004911786063171196,0.005816132601263082
0.13508129659211343,0.009636952051558038,0.020365618815664593,0.030316824353890867,0.011773183270575874,0.005576469904921069,0.07079793585605258,0.10264630318841081,0.0,0.0,0.0861873641100044,0.012533209064505764,0.08795029993238329,0.004602479453512621,0.00893424101738694,0.0360089607930084,0.07369990324240674,0.0,0.0010730348629834666,0.001872184073476026,0.014816679159821284,0.0013111705665319428,0.004790320397980062,0.022640280173192494,0.001555187365990754,0.0026259206450853874,0.0029637906693194844,0.021202548531352908,0.0008775399350651539,0.000996287625538968,0.009608190064521079,0.001807957656166957,0.000580942415783383,0.0,0.01748443700737191,0.0024820040649412532,0.0016156652469425602,0.01688671623749799,0.010468693976782906,0.0008554229365745298,0.0,0.011931572998163009,1.5187283752433175e-05,0.0066475937626884266,0.00022494433341926638,0.002867013651848035,0.006716475990987573,0.0014735226864510582,0.0,0.0046053269418535915,0.0007183966736676857,0.0007165237074179633,0.0,0.0,0.0022562518563311006,0.0002534898606236906,0.00728998722298035,0.026062118867640524,0.0010629644994773434,0.001225985924066935,0.0009718421554972581,0.0006652018962444782,0.0,0.0016538571616735859,0.00027423366374886455,0.0,0.0,0.000825537950945082,0.0,0.0,0.0,0.0014460710059526797,0.004244894602836361,0.009919567986468392,0.00026277861393952836,0.0010941129788102502,0.0054198000820284324,0.0,0.0,0.0,2.2848173087083944e-05,0.0036001345754213595,0.0,0.0,0.00023349789314070757,0.0,0.0003526911546322529,0.003292186726699026,0.0,0.0005444499145179389,0.00019884167769311276,0.0,0.0,0.00013409097927291787,0.0016778236350879642,0.002443012765860053,0.0004178603099855073,0.006304731803383291,0.0006981207724713139,7.230618811881498e-05,0.00022523641833973806,7.404352733957413e-06,0.0,0.00045348329255650053,0.0,0.0,0.000396976294777386,0.0,0.004283455699321518,0.0001362972393233645,0.001704656050270459,0.0,0.0003561962019807156,0.0030979728968272475,0.00019090126988224315,0.00018979089433961277,0.0013241198910952736,0.00449177247598128,0.0,0.0,0.0,0.0014080315867208305,9.053551367571894e-05,1.4092531356711753e-06,0.0004419385228636474,1.9648937518243026e-05,0.0,0.0,0.0011986717951880806,0.0005451599752238298,0.0002115992224675756,8.525347488037494e-05,0.0,0.002104005874660306,0.0,0.0,0.001871206041837284,0.0003147267095238853,0.000735263898557669,0.0020088742689075133,0.0005507419671187048,0.0006288023413820215,0.0,1.5236007026715348e-05,0.0,0.00013328023134759112,0.0,0.005561942642519935,0.0009422694629891751,0.00022894997243327002,0.0,0.0,5.5717576015374594e-05,8.21474121369403e-05,0.0,0.0,0.00026552557072647613,0.0,0.0005424525291489924,0.0,0.0,0.0008158136741063549,0.00022357062860337354,8.365719682663428e-05,0.00010160723032973837,5.190292431177239e-05,0.0,0.0,0.0,0.0,5.061718460564951e-05,0.0,0.0,0.0004911786063171196,0.005816132601263082
0.13508129659211343,0.009636952051558038,0.020365618815664593,0.030316824353890867,0.011773183270575874,0.005576469904921069,0.07079793585605258,0.10264630318841081,0.0,0.0,0.0861873641100044,0.012533209064505764,0.08795029993238329,0.004602479453512621,0.00893424101738694,0.0360089607930084,0.07369990324240674,0.0,0.0010730348629834666,0.001872184073476026,0.014816679159821284,0.0013111705665319428,0.004790320397980062,0.022640280173192494,0.001555187365990754,0.0026259206450853874,0.0029637906693194844,0.021202548531352908,0.0008775399350651539,0.000996287625538968,0.009608190064521079,0.001807957656166957,0.000580942415783383,0.0,0.01748443700737191,0.0024820040649412532,0.0016156652469425602,0.01688671623749799,0.010468693976782906,0.0008554229365745298,0.0,0.011931572998163009,1.5187283752433175e-05,0.0066475937626884266,0.00022494433341926638,0.002867013651848035,0.006716475990987573,0.0014735226864510582,0.0,0.0046053269418535915,0.0007183966736676857,0.0007165237074179633,0.0,0.0,0.0022562518563311006,0.0002534898606236906,0.00728998722298035,0.026062118867640524,0.0010629644994773434,0.001225985924066935,0.0009718421554972581,0.0006652018962444782,0.0,0.0016538571616735859,0.00027423366374886455,0.0,0.0,0.000825537950945082,0.0,0.0,0.0,0.0014460710059526797,0.004244894602836361,0.009919567986468392,0.00026277861393952836,0.0010941129788102502,0.0054198000820284324,0.0,0.0,0.0,2.2848173087083944e-05,0.0036001345754213595,0.0,0.0,0.00023349789314070757,0.0,0.0003526911546322529,0.003292186726699026,0.0,0.0005444499145179389,0.00019884167769311276,0.0,0.0,0.00013409097927291787,0.0016778236350879642,0.002443012765860053,0.0004178603099855073,0.006304731803383291,0.0006981207724713139,7.230618811881498e-05,0.00022523641833973806,7.404352733957413e-06,0.0,0.00045348329255650053,0.0,0.0,0.000396976294777386,0.0,0.004283455699321518,0.0001362972393233645,0.001704656050270459,0.0,0.0003561962019807156,0.0030979728968272475,0.00019090126988224315,0.00018979089433961277,0.0013241198910952736,0.00449177247598128,0.0,0.0,0.0,0.0014080315867208305,9.053551367571894e-05,1.4092531356711753e-06,0.0004419385228636474,1.9648937518243026e-05,0.0,0.0,0.0011986717951880806,0.0005451599752238298,0.0002115992224675756,8.525347488037494e-05,0.0,0.002104005874660306,0.0,0.0,0.001871206041837284,0.0003147267095238853,0.000735263898557669,0.0020088742689075133,0.0005507419671187048,0.0006288023413820215,0.0,1.5236007026715348e-05,0.0,0.00013328023134759112,0.0,0.005561942642519935,0.0009422694629891751,0.00022894997243327002,0.0,0.0,5.5717576015374594e-05,8.21474121369403e-05,0.0,0.0,0.00026552557072647613,0.0,0.0005424525291489924,0.0,0.0,0.0008158136741063549,0.00022357062860337354,8.365719682663428e-05,0.00010160723032973837,5.190292431177239e-05,0.0,0.0,0.0,0.0,5.061718460564951e-05,0.0,0.0,0.0004911786063171196,0.005816132601263082
0.13508129659211343,0.009636952051558038,0.020365618815664593,0.030316824353890867,0.011773183270575874,0.005576469904921069,0.07079793585605258,0.10264630318841081,0.0,0.0,0.0861873641100044,0.012533209064505764,0.08795029993238329,0.004602479453512621,0.00893424101738694,0.0360089607930084,0.07369990324240674,0.0,0.0010730348629834666,0.001872184073476026,0.014816679159821284,0.0013111705665319428,0.004790320397980062,0.022640280173192494,0.001555187365990754,0.0026259206450853874,0.0029637906693194844,0.021202548531352908,0.0008775399350651539,0.000996287625538968,0.009608190064521079,0.001807957656166957,0.000580942415783383,0.0,0.01748443700737191,0.0024820040649412532,0.0016156652469425602,0.01688671623749799,0.010468693976782906,0.0008554229365745298,0.0,0.011931572998163009,1.5187283752433175e-05,0.0066475937626884266,0.00022494433341926638,0.002867013651848035,0.006716475990987573,0.0014735226864510582,0.0,0.0046053269418535915,0.0007183966736676857,0.0007165237074179633,0.0,0.0,0.0022562518563311006,0.0002534898606236906,0.00728998722298035,0.026062118867640524,0.0010629644994773434,0.001225985924066935,0.0009718421554972581,0.0006652018962444782,0.0,0.0016538571616735859,0.00027423366374886455,0.0,0.0,0.000825537950945082,0.0,0.0,0.0,0.0014460710059526797,0.004244894602836361,0.009919567986468392,0.00026277861393952836,0.0010941129788102502,0.0054198000820284324,0.0,0.0,0.0,2.2848173087083944e-05,0.0036001345754213595,0.0,0.0,0.00023349789314070757,0.0,0.0003526911546322529,0.003292186726699026,0.0,0.0005444499145179389,0.00019884167769311276,0.0,0.0,0.00013409097927291787,0.0016778236350879642,0.002443012765860053,0.0004178603099855073,0.006304731803383291,0.0006981207724713139,7.230618811881498e-05,0.00022523641833973806,7.404352733957413e-06,0.0,0.00045348329255650053,0.0,0.0,0.000396976294777386,0.0,0.004283455699321518,0.0001362972393233645,0.001704656050270459,0.0,0.0003561962019807156,0.0030979728968272475,0.00019090126988224315,0.00018979089433961277,0.0013241198910952736,0.00449177247598128,0.0,0.0,0.0,0.0014080315867208305,9.053551367571894e-05,1.4092531356711753e-06,0.0004419385228636474,1.9648937518243026e-05,0.0,0.0,0.0011986717951880806,0.0005451599752238298,0.0002115992224675756,8.525347488037494e-05,0.0,0.002104005874660306,0.0,0.0,0.001871206041837284,0.0003147267095238853,0.000735263898557669,0.0020088742689075133,0.0005507419671187048,0.0006288023413820215,0.0,1.5236007026715348e-05,0.0,0.00013328023134759112,0.0,0.005561942642519935,0.0009422694629891751,0.00022894997243327002,0.0,0.0,5.5717576015374594e-05,8.21474121369403e-05,0.0,0.0,0.00026552557072647613,0.0,0.0005424525291489924,0.0,0.0,0.0008158136741063549,0.00022357062860337354,8.365719682663428e-05,0.00010160723032973837,5.190292431177239e-05,0.0,0.0,0.0,0.0,5.061718460564951e-05,0.0,0.0,0.0004911786063171196,0.005816132601263082
0.12559152358761444,0.003510744186027333,0.016108226973460767,0.0316559275544938,0.012060421206782673,0.0037795196378907605,0.06695412552496177,0.10138149546162714,0.0,0.0,0.08472234517458636,0.01907652611716529,0.089578209446074,0.004864866363551734,0.009799185737518042,0.036512804969864414,0.0746858513626883,0.002204121752449802,0.0,0.0021748254624181238,0.015285270895963472,0.0017238552385216456,0.004886985763828205,0.021960131516129716,0.0009798426787440836,0.0021806081445404735,0.00245263614232389,0.020102635699898293,0.0013832645895200907,0.0019268761998443484,0.00916164588462433,0.002538575436712226,0.0,0.0,0.018503130255485792,0.002289009319966794,0.0017913327999314343,0.016350940297553337,0.011353987569847065,0.0006470185583436041,0.0,0.011961272005009854,0.00019181532670490902,0.006050469849710635,0.0006984328868992221,0.001880370535245015,0.0068687260653063804,0.001227930840076008,0.0,0.004106283959528858,0.0005850960394247543,0.0006458256631265599,0.002270452718228596,0.0,0.0025456969485311777,0.0006040933950654447,0.00698114509157504,0.0257649443455289,0.0007985580113191659,0.0019959733389308546,0.0014554456441715124,0.0005773603772143785,0.0,0.001923177679970499,0.00012179060718612358,0.0006896023756540249,0.001634590090535409,0.001117357896321701,0.0,0.0,0.0,0.001046429540519304,0.004413537090904616,0.010122979622968797,0.0008637814183728505,0.00117070954481124,0.005933550685244953,0.0,0.0,0.00011402436228349199,3.970178155820693e-05,0.0037620683252901207,0.0,0.0007860773224149653,9.616276499323794e-05,0.0,0.0004057339396146732,0.003410765903921968,0.0,0.0010535425413849384,0.00035693712638214714,9.02496950660573e-05,0.0007627045424132043,0.00028701294959189113,0.0016184487838694682,0.0025864764437381928,0.000321564242640206,0.006388962038062116,0.0013564187731677172,0.00035764296811064935,0.0006191811591900004,0.00019472760471124598,0.0,0.00024612252829329896,0.0,0.0,0.0005242234884468958,0.0,0.004491514218244941,0.00027342356716880526,0.001947590952385224,0.0,0.0001491888411485209,0.003185203852955735,0.00032133002120489595,0.00017425734348935071,0.0013531664542064837,0.004621499398244344,0.0,0.0,0.0,0.0012075113608755765,7.092126334129854e-05,0.0002192398878829032,0.00046970657696875144,0.00019585292295894565,5.166330231001243e-05,0.0,0.0012713218361991034,0.0004870829931801934,0.00017372626000231048,0.00030124598704456935,0.0,0.0020781948219511536,0.0,0.0,0.001972661270396095,0.00031932370580941064,0.0005973714441349259,0.0021049664227905944,0.0004717966401448854,0.0005661518488724566,0.0,7.499313036736213e-05,0.0,8.520004716806074e-05,0.0,0.005634341879986568,0.0009404238012741654,0.00016360753086290804,0.0,0.0005552081813977894,1.8197099070047737e-05,0.0,0.0,0.0,0.00011412938744743552,0.0,0.0005189494776345158,0.0,0.0,0.0008461213037174767,6.534982308030052e-05,0.00012251188210997565,1.189087983926649e-05,5.119395160437175e-06,3.417919416925396e-05,0.0,0.0,0.0,4.2249734022846745e-05,0.0,0.0,0.0004787220595993921,0.00940827560899569
