P02768,P01834,P04004,P02647,P02649,P01008,P01857,P02656,P10909,P00734,P02675,P04196,P02679,P02652,P01042,P01024,P02671,P01871,P01009,P04003,P0DOY2,P02655,P02766,P19823,P0DOY3,P01876,P35542,P01859,P06727,P68871,P0C0L5,P02654,Q14520,P02743,P01619,B9A064,P69905,P19827,P04114,P03951,P00742,P0C0L4,P55056,P01860,P02776,P02787,P02749,Q14624,P07225,P02760,P0DOX7,P0DJI8,P04264,P27169,P03952,P05154,P00747,P01861,P00738,P02746,P01764,P00739,P60709,P06396,P10720,P02788,P13645,P06702,P02747,P00740,P01023,P01766,P08603,P01593,P02775,P07737,P06312,P04070,P05090,O14791,P05155,P02765,P24844,P35908,P08697,Q06033,P05546,P02748,P22891,P04433,Q03591,O43866,P35527,Q92954,P02790,P00748,P81605,P00751,P02745,P18065,P01615,P49908,Q13790,P02774,P12259,Q13103,P15169,P20851,P07358,P01011,P02751,P07996,P02763,P09871,O75636,P01591,P00736,P07360,P02741,Q9UK55,P18428,Q5TB80,O95445,P17936,P08727,P00746,P67936,P04406,P01700,P05452,P61626,P62805,P27918,P01031,Q9Y490,P61224,P13671,P80748,P09211,P01599,P07355,P01877,P08514,Q9BXR6,P63104,P04217,P01019,P36955,P35858,P05109,Q6Q788,P35442,P02730,P35579,P60660,P08709,P63261,P23528,Q96IY4,P49747,P27105,P07357,P01880,P06733,P19652,P62937,P02533,P05106,P18206,P08519,P26038,P48740,P51884,P10643,OTHER
0.06448740580625109,0.06782967148789386,0.019040952890295136,0.0304672423858875,0.016803975692680856,0.006218656889842938,0.016858011373803654,0.008710220808201418,0.017733155603143074,0.005161462838093344,0.016593449918439054,0.1088573296431791,0.011974839335807471,0.01101572606647487,0.015330769925002787,0.03829005406937045,0.003992011120091451,0.025547689749861817,0.031769329764235396,0.01305780509052239,0.009514066530256656,0.003557093958084753,0.0020660331055743194,0.017689269306046623,0.007781137377451359,0.004984976444340411,0.001404685541594062,0.008293917188326309,0.0,0.005699873505638498,0.004149302276513951,0.011428281062205363,0.013220406504386653,0.0030434528721151447,0.0,0.003224550573570308,0.0030498898999178677,0.01227990677718564,0.009732450119303205,0.00659425945158574,0.003488346529320931,0.012348913011016744,0.000700652087081984,0.007745699745367685,0.001330958756153075,0.0018910662672878618,0.0013082510763091524,0.0017281738297663064,0.0039039216217345335,0.009345387598757962,0.00021583997097838264,0.0,0.004338680683774959,0.0008508390884220325,0.004011726080250876,0.0023060012132901436,0.040688567882857886,0.00037881372522813626,0.0017110719204970952,0.01345265641118777,0.00027118345396583675,0.002979431892899813,0.002354116244339702,0.0008048425617089483,0.0003500208472252538,0.0,0.0033396903071365013,0.0014390134809300589,0.0017320927018701522,0.0006342843004886823,0.008999045854826346,0.00035982535589366125,0.010952771997945074,0.0,0.0007600770316152131,0.00016353770061469083,0.0017414943681272827,0.0,0.00199288528643521,0.0026226865373791563,0.00402070784849068,0.0008504514970236491,0.0,0.0006781819093032075,0.004477852316446006,0.011587640194355963,0.0006814301329699458,0.0007831305771425898,0.0,0.0009420288778213447,0.0008083737543854762,0.0013631963604116219,0.002360781971314126,0.00023251212298960885,0.00033134484856467465,0.0008153871076220434,0.0,0.0007745819992892144,0.006722999303408723,0.0,0.0008249326131580653,0.0008077431150990763,0.0,0.001122750255581734,0.00034163380246659414,0.0048268148578140685,0.0006729030341765763,0.0009976135160747247,0.0009965202847377899,0.0032848257455669223,0.0006626287811067099,0.0,0.0,0.0,9.566865756966168e-05,0.0005196803110175517,0.0,0.0003426061480692954,0.0013947636243343319,0.0003142070014829743,0.00031291112753893555,0.0,0.00017674853291610885,0.0,0.0,0.0003044747645697503,0.0,0.0005549124835682192,7.479950603619485e-06,9.52256959715092e-05,0.0016515592551306867,0.0021848214624155967,0.0009391114228758023,0.0004876980786978443,2.225091730325393e-06,0.0012873018624598033,0.0002751493775351461,4.5639016452144925e-05,4.009865825299036e-06,0.0006558863809303799,0.0,0.0007164119512310375,0.00022806716796625618,0.0,0.00014299916375178467,0.00017516472733110098,0.003964053130510126,0.000212917190282306,0.0028859435799930768,0.0002635423884049401,0.0001730182297934718,2.2308381972709458e-05,1.9321154468450702e-05,4.190542049717861e-05,0.0,0.00039801041503598726,0.0025853765298597307,0.0,0.0006902563540825767,0.0,0.00038411790867342194,0.0004415168232658167,1.7249606691245212e-05,5.118527671626395e-05,0.0005311509653355282,8.467944037145282e-06,0.0,6.030251048256969e-05,7.073166696802603e-05,0.0008368098291097991,0.00018248955994860274,0.0,7.823020680678757e-06,0.00017014927879081135,0.11040178250924364
0.03901288720246879,0.008894410961824072,0.016393713618308936,0.043679820143351034,0.1282314383445019,0.009486317795139193,0.010747157899968074,0.000810619546762189,0.006239669036551593,0.005533857036982504,0.019416288847150385,0.10557209504743469,0.024071178941840576,0.01831298434194328,0.05312590012178937,0.00830383320023286,0.008085216879847361,0.004482983546889347,0.010914953074142886,0.0,0.007176167444215636,0.004131287699127755,0.01092504081758617,0.0,0.0024385503618732304,0.0029026426149251073,0.014868475727602833,0.0033582438965535973,0.02054187691359054,0.012890129677985659,0.0004510966413372051,0.01372829982859508,0.0009840988338019544,0.001899091176713932,0.011676531603081398,0.0,0.00855317952387135,0.0,0.010944143407787453,0.015326712626039754,0.0,0.002739453876567538,0.009754939063964055,0.004373508794340191,0.0009754763041851625,0.0,0.006438718089314008,0.0,0.0,0.0,0.001705960605544294,0.002067509762536931,0.003759196336839058,0.005141723776017564,0.008588300650179058,0.005035057519137263,0.00878202189078847,0.0007118928825155954,0.014102577322655113,0.001683507570640501,0.0011324293544348483,0.003972203000141534,0.001680221431635315,0.00927614320189563,0.0014340095850926405,0.0,0.002533193155948858,0.001374259114772329,0.0013595268235812104,0.0,0.007791711532628441,0.0032317599596402664,0.0014855671690549588,2.651028668251318e-06,0.002091182772126201,0.0,0.0007564178985016684,0.0,0.0015592379237977406,0.0012085754201336708,0.0029770955155424645,0.0036889577513509854,0.0,0.00128272722340246,0.0038885568732147423,0.0,0.002086814830555042,0.00027320388468548174,0.0,0.0008114813216876253,0.0022934109623567074,0.0,0.000574151912412127,0.0009298169671308215,0.001191809968768924,0.010183557098732697,0.00022554146117593997,0.0013447830071327306,0.00041708063004786106,0.0002476287001273404,0.0015687219009178847,0.006042233519819783,0.0005343270731859825,0.00039459462374019584,0.0006593329285849146,0.0,0.00480611718753257,0.0,0.002487825551971479,0.0003402809643846936,0.0031464484330247437,0.002612816444181166,0.0,0.0,0.00024967685623242193,0.0,0.0,0.0003157221143468033,0.00034694704882216946,0.0003298158997316553,0.0017930117911772287,0.0,0.001991116689617839,0.000437945012999444,4.6810422133316774e-05,0.000505099511650449,0.0,0.00046600295736603993,2.7042049819770498e-05,0.002797478832504472,0.00340517553034246,0.0009507055138322134,7.95776210371237e-05,0.0005626307150845114,0.0005068752198393239,0.001684894006713551,0.000609014768179871,0.0,0.0,0.0,3.515472799909164e-05,0.00040892952274780293,0.0003039180570807057,0.00010392263989741928,0.00027490338538427496,0.000957453355564097,0.001314876404936915,0.0008425944742634688,0.005935761620688622,0.00017754886523675914,0.00043449977960357807,3.3190254839550265e-05,2.8412431978757928e-05,7.530887198635232e-05,2.8508098572577325e-05,9.648031955398664e-06,0.0016638900109852942,0.00011457987675718701,0.0008149281594517035,2.0001691244310967e-05,0.0004813045700770478,0.0006111378384578021,2.5100440953641683e-05,7.288393491795549e-05,0.0012056108096151028,0.00032160009382777255,0.00012714292297095973,0.00010105596132421527,5.9103742126957306e-05,0.0012114890837759478,0.000631592747350969,4.880701744569957e-05,1.1639035512500884e-05,0.0001903042309971991,0.12834850981327828
0.2013203250356835,0.0,0.0,0.013321202614461127,0.11514266676226874,0.0023336187665344123,0.0013392477807121165,0.002668024065422338,0.0007241933061393627,0.0,0.010913275311416094,0.0,0.00964511056583502,0.0,0.002010389323389022,0.00044154458648465266,0.014880201483894444,0.11549255555710704,0.006659580388658142,0.00036824433233706406,0.0,0.0,0.0,0.0,3.819163228235549e-06,0.0003361822386001522,0.0003457900333503308,0.0,0.0007805247650690828,0.0053924853635616155,0.000978778557032356,0.003900653175811228,0.0,0.00029203461821069074,0.0011701858655624245,0.0,0.0037222298992276677,0.0,0.0020736047931151783,0.00028890968907524246,0.00076084517613859,0.0008138595211706559,0.0014866143047351287,0.0,0.0,0.0024618316293763608,0.0,0.0002174810100442543,0.0,0.0,0.24795175120478444,0.0031560331648612023,0.00011625308553607434,0.0,0.0002253965331317598,0.0002627418151212508,0.00010300723350966713,0.00026252972288261386,0.00022013891686326902,0.026572444202038754,0.00022349159733304198,0.01921905922916315,0.00015561278082804799,0.0002932406681439566,0.00016176120900870275,0.0,0.0,0.0004310970829406719,0.032078211439854225,0.0009429617661812493,0.0008283050505592144,0.0003751427222683227,0.0005737066187926332,0.00018126092258786058,0.0,0.0,0.0005227276838678766,0.0014388940957060184,0.0,9.826084586556672e-05,6.395515774832819e-05,0.0,0.0,0.0009074374600043798,4.4719156957157066e-05,0.0011085635386149355,0.0003967362884232174,0.0,0.0,0.00028811047606454933,0.0,0.0325016168294595,7.597353411358717e-05,1.1061648170627632e-05,0.00023470579743510507,0.000123796494043619,0.000455436437482902,8.070447371937649e-05,0.0001908337090467234,1.3684983280722582e-05,0.0,0.00036961214753708694,0.0,0.0,0.00033979600385315733,4.412552404378553e-05,2.9439774340442128e-06,0.0,0.00014660086232690572,0.00014500938077404192,0.0,0.0,0.0003076048519345684,0.00028996138117484195,0.032640723194123825,0.0,0.0,0.0001605736776581632,0.0013418075935091012,0.0007185296154781761,0.0,0.0003407163501814489,0.0004319066445711238,1.1766681933212595e-05,0.0,0.0,0.0,8.672314927150202e-05,0.0015169804230928223,0.0,0.0,0.00013495997229225873,4.687408000607616e-05,7.94193521611899e-05,1.0302506275176814e-06,0.0,0.0002009689974559002,0.00025852382664037744,0.0005857554078450389,0.0,0.0004979175215930379,0.0,0.0,4.9362919653931675e-05,3.4644013092026163e-05,6.985840534032755e-05,0.00024188803911306538,0.00012355753624342385,3.337594633153428e-05,1.8032851194758696e-05,0.00022693552267255722,5.47946310249579e-06,0.03821485668205154,3.681712111685047e-05,2.53523295277416e-05,0.0002603284080606442,0.0,1.66771273271683e-06,0.00010565867244133255,1.6636332191509914e-05,0.012920517129338668,0.00011456782642494831,5.908482325563234e-06,5.1813425154713315e-05,0.00024955440556327126,0.0002564541571550245,9.110039756382228e-05,2.4175420831135488e-05,9.995830545472424e-06,6.82914404846688e-05,1.879917840243189e-05,0.0001969334442480917,1.002806870871959e-05,8.564542222324603e-05,0.010553557288597987
0.16340715098602276,0.01997834278813751,0.005986214491143987,0.014807510692537836,0.09998662243207322,0.0007882041380704426,0.004986601209080545,0.0028429240148933124,0.0,0.005305257670572952,0.0,0.010627425895676309,0.0,0.00016131956870866137,0.0009545483744316301,0.005855258106638228,0.0,0.21980910639481938,0.008325098259200761,0.0007277104893810523,0.002948547489932931,0.0,0.0004414832940301219,0.0,0.0018427203943096263,0.00011054249545129871,0.0006908897960178789,0.0015932603935364864,0.0003062243468716566,0.002017490432162915,0.0014137891499176785,0.0010006887105319172,0.0014410989423859944,0.00026005764718722645,0.00016041826849837954,0.0,0.0017389955088574214,0.0,0.0,0.0,0.0,0.00023401407837487126,0.0,0.0038483412978771174,0.0,0.007501799689536259,0.0,0.0,0.0006553105831224266,0.0023409914144363,0.1632803078350547,0.0,0.0008639428315072168,0.0,0.0,0.0001412206023120034,3.885321960324756e-05,0.0,0.0019739337787497814,0.03116973230286402,0.0,0.00971883709317974,0.0005114642835723454,0.00020992415402979167,0.0001212965486509205,0.0,0.0,0.0,0.073032880841645,0.0003077888262561267,0.0,0.000746129195247855,1.4004485397572175e-05,0.00013802055188787168,0.0,0.0,0.0,0.0,0.0,0.0,0.0,4.700871398110256e-06,0.0,0.0,0.00020824833029824344,0.0,7.025111982755203e-05,8.42573011752017e-05,0.0,0.0,0.0,0.032167318392490575,0.0,1.2458907416904066e-05,0.0,0.0,0.0,6.979950520104003e-05,6.555229964489096e-05,0.0,2.709785175730487e-05,1.366804587551708e-05,0.0,0.0,4.974082364698106e-05,0.0,0.0,0.0,9.454097016243018e-05,4.320693082426311e-05,0.0,0.0,0.0,0.0,0.053690995818984406,0.00021659909202767464,0.0,0.00025467096251341974,0.0,0.0,0.0,0.0,8.803775554945522e-05,0.0,0.0,3.797203930876657e-05,0.0,1.7288473294022607e-05,7.707590586564682e-05,0.0,0.0,3.113749552946764e-05,6.188943328605767e-05,3.397048127047671e-05,0.0,0.0,0.0001332713386786426,8.447403555742703e-05,0.0,0.0,3.63362882251157e-05,0.0,0.0,5.446734488341971e-05,3.2719747827735646e-05,6.597819370150735e-05,0.0,0.00011669466286605349,3.9169553677322385e-05,1.7031235444354175e-05,0.0,5.175112088452298e-06,0.02016514902387915,0.0,2.394416105287434e-05,3.558803505092644e-05,0.0,0.0,4.39948708378013e-05,1.571228462010749e-05,0.011202569937813293,0.000108204277022944,5.58030189007054e-06,4.893550295833592e-05,2.6576505450734643e-05,0.00010626755669065969,1.1072564680691846e-06,2.2832622511801443e-05,9.440622652688957e-06,6.449826426042653e-05,1.7754997813395965e-05,1.1809880986300814e-05,9.47107018107069e-06,8.088833733842304e-05,0.0026295821758372173
0.13136726629824835,0.10032573812932506,0.0,0.025858573689061044,0.027266689424501153,0.0002838698194321803,0.0427278547571376,0.0006823906109116808,0.08337573548112134,0.003508639855131437,0.0124859805177788,0.01912898818858974,0.013290804527036404,0.00390913058420798,0.034396055678316495,0.04148525438990077,0.011418679040353036,0.023433800711607163,0.005191434978947154,0.0,0.0024858004329104226,0.007263153268647399,0.0013922019339714178,0.007456481621093552,0.0020571966953293014,0.017535812447276596,0.0050190299054106895,0.020535840811385434,0.012034934475300152,0.01377531745320562,0.007431224269418379,0.010949678453783062,0.0,0.0033764558870839644,0.004889314048267633,0.0016475205676918226,0.018663216101134732,0.0034112453981499768,0.0013008215280820464,0.0,0.001119673302949185,0.0016225658659282632,0.002462213519700558,0.0,0.001516690734818574,0.005000590141218154,0.0032040231567019043,0.0,0.0017004597961582696,0.0,0.0002974780814859956,0.0,0.003521390711210958,0.0023400807145071596,0.0014864922601214277,0.0,0.0039856045629729775,0.011510270110885915,0.004327312242126058,0.008227541173005446,0.002464548422633466,0.0010131179534725056,0.0049044657986141715,0.0032684261476677184,0.0,0.0,0.0017490656520325384,0.0013425157106856558,0.0061694804638162725,0.00011209701333143782,0.000995334864319539,0.0007048703313202574,0.0018078010901711775,0.0008136279884099794,0.010695245976903339,0.0,0.0030756908420119322,0.0,0.007169478482355217,0.001588051698014921,0.0034804480771299094,0.006779948966387505,0.0031157631606733532,0.0011648722030370643,0.00037164853383437056,0.0011917328640618102,0.000495078716403358,0.0019693454254682543,0.00013700867631708064,0.0,0.0,0.0044718217109695245,0.0012571690482626107,0.0,0.003333963069302951,0.0010766753101277358,0.013533042085441744,0.0003975535020569615,0.002951753865251739,0.0,0.0001792288422365699,0.0003913285675172062,0.0,0.0017077972623207724,0.0007939251990946918,0.0023538317681546118,0.0002718698554627458,0.0003842289414746591,0.00033664034989266045,7.746022209774031e-05,0.003902080189101026,0.0028219552126152216,0.0002922077457276041,0.0015679539234332636,4.337384913428882e-05,0.0051015281753023795,0.0024528875613483987,0.0,0.00029235950829172664,0.0,1.9521753489850888e-05,0.0028320111016391122,0.000455501770356086,0.0,0.00010754493504293812,0.0008842900911250585,0.0015193410658259324,0.0010486381829052187,0.000438974529549483,0.0005345924280489124,0.004576268663577857,0.000125756749063468,0.0009313868984811029,0.00015890737322378398,0.0037427753581238845,0.0014369767916007194,0.0003142870107658561,0.0006098212361104662,0.0,0.00014093928515506514,0.0002659342894222005,0.0009055792981089077,0.0014243323618637438,0.0002044335386910725,0.0015384580726489061,0.00045067867029704073,0.0003939135198420967,0.00010692865125097211,0.0002896770130731138,0.0,0.00010385845694445731,1.628400853167391e-05,3.8419630683446466e-05,0.0013964934712085493,0.0009312148308910999,0.00012746877125904016,0.003364180098592712,0.0005412843781839145,0.0001168396700417235,0.00012729996385099437,0.0011475331112819026,0.0,0.01949560873415133,0.00011599761317912618,0.00021199913006890713,0.0,0.00017467581214998206,0.0005625578312683739,0.0015517884971826483,6.113309410411653e-05,9.857569721245841e-06,0.0027491293118189417,8.244319688507317e-05,0.00010589272296400799,0.05125375027852177
0.058375833210891605,0.04072125597885505,0.008619595593055503,0.07633965091628421,0.06983631536076126,0.005782877061955511,0.020539617379932602,0.0,0.0020270775811401325,0.011022923234907738,0.01884231821606222,0.05218852136435494,0.018418204004790984,0.0006610938708245373,0.006194120776241257,0.017982481657578753,0.012326228345455218,0.0,0.010681753964195358,0.0061858221487908005,0.005292728521020119,0.0,0.005886658221117338,0.0029651115413781774,0.002869084965570639,0.007893006269919763,0.000858972315949798,0.004317306610475149,0.006637067626882457,0.00810326255608306,0.011804515751306002,0.02434053733101926,0.003559751459204632,0.001216717616023404,0.005493107111293676,0.003804736917545746,0.0,0.004977027105096966,0.0061726505842818686,0.005563705490557191,0.001354750652003527,0.004391498808747631,0.0003777410850542021,0.009297683440874692,0.01869984233948568,0.011222083590916676,0.005716231660175127,0.00213918697179461,0.005065571119598298,0.0008976888174710276,0.0011068834077248909,0.0019567682602131334,0.0038579027052083313,0.00366530718519759,0.0037898382643865606,0.0006203828667813507,0.02109628732081126,0.005874164198177862,0.004855453916576629,0.00489319627753963,0.0,0.0019638074590949744,0.0042504509082818215,0.010849071542140381,0.0,6.0272114931965625e-05,0.002756790968577575,0.0,0.028126999338178634,0.0007766852274795051,0.00279699744712809,0.0010400374106303023,0.00581149355798713,0.0009562265518372764,0.03350754629538292,0.0,0.0006867978597427727,0.0,0.004359931124849384,0.0026055402863247278,0.003913480105176048,0.004310234037224986,0.0,0.002558190855102985,0.004851991360773615,0.0,0.004680995620227714,0.005547927653201531,0.00240641344432582,0.0,0.004460384063531738,0.0015784594617931807,0.000260122322799721,0.0001763274878927411,0.005041225425578269,0.012125689446500347,0.002207371364843949,0.0017650589064842894,0.02896070949157577,0.0,0.0,0.004915098800228415,0.0007667363143184499,0.0028184735040392333,0.0009010300944502426,0.0016964874266190949,0.004365541090845121,0.000706298126120893,0.004028665523384518,0.0032524796546544717,0.0018962521519422547,0.005998512346728748,0.0024095171209380876,0.0038829460492038346,0.0012141430418444973,0.0020030804328244234,0.0002685894803370766,0.002545848483058898,0.0,0.0014068055898753002,0.0008952622635030904,0.0003083918357833036,0.0013120827090579595,0.0,0.0011234373736961798,2.780145101736246e-05,0.0,0.0002974170099006081,0.00044954722545420105,0.0015879726928238356,0.0008069496353126794,0.0014533054409427626,0.0017965489495926311,0.001153362312536084,8.123693918462775e-05,0.00041526459254961705,0.0013180564417042382,0.003882373518199142,0.00017932664268622514,0.0008367610454436043,0.0,0.0005402148761473898,0.0006555895437812523,0.0002898183888794566,0.001221588458456253,0.003190253075096647,0.0016191778668469157,0.0014156767483304489,0.002825249757584041,8.97005271308108e-05,0.0004951508909471838,0.005552395629305469,3.0649456752846975e-05,0.0003593987277226454,0.00026842794979081366,0.0002323846967707323,0.0008831167862679342,0.0001520447548280144,0.0007451369537787349,0.0010497189797405077,0.0008459313164382776,0.0013723092004254886,7.574121537972485e-06,0.00017839568632633875,0.001472339304014621,0.0005899013859123729,0.00023950544641031468,0.0002598935024051931,6.368682599461782e-05,0.0008819239667942552,0.0005250223819231743,0.0005453748118271815,0.0008816684224677705,0.0008153332347427343,0.061930512324678076
0.09027098256723387,0.01094394458230655,0.008037498010384694,0.050804092842339964,0.03795884638782288,0.00042504864748253436,0.0011370836149950801,0.047326853162485596,0.0015667927981675288,0.0,0.04901798421063679,0.0,0.0394987000478933,0.024537683736516713,0.0015296470702409275,0.01009422191373501,0.03438687248572223,0.004054355181160222,0.020840623790146312,0.0026566559855661924,0.006447185217122181,0.0030454575500805754,0.0004024781886121961,0.0005369186935162635,0.036477562793228925,0.0002221361316638493,0.000936950507187955,0.0025248375007915873,0.0,0.028254100907839537,0.001511076706565014,0.010130284392151067,0.000284039314629522,0.00021194149633342507,0.001910023082974697,0.0014522123364273329,0.030475209539183954,0.00045686902372080434,0.001385021280039478,0.002723942261232047,0.00020298774581991628,0.0,0.0006624851055003014,0.0009476698642891271,0.0005221148565213453,0.020530278118485953,0.0013078203230965954,0.0007681375097843589,0.0006949812885836285,0.0,0.030909722816213802,0.0007490204686890781,0.08430913063514653,0.0009577877980950141,0.0007561173260806271,0.000741213633858179,0.00013661585910965335,0.00012290684847677635,0.03494327643974088,0.0015880021110020888,0.00019721528544848434,0.0007578756531857409,0.00017739360606921164,0.0005234016710966721,0.00013802154151451774,0.00036489436345495254,0.03628840105065588,0.0008543030387970985,0.0015510044209245434,0.0005903397296545253,0.00046975930743531417,6.063261374719824e-05,0.00017920149616284652,0.00039850643000816056,0.00021086520074717626,0.0010065821566017314,0.0013757839682871239,0.0005069484778552697,0.0019500831042084707,0.0006270891620302407,0.0002766134350446014,0.00010306441150325708,9.753970096277955e-05,0.023979511245886126,0.00017495505754912255,0.0005094373055920376,0.00019748318082416866,0.0009717734681317611,8.599016380388026e-05,7.368578727829117e-05,0.000331927996119513,0.0,0.00048033786710298935,0.0004536488098339326,0.0005083982278253352,0.0,5.1487441491764896e-05,0.0003140087489507072,0.00041784946062072833,0.00011010227773926214,0.0,0.0006223632542430128,0.001351430752420325,0.00037633080818773236,0.0004794429725756207,2.713953873566414e-05,0.0008512536778816918,6.682628789824314e-05,0.00013796697795122212,0.0,0.0,0.0004670249827307064,0.0003845666246181742,0.00010968170856499124,0.05110804444572189,7.718683422584345e-05,0.0,0.00018476970128599883,0.0006574809886519167,0.0002011905731039884,0.0005114457135252014,3.6270585018475784e-05,0.0009042935243720327,0.00022562293869339117,0.08526450711441377,6.169819846690512e-05,0.0010971213133266933,0.00032767813263296166,6.0055848234037283e-05,0.0,0.0,0.0,0.0,0.0003832121981047493,0.0006665958384116141,0.000748090726406249,0.00034509648889517974,2.6595687161937478e-05,0.0,0.00112642947372326,0.0,0.0,0.0005113800288919643,4.649698181211673e-05,0.000773602356673173,0.0003187046272446272,0.00040602646104000894,0.00013471243720209567,5.387054744127378e-05,1.4939217139075909e-05,0.00019873299895956163,6.635506348751052e-06,2.2458662166067875e-05,5.970248730563001e-05,0.0,0.0001036675863019463,4.9450335598550424e-05,0.0002022243898493135,0.00015611735845772097,0.0004993195280541124,0.00010743945864946492,0.00017857025173153586,5.650616125561279e-06,0.0001421986883095553,0.0003543515631058478,0.00017434600316837415,0.0004930884472597342,0.0006271069765778752,0.0004603218685133355,0.00023815539482025495,1.7978718522773736e-05,4.5722628483708923e-05,0.0001304423239921733,0.00014543309653628197,0.021741218972757975
0.02425173632297228,0.0698056286844813,0.014176415747322672,0.0355745128957404,0.02711937751056887,0.001810627448626611,0.0181749152383462,0.07359544429117261,0.005674487594884054,0.0028068879514122564,0.01391966366762108,0.007120978442605422,0.013499940323609842,0.05043900637850806,0.00010736977832038352,0.009500311395702205,0.0026629887263569406,0.00797773283549781,0.008977825255692,0.004504744929504462,0.0011412796588660054,0.06835683248990296,8.877823236951905e-05,0.0033819417267478536,0.0,0.001935824424080736,0.009921339741599484,0.004603084801845053,0.011046192219799803,0.04173663416119971,3.49344097933668e-05,0.05143491622071497,0.00256967686667872,0.0009191912810153956,0.010892938994714916,0.004132240121361262,0.02702918028668701,0.0005759522550513827,0.0013937728789952548,6.528046757551551e-05,0.000938025439080607,0.001286372514693167,0.0033597177323986213,0.001622343607266578,0.0033860426247609684,0.006476723890999069,0.0,0.0003052059078225507,0.00503884840285127,0.0025804243552330084,0.0,0.021439639395506624,0.010680341982425137,0.0018689009465148938,0.0003392631123941207,0.0,0.0004819289522361428,0.0,0.0017881111197721516,0.001341537244599324,0.0,0.0014028682257733115,0.020793135828059972,0.0009482212357404455,0.0,1.1302164782384472e-05,0.008690796193383967,0.0,0.0014642495527934425,0.0012412030195562693,0.0025863393466952623,0.0,0.0010624681070147202,0.0006826255971696549,0.009554665193680974,0.016633272384402268,0.001001145575493232,0.0,0.03679809393029629,0.0011939412965754552,0.0004663449764761401,0.0,0.0017603968463550525,0.007672277428213952,7.01696330835318e-05,0.0,0.0,0.002999480646121921,0.004174118476849585,0.0,0.0006114319938281373,0.0007962899705247419,0.0,0.0,0.0005275870309253844,0.0008902396616103938,0.002220294063175399,0.0003699120264058985,0.00024113502413883488,0.0,0.002240404705549466,0.0,0.00187987235086042,0.0012862780428839708,0.0,2.776767052664487e-05,0.00021846318353759112,0.0012441126339232322,0.000623122557486403,0.004178671900696565,0.0007796212119469672,0.0019872413810344885,0.0022378700445121707,0.00031239955468492764,0.0,0.0006169707997197344,0.0004436567793427141,0.007555033805531314,0.0006125925301276935,0.001876490964228899,0.0015728203113230025,0.00016801580953862652,0.0008596854834594529,0.0,0.01045710497993787,7.434500007722064e-07,0.003662978811870859,0.0031711639715837417,9.812560910377123e-05,1.5417632394877504e-05,0.0,0.0,0.0011774801999434854,0.0009436212801265761,0.001563954982862989,0.006959589141013747,0.000736813629396263,0.00013939416666717476,0.0,0.000176626240148237,0.0,0.00014672358008143248,0.0006821190287666784,0.00013161677497508498,0.00038434071756008594,0.0005831836319592958,0.0012592649732680497,0.0002830173844103741,4.806160141313473e-05,1.9576033153811118e-05,0.00013213886374671514,5.903173317644863e-06,2.5758109183159323e-05,0.0012643957900358316,0.018311118003537276,0.000249716306381229,0.0,0.012971157314786918,5.4040995804010666e-05,0.0006258659366760658,0.004830670558818756,0.0005432136070167389,6.365367292309083e-06,0.0005106522843283009,0.0003523342553857851,0.010100362529107442,0.0,0.0004447349315303997,0.0009248841170306825,0.00020326764241046275,1.5888067898005097e-05,0.0002051634891814424,0.00014905157670134313,0.0004136654125941999,0.06153962281005746
0.06390502329482438,0.039791742602321586,0.017825488589048328,0.02747000807805322,0.013024713005433921,0.0034914361201897294,0.00959950581850214,0.012785767786348582,0.006870820480910102,0.03579129400789086,0.013016290402133463,0.03846174905485372,0.02461634048816922,0.0030201518384358906,0.008025014951599723,0.0,0.010340701062217723,0.00837408903160723,0.009478784094063216,0.0034942992392105526,0.0016700801534976922,0.004753204304212012,0.026857735028836847,0.007958435896974302,0.0,0.007242221720528735,0.0014265753573772571,0.0075267540953795386,0.004860856164141631,0.0,0.0009566094917833132,0.0021856683254425427,0.024001364920418686,0.0006855337917135669,0.0004904964995504016,5.88788602729113e-05,0.001951536352168644,0.009611842520253372,0.0046246214628484095,0.0016681563319592002,0.03650568927614267,0.00029697537443372426,0.0,0.0,0.005634674227785642,0.003635798113199684,0.003059101456080224,8.67890548636277e-05,0.006628423274352848,0.00664604502430306,0.00022825334552238776,0.0011367621647042784,0.01860459293154639,0.00017228419129485166,0.0018418480657616091,0.0013401195312173647,0.0047011795917743255,0.0,0.009664529325118828,0.0012680822136918336,0.0032841864224374224,0.0009346190701657713,0.04097153962109167,0.0032164696271996,0.0,0.0002212423035874514,0.007505972638536585,0.0019354990706213168,0.001967298736139665,0.009398462314268859,0.0026290964220186098,0.0,0.0,0.0,0.002451030786264822,0.0042998069785760125,0.0031891075500325135,0.009055599965728193,0.0,0.00026485275810437554,0.0033659339161306086,0.0009960668315600466,0.14512936059504797,0.007588004413550988,0.005438648719601105,0.0033534298452898292,0.00036801816883064907,0.002457045920584198,0.004884265069559464,0.0018080501240730217,0.001683897640962144,7.315668273914356e-07,0.003943184060367892,0.00020363043733577266,0.0022087761818638274,0.00022756023674105335,0.0,0.00039670327711414374,0.000732547968948871,0.0015994045558073388,0.0003118278043542443,0.0008549229246427266,0.0,0.0006572541842757035,0.0009161463991504578,0.004332342729658225,0.00017820341143469387,0.00031645564428776506,0.0003614826981644036,0.0002085211951876506,0.0019392847194491395,0.002112716169704201,0.00026483041402325716,0.0,4.169871298764897e-06,0.0,0.0003058944701390657,0.0,0.0016331168131366635,0.0007596370714381984,0.00011806154813077125,5.16458821949047e-05,0.00011953045994546198,0.001778345648811691,0.0,0.00021123002082904728,0.0041547810471556845,0.0028531494840994443,6.147249948408495e-05,0.0,0.0002496058840048705,0.0003654343700527907,2.5808855865594187e-05,0.0009098645972605574,0.009812750037101399,0.012497004419366426,0.00023662395364612893,0.0009018781073506029,0.00010586760236768243,0.0,0.0006062966420737362,0.00010625687394957546,0.01345317787467518,0.00011693729665167876,0.01882421440471943,0.0002204182261860679,0.0006576299186518244,0.0007468801009804925,0.00014513763259693422,8.493549603804994e-05,0.00025767003978714606,0.0,1.668617568019222e-05,4.4517577099314355e-05,0.005679562371471231,0.004598305442490995,0.0003079819303439236,0.001054831303405632,0.00032536535624819624,1.4601060209750317e-05,0.005375077385967256,0.00015555946390241146,1.4741095296449387e-05,0.002004318071306388,1.9467910423628754e-05,0.000125976265852452,0.000402969311235957,0.009291573152818996,0.008366060237929237,0.000783722529480874,0.00011755152813460747,0.00013407221676220538,0.0,0.00028803743432262034,0.038974624555360084
0.04414095083422417,0.08502646127796475,0.01621404897313018,0.022938173650541738,0.02661848382179161,0.0,0.023604145275600803,0.03381574266164383,0.015211332408157741,0.027674737287317,0.10565800983404913,0.010917973317164622,0.13381010038119204,0.0033730378091750184,0.0066629166497081125,0.007008554342981527,0.0031991693741282956,0.020740245780724587,0.0,0.018791856146166727,0.00030989554393567154,0.0027609514443023065,0.0023833059267709916,0.03676644841670234,0.00029007041410958274,0.009868601363620683,0.002925379896972637,0.00921174977121646,0.017909548904732408,0.002046526940058497,0.0027223455307549813,0.0036444345404215294,0.01453426738894771,8.993207623503084e-05,0.0018592905141088787,0.0,0.0014078877922163284,0.015232308844024666,0.0,0.0017980239755155513,0.0001515153162936171,0.0,0.001179982577453385,0.006297837106758656,0.00028154028170773704,0.0,0.02142765922306374,0.015352550413797576,0.004038310685687867,0.0022919067308396117,7.927741511264972e-05,0.001745228438376588,0.0008612891489704557,0.006446474157950185,0.0,0.0,0.011733419860339302,0.0,0.0,0.0005379065067038346,8.246988911890651e-06,0.0,0.00040860581084305414,0.0022135240095208565,0.0,0.0,0.0,0.0006675768978163381,0.0038196120861682626,0.0005358898539134638,0.0004264328050534602,0.0,0.00628211424982908,0.00020991243969787282,0.0,0.0022283965983743497,0.0002705573423628626,0.0009977397572001373,0.0,0.0,6.703847159197468e-05,0.019288344158050082,0.0,3.6628006870457406e-06,0.0006761228698714177,0.006958919972224607,0.0009270017823994409,0.0,0.0005630338899888633,0.00041796803235953135,0.0,8.294927643541221e-05,0.0003693319261540168,0.0,0.013280737299339603,0.00042219705066635086,0.0005566652220114017,0.0039224176362319405,0.009842366839306593,0.0005071021578784708,0.0,0.0014514536028741387,0.00034433109098824067,0.013231095713366975,0.0,0.00010907114755737401,0.0010434164694035036,0.0,0.002847103149134592,0.0005028964199160839,0.0012575427641814347,0.0015425746747875263,0.0,0.0025008956792957403,7.34966295586948e-06,0.0001010036979089094,0.004351538080952174,0.0,0.0017967217418180127,0.0004910656645410895,0.0003436562428440569,0.0035366958120930346,0.0006559332870987685,0.0005865498563094934,3.988957722435776e-05,7.35301082652713e-05,0.0016702569357592545,0.00018786822236726362,3.717089944704394e-05,0.0,7.144884970065628e-05,0.00045905505002398993,0.0,0.0003408684356904632,7.138064336466711e-05,2.7960165752942665e-05,0.0009120485860579605,0.0,8.743257472706405e-05,0.00031276376128619795,0.00016822568541212767,0.0,3.3020339564939276e-05,2.5364560601572945e-05,0.00017850240733515061,0.0002072054232311026,1.5894945373021862e-06,0.00015073763723337692,6.397227266824331e-05,0.0006208684097667356,0.00019010016197476383,0.00037056987115222025,2.5304487237000665e-05,0.00013303417540753312,0.0002171761044519196,0.0001479609347477087,4.913232139205395e-05,5.625744907223181e-05,0.00010703762638184232,0.003870125811339588,0.0,0.00016232679561990057,6.114859201174617e-06,0.00016725333644995478,0.0003702766120919032,0.0006119197948538292,9.214864123249711e-05,3.907275702812381e-05,6.551353152443497e-05,0.00013919389806604606,5.053982748244867e-05,0.0007310859592730186,0.00010426680035115496,0.0010344181935137322,0.06927084005385852
0.09020836558069213,0.057952567432206975,0.010963854127141244,0.129186616198265,0.03347086502839291,0.0034005290623814817,0.028491039584565173,0.0,0.0,0.0,0.06572551455486159,0.1331736350691908,0.051020072879461614,0.0,0.016671286841618498,0.005402618120262398,0.0,0.011728208541641721,0.005641653662455521,0.004952260948953438,0.004565602169021951,0.0,0.0021383397208955186,0.003069939828150639,0.0016433511620065912,0.0067760303324098095,0.0013885465239751448,0.004983476212364011,0.0011625996756710832,0.004456628115321157,0.005773917974357421,0.0013846092083150525,0.0010382157138642378,0.00013563038887429458,0.003508156892142622,0.0005208867001068993,0.00214874716110289,0.0028352313300412085,0.009179399739128605,0.013043410926174306,0.00037959770517461696,0.0023051595474364245,0.00030504054666025734,0.005884632969139972,0.0,0.0012184233140523097,0.006076949284221266,0.0004321847907504558,0.00030281156289755664,0.0023741128845392923,0.0002542583733552827,0.0,0.0,0.003136755073508424,0.0058459336545652425,0.000882004518897679,0.03276583694104362,0.0014730001744974373,0.0012244638004279586,0.004527016256536136,0.00038703688829125533,0.0015697289927644918,0.0007488918814980141,0.005764216985360609,0.0,0.0,0.00026809932949189557,0.0022727005113296166,0.002256512728165159,0.0,0.0004938861737756532,0.0016453642924369578,0.0010619824555204854,0.0002744350324107102,0.00016303264393066364,6.240354135222736e-05,0.00011912344940165611,0.0006386701006290006,0.001062884561837242,0.00013000276458335626,0.0027988212288794076,0.00274708262089641,0.0,0.00030303468637453966,0.006477298567839855,0.00022557643595515615,0.001262124244793292,6.040704537024079e-06,0.0,0.00011233125592548421,0.0002067286011626499,4.6956449802389057e-05,0.0002514462570699147,0.0,0.00338393512452518,0.03960002502371411,0.0005243363989522625,0.0007122172565794519,0.0002238823705759247,0.0,0.00027472230959089126,0.006373109303564491,0.0,0.0029160364021963226,0.000583327447717175,0.0,0.00011868958298690367,0.0,0.0007939648315035969,0.0008310922738834228,0.0012222535547786622,0.01084520439306434,1.8546735972263325e-05,0.00019527027523485107,0.00018077202501635004,0.0005797382472677976,0.00020255575106734557,0.0006652816894310436,0.0,0.0,0.00019819532211439765,0.0001815990267844125,0.0010170305123576345,0.00016054531147130077,0.0,0.0001257528403081193,0.0,0.0,0.00026196393578861374,0.00046884371945714033,0.00041833020689500337,0.00022539564053791707,0.0,0.00030787934042201447,2.841822735202357e-05,0.0005330020463454488,0.00016076358311534875,0.00020199035283057886,0.00015457545804910166,0.000574251386970007,0.00028944678602593255,0.00012147540963832724,0.00021583822929316493,7.434514558270286e-05,0.0001696675178646287,0.00048300781679293394,0.000799803761484087,0.0005301468567344629,0.0029422556465394526,0.00032865951274033817,3.8258881455056954e-05,2.8511803847738514e-05,2.7145009049010302e-05,1.9391597504664376e-05,1.6157392667017562e-05,3.070400911979302e-05,0.00015253300368801788,0.0,0.0008097237065527906,0.0,0.000257249992249741,0.0005785601796445394,6.599670577953176e-06,0.0001360823698126385,0.0004939847618041334,0.0001849990057493219,0.0,7.093265679776494e-05,1.0525950789663216e-05,0.0006310851191721878,0.0003827352440853108,9.848242696748259e-06,1.081319850142321e-05,0.00021865677920026195,0.09418095464418379
0.05411309728272692,0.009706231459515324,0.04211634504892775,0.0889048799440189,0.04633620543284957,0.01900034412645088,0.01521171873118934,0.013539399616864137,0.008406456869921041,0.006317120211442081,0.0021094456816238526,0.030034919855684603,0.0,0.019653303116194586,0.0035509229473946174,0.03954237130951041,0.01029967715600985,0.008168338648477682,0.002528253231614554,0.011404409007884747,0.0015508396313764976,0.021611494729627128,0.00472033709691737,0.003034107003447631,0.0,0.002189865847393032,0.0005486472671878713,0.0013149693534813866,0.018295990157839198,0.009506124331393919,0.008316661177653839,0.013074064488910582,0.004180955712711799,8.188601910207381e-05,0.01583060708815165,0.0007796411748688533,0.02018705982157376,0.0007498583747450999,0.008579566210278281,0.0,0.0012979158469967188,0.0018876514349240854,0.0,0.0013579507013734384,0.03620486024468319,0.0017521122667170134,0.014301424062937822,0.0005617678154979289,0.0020214991758679825,0.00015887171490544885,2.858319695661674e-05,0.00038147246594438865,0.005504614147163497,0.001181785425229386,0.005152117620746089,0.00017810356896823728,0.0019457370153599847,0.001115770975630576,0.003188961871991651,0.0013519406775609757,0.0006178377323412861,0.0,0.004971383194177755,0.014822350800471196,0.0,0.00039814180099744125,0.003435353652304839,0.009329285770297055,0.028729270117214246,0.0014394574109123312,0.0007600431508614537,0.0008598435624623101,0.005674326885642262,7.613010126244823e-05,0.02792020424397941,0.012545480811545339,0.001192335176779572,9.271196066703334e-06,0.0016023593423174028,0.002893682495717422,6.50636085404988e-05,0.0001526938623285256,0.00010116093842189743,0.0024693822079505873,0.0005802419515565218,0.0003932018073670794,0.0007413361899825877,0.0036827070766641736,0.0,0.0,0.006026097484807262,0.00039157660210499,0.000313164974776337,0.0001914447245584941,0.0008713310678430612,0.003059000775734263,0.00011884428738841092,0.001755433761110712,0.013994956018540906,0.0,7.047918511156955e-05,0.0015242388403175736,0.00022551240249743792,3.0198455820837412e-05,0.0001955366574483691,0.0028561448477905727,0.0007383194006192013,9.183761414055381e-05,0.001649491133171175,0.0008991766648717616,0.003896257103355353,0.0018605937958829878,1.615145176133365e-05,0.005965984002282419,9.088903505605339e-06,0.0014286001880963446,0.0,0.004262961350542416,0.0007662628217938094,0.0,0.00016210134722897062,0.0,0.000489041933739713,0.00015805253198695449,0.0,0.0,0.0008495280188501414,0.000757218824427805,0.0006530994809763898,0.00013483216452016392,0.0024355283474410986,0.0007899887397524332,0.0027247520151046476,0.0006697432073948453,0.0008517819139959564,0.0007101474716281883,0.0016309789823309461,0.0005907515088668082,0.014146996368213465,0.00035316121927514215,0.009504117217983795,0.00036136306558556667,9.430587158038976e-05,0.0003661539758881677,0.0008309942410779123,0.0007056546022431321,0.00020003386479362304,0.0004647356092804338,0.0007521663372209153,0.00305955871704974,0.0005495259241693662,0.001304817604540258,3.637019700818261e-05,0.00027494672813769606,0.0001099701934634834,3.7255278414426747e-07,0.0001973242742637543,0.0005929870462680184,9.103422181630568e-05,0.00035495608698051965,7.990494917038388e-05,0.0005184577047093475,0.006446235342591928,0.003285706012504423,9.541859504467796e-06,0.0024653379716665577,0.0003477555340915753,0.0001342908206176173,0.0003263433835120267,0.0006945274199910737,0.0006892113859849261,0.0,6.412867333624582e-06,0.0003485595865402014,0.11294813775546084
0.09938142421611997,0.05224859386335998,0.08024489056432157,0.03152040896922187,0.02238779599574819,0.00614658646694821,0.02606841042631389,0.006765252023586071,0.010248495988880325,0.01768039662078681,0.017806102544388764,0.03907833638723353,0.001961298953497557,0.0050479279937515956,0.005531302761724627,0.05465080809255922,0.0024889140334428115,0.0,0.0010118090643503233,0.011382681946341656,0.0,0.014567114339467975,0.0009996364661646194,0.006942946202796219,0.0,0.005139313440398993,0.0,0.0029546377548559325,0.003978450948173757,0.013277501666823451,0.01462289454682687,0.0201028192822439,0.00681289387178872,0.0004030717497870247,0.0016546398653319693,0.0008035029455278898,0.02225598121753488,0.008925906656063633,0.011431766691567976,0.0010475890063821427,0.0009530570238935075,0.0006858897779247696,0.0,0.00406299624928989,0.030293674848639315,0.007030012144620141,0.012576760269255262,0.0004380633149321047,0.0014816672533151253,0.0034506301618997533,0.0,0.0,0.002544779541671681,0.0,0.008503337300931887,0.0012109244245331837,0.003756592571613826,0.0011075140158211952,0.0023141243488553447,0.0010070364806751685,0.00342654972630554,0.00011261764313257741,0.0023641506844540913,0.016236033734474055,0.0,0.0,0.0016307589025413925,0.005546166110237669,0.029067678252501783,0.0012358089848670546,0.000575131191384756,0.0009207275020522156,0.0011687592202632602,0.0008471761707549074,0.018939886275440132,0.006809247587677517,0.0006431636794247206,0.000782187734482109,0.0009711850991647442,0.0016231313643641962,0.001280123114899834,0.00019864261702004897,0.0006959522458394432,0.0018664227327865287,0.0010687451805174587,0.0014505959193059788,0.0017534141717607647,0.004970889497273616,0.000743055632300369,0.0,0.006193036727613349,0.0,7.993099053956593e-05,0.0004075242501496015,0.0034477128721465754,0.005660376101209017,0.0010813569961634713,0.001840232577021622,0.004912053878368238,0.0,0.0,0.0025598507290352217,0.0005326466829928937,0.00454150919575456,0.0005567426203798234,0.003144334094551967,0.0,0.0005802822976704292,0.0017556971183135634,0.0009303925007208281,0.00037436058422402556,0.0016892426553581205,0.0005058772605027895,0.004439352873871353,0.0009911477993010025,0.0012750819975243894,0.0,0.004125621851464354,0.00042857379819744755,0.000688640074820956,0.0004559477906035063,0.0010936420438614222,0.00029941431713739183,0.0,0.0,0.0,3.045562986905796e-05,0.00026286638020555335,0.0005261455263997163,0.00020528152631623067,0.004594107024502812,0.002558939650127825,0.0,0.00042714258903336536,0.000555161601562846,0.00042690419770780274,0.0018597654920053089,0.0006189333931675787,0.0065641591595809795,9.867819941495454e-05,0.0054574495965797115,0.00017907951865160125,0.00024063053491453685,0.0002668679752482332,0.0005154102068630739,0.0003549669803246214,0.00015057521795080222,0.0011323064676195054,0.00014947107405752566,0.0025566506340900467,0.00028830937416753137,1.1383852208661672e-05,3.600457961734916e-05,6.356701825424841e-05,0.0015560724135128658,5.674316395884838e-05,0.0002711372427804963,0.00018647774922568675,8.884479304319001e-05,0.0,0.00016953396170597194,0.0005795333314260201,0.0018172771286702842,0.004174963811621678,0.0005823665916202648,0.0016807522660730904,7.76426409148347e-05,0.00016120273236150759,0.0003314132981075268,0.0003686479685577222,0.0005400355837843255,6.160453948309299e-05,4.390188179584448e-06,0.0005215024114007702,0.08613069783622143
0.049749949469673725,0.0,0.015098488443195428,0.1297645497715828,0.055788064943756696,0.00912767267425661,0.00520929207982923,0.001351753082510347,0.005017884334630244,0.00019836699954123096,0.005004686268531484,0.2113581838604836,0.002572620391982063,0.015254010715438615,0.004829151474837018,0.010305758073316587,0.0,0.012664597207630045,0.02189444133548953,0.0022213859047845383,0.0020506795178259155,0.0004621761839004645,0.002576594360418917,0.0015605437234895508,0.0014841366370019155,0.005961021422009753,0.0008127071278188835,0.0013350272130596835,0.013857776669736935,0.0013851742974045522,0.007874843922522497,0.004013295520850445,0.06109446874292006,0.00012196222282041802,0.0024282916590863796,0.0,0.0004930421827003578,0.00042491727681193164,0.011653638349329394,0.00179012776253136,9.738336545498294e-05,0.002935036021803892,0.0,0.0010024431281143787,0.00022702578224180703,0.001824530306712017,0.005359569836457871,0.0010455110987614485,0.0,0.0,0.007298428572023232,0.000804182509415978,0.001422548195795779,0.003359312703792019,0.026883387975765994,7.244136304121098e-05,0.03911583260586902,0.0003522673915304937,0.001573156921543793,0.0013961739332891865,0.0,0.0018089243525571542,0.002099159593751158,0.0015776086316246888,0.0001672055991072753,0.0010222240881323154,0.0021812237962254765,0.000442980325827483,0.008331821756907309,8.465166028209255e-05,0.00403685724754368,0.0,0.0038009214082151605,7.118693306555535e-05,0.0,0.0021674585215652473,0.0,6.467427963056006e-06,0.0020954716855496346,0.00255399185942077,0.001382220368776593,0.00022441991208395159,7.056814214817978e-05,0.005470151882000262,0.0017908968271705815,0.0001140806698146902,0.0006563538073204791,0.00015994382378639466,0.0,0.0003262089823274867,0.0017189606305997353,0.00020592650088177377,0.00023765747811913112,0.0013359643351634066,0.0010804965228329026,0.0052979047928583805,0.00019199042042689974,0.000503465195530904,0.0013134626452539168,0.0,0.0,0.010363048710929846,0.00015561397583355041,0.00319322959288536,0.0007125062269286864,8.001802682637147e-05,0.0024349304552101717,7.811243996027081e-06,0.010626920215136955,0.0004951006235025081,0.033125780864932154,0.00200136699024283,9.168003951307252e-05,0.0015279645501711358,0.0002229519967931562,0.0001812214249926343,0.0,0.0004768796332163867,0.00010210468233729413,9.819764414522407e-06,0.0005734376809768764,0.0,0.0013106351398125447,0.0003821785502685067,0.0,0.0001549419214008729,0.00017456480857924343,0.0003078189697375582,0.00017581268203325422,0.000379075831724603,0.000564589870644152,0.0006745341866431014,8.814325292248223e-05,0.00024783917879183764,0.0007970284891029993,0.00030919216996985456,0.0017435543260241881,0.0001450480059792255,0.00028117879167083336,1.3379091332450743e-06,0.0012139542650846976,0.0008251874119493914,0.00022178392724473979,0.002502777487378587,0.0002044456041166849,0.009892231455446047,0.0009673536768232487,0.0006779579043002204,0.0015848918234543981,0.00037505733449191814,0.0011844676064035908,5.5523179919715394e-05,2.5371227990458897e-05,3.952683497021569e-05,7.671332794510833e-05,2.598864565643646e-07,0.0002431724264960132,0.000261250912940454,0.0007819176436996791,2.6134099750122507e-05,0.0003758694660492349,0.0003622596474674248,2.2413745172254495e-05,0.002540537204541832,0.0009930045437510843,0.0004149196704024877,0.0001442023389466507,6.71185492551381e-05,4.926354371485523e-05,0.00041251508619006725,0.005420832103503607,0.0,4.473506677936074e-06,8.265730089048869e-05,0.06574075311314098
0.036007997641748245,0.0007414993738848298,0.0387333787559159,0.04156164913198586,0.049889250146465475,0.005469771216246461,0.005622589300239493,0.0012020412537325838,0.005718856265864714,0.0017201952491873482,0.01201435252016198,0.2404036918260861,0.017311462211036962,0.009184492314841386,0.03345343168098256,0.011653906322117,0.012566898641703614,0.007425747154480957,0.01414667307287346,0.00041307196569630807,0.0008203063776841221,0.0012556214419044414,0.0020208384889889414,0.0006041785619921742,0.0007053014491168778,0.00583759692536777,0.002001867890534824,0.0009961727330870828,0.009471910271755826,0.0015687373473337047,0.006717148119967844,0.002346495333511381,0.06414207213693442,0.0,0.00018209240122157223,0.0002457775507769002,0.0017430424931710654,0.00014951995263894947,0.008107001861489506,0.010653109268596082,0.0,0.0020988120737673865,0.0002652168396754056,0.0015641969320005754,0.0021515784974008912,0.003422783300337803,0.005927148724412662,0.003186663082979032,0.0,0.00025111974831037065,0.005845322631188382,0.0007022451770890425,0.0020463782821358583,0.0033043191828515937,0.028548268691604418,0.0024023462465730264,0.035436126221559644,0.0,0.00046501873419363626,0.002788028110509488,0.0015410199294772348,0.001456627029802319,0.0015449400217576112,0.0058431056975138404,0.0003109349762380045,0.0007166803600345245,0.002115554244697551,0.0013944426608993087,0.0063386142809805585,4.6594079234441567e-05,0.004594890202539376,0.0,0.004064748811779106,0.0,0.0020931902021431043,0.0,0.0,0.0,0.0011641176424139494,0.0018481846644965688,0.004447648014772979,0.0011080680006959743,6.93542609006925e-05,0.005205510607372867,0.0015072066336467415,0.0,0.002183894604407008,3.8356545115868226e-05,0.0,0.0021781718167848906,0.004196740500391997,0.00018213380781407812,0.00035846299179822697,0.007823916626049324,0.0020293991080308233,0.012989431855747087,0.0,0.0015803417675768104,0.001377873932156768,0.0007371853873851123,0.0008670038764204739,0.013302169383653714,0.00014874065528152006,0.0025353801974505766,0.0014764147260111185,1.96615404360216e-05,0.003794740818445653,0.0,0.013013191941251086,0.0004965972234137532,0.014985239499241064,0.00181990565715784,4.680367676212097e-05,0.001319300011230981,0.00021911687743534784,0.0,0.0,0.00027366976134829955,3.0398297170689e-05,9.71903294054573e-06,0.0023482486053006514,0.0,0.0006303406321462442,0.0008540598480284272,6.327138534381618e-05,0.0009381003462803782,0.00017156202373674894,0.00038823947530756747,2.494329648481192e-05,0.00026675695802733497,0.000605471907397233,0.0,6.983746951361897e-05,0.0003977955766470025,0.0008779637790578148,0.0002975122290179578,0.0020462405858199056,0.0,0.0,0.0,0.0,0.0007933207157504521,0.00021796890049072436,0.0025288119222657297,0.00020092882335111885,0.0036254897480716333,0.0007300893721045242,0.0006684817645649962,0.00116872173367282,0.00030260684903509887,0.0011745604942355022,5.4568095304282556e-05,2.493480360764501e-05,6.867005359617782e-05,7.539373999238355e-05,2.554160073432845e-07,0.00023898948445667679,0.00022370378538934775,0.0005812754004310689,2.5684552792516314e-05,0.00042239379365010784,0.0001238010565835736,2.202819407054875e-05,0.0013328585008125808,0.00104056289902327,0.00023738988543404153,0.00010959522621944745,6.596400634357494e-05,4.841613452878564e-05,0.0005802466434394689,0.007450870410525191,0.0,4.39655544042931e-06,0.00013810765208876148,0.06307785570039119
0.09505107091328446,0.002892733106039788,0.019597747223437774,0.14848964710600387,0.052373047210890526,0.00922854641566495,0.009427665105099755,0.0052870125655691165,0.008070250137013247,0.0021454417616153386,0.009835138155968932,0.18807269286250838,0.009543107314516113,0.012295714932010033,0.014993901283048167,0.0057915658152353335,0.0044533639973705005,0.011055247006609741,0.02527927614238457,0.0008589691640547696,0.0003161488566289356,0.0,0.0007483880228091131,0.002346397667021087,0.00028770153370509657,0.006605485013583527,0.00017472898426976714,0.000984219661747889,0.010930252658111315,0.0004446838824413564,0.005744086526414386,0.0,0.051874634622062786,6.97304192371352e-05,0.0,0.0,0.0,0.0009098228523412427,0.00869565275451275,0.003383243013589382,0.00012644313111154502,0.0018600082900559149,0.0,0.001494555701495653,0.0,0.003254924376757845,0.008782951537055704,0.0018845411781228947,0.00025783630792810234,0.0009585360052591851,0.0052324990346577895,0.00021571801646367157,0.0006313650349429299,0.003687905320327923,0.018040039039397434,0.00030115841987619294,0.04294356080543841,0.0015725955152640165,0.0017127501824439487,0.0012319200849167772,0.00015215773944181855,0.0006943442333070555,0.0011727661132140603,0.0018485392415794305,5.010631736395581e-05,0.00028280445356409275,0.001589340706630563,0.000700528489100771,0.009016426741799985,0.0,0.004733431829517988,0.0,0.00426158909727441,0.0,0.00026818535241225676,0.0,0.0,0.0,0.0012002718773691124,0.001686877037829679,0.0014840134494750693,0.001255727889693781,7.396491084047033e-05,0.0037361697796655167,0.0012381057246773257,2.9878407700671466e-05,0.0005465181803059551,0.0,0.0,0.00047053646938162593,0.0009827756076881168,0.00011350160679808554,0.00014524136519339207,0.0009011619878996915,0.001218600211462158,0.004794521509497936,0.0,0.00039772551296986014,0.0010102451580443694,0.0,0.0,0.008169792412806375,5.754342354965803e-05,0.004055323603113467,0.0011625247586491067,8.17191256349676e-05,0.0034104056693003942,0.0,0.009336507823026113,0.00015682956456441384,0.007900532438980857,0.0007878978539522128,0.0002806295496858732,0.0016530307449593403,0.00017385939177630148,4.7334837282742296e-05,0.0,0.00017013888527193073,0.00023245646099190654,2.4385355040123025e-05,0.0005596192716703749,6.826474790375623e-05,0.0006890944434521072,0.0003979462556797399,5.9138542634975855e-05,0.0003170433316927547,0.00017214725180790037,0.0004337789734452151,2.5028382431993115e-05,0.00029469342064385417,0.0,0.0,7.065601913837796e-05,5.803381633901437e-05,0.0008606697709662282,0.000250227142949139,0.0016889653284502604,0.0,0.0,0.0,0.0,0.000856962412146772,0.00020903641200563117,0.0032210547871124825,0.0002550099881611272,0.008569769899307472,0.0007066593468408428,0.00044438088020283415,0.0012020382803704282,0.0003426773383713212,0.0010946708254418035,5.475423662195746e-05,2.444689471115223e-05,6.890429916018224e-05,9.417706166266681e-05,2.5628727601955094e-07,0.00023980471939018787,0.00022032518438578288,0.0007325884844465683,2.585205533842609e-05,0.000376673186157562,0.00011220179523986112,2.2103336093509717e-05,0.0011258419104237564,0.0013425434371508432,0.00021038900892384938,9.998447482078571e-05,6.618902110708173e-05,9.8696333274555e-05,0.00040680214411418917,0.008819544542767472,0.0,1.0441066565294706e-05,8.151257579328774e-05,0.056714809506806525
0.06186370478358241,0.0,0.028764764450071447,0.15620640462600768,0.06016312156811373,0.010543644392847228,0.009190733858840875,0.0012569435515728362,0.013344847545083503,0.006480748711809221,0.008211553919465589,0.14733426513731387,0.01738781075964111,0.01463432971801276,0.01074100138622899,0.008030980217752535,0.009002899134392145,0.014290457298976891,0.03350186000540006,0.004377321469485524,0.0,0.0012626062352625019,0.002540904537550285,0.0008368943881603945,0.0,0.00560427896933412,0.0011538898001428651,0.0009322129845875015,0.011315343511779551,0.000717263905534243,0.005613495506254408,0.0,0.047186633820241526,0.0001949868245265143,0.0011212094569145567,0.00011282649604225934,0.0007805435093010142,0.00031695516927460757,0.008822727972324739,0.0030087386802485298,0.0006898165776993383,0.0018931581369191382,0.0005174246406211691,0.0017137066157786383,0.000455728094928122,0.0034537496355211287,0.004333673384284545,0.0010432356364269875,0.0017329546748078267,0.0,0.003982496266511179,4.956054806149552e-05,0.0009572804768747456,0.0027976622442123784,0.017283820450646324,0.0006835020184257971,0.052184789393545594,0.0,0.00131961050936046,0.0004025170196764333,0.0,0.0016971544241917282,0.0010786686934401502,0.0015714632209108646,0.0,0.00016204987071663228,0.001998263534764532,0.0005762985965547997,0.011831917145767305,0.00101623137236313,0.005283730435806625,0.0,0.00387392583081,0.0,6.92479350439206e-05,0.0,0.00039213333166109943,0.00022236672471943292,0.0010693210159473854,0.0018770129876584745,0.0016721555415001278,0.0004986052930686151,5.6579910522278277e-05,0.003684044863162568,0.0010532072728839073,0.0001449381929234094,0.00064591600468371,0.0002478803904415135,0.0006050128661435497,0.0008047073698753313,0.0014815710300089347,0.0006764584751631043,0.0007211501128766577,0.0005166294109436888,0.00133740183864851,0.004121835770092951,0.0002562534908601464,0.0009930611408302337,0.0016816368360396997,0.00012774072499387827,0.0005628083966264611,0.007887313187846034,0.0,0.003427441823579087,0.0010119449329988762,9.531743557976478e-05,0.003238848397449246,0.0008568613001473844,0.009021134090286318,0.00021960046068014797,0.011006425402242042,0.0007865661260211482,0.00020144787569920342,0.0019121146473794718,0.00016969336802753098,0.0003610753886782581,0.0003014754036396196,0.00013736344591692303,1.633332965027369e-05,7.961335202563196e-05,0.0006451383917440776,0.0,0.0009137987657219389,0.0005422715015590096,0.0,0.0004946303266348714,0.00015923202284272276,0.0008145261403258786,9.74160400290395e-06,0.0005994519993189532,0.0005528512813144766,0.0005291517596770419,4.8307508334002946e-05,0.0004366137936545095,0.00044777858418694087,0.0003818089383209178,0.0017203131738890943,3.646669659297825e-05,0.0,0.0,0.0,0.0005856076635614188,0.00021436475774926097,0.0024688992453321414,0.0002018204725188594,0.009765834235804488,0.00043017664890163137,0.000361207120227564,0.0008706241373860574,0.0003606384316677749,0.0011569176277123837,5.344221402839879e-05,2.3861097516592878e-05,6.725321236089645e-05,0.0,3.0430198952806864e-05,0.001006432413707223,0.00010066652163651236,0.0008163466303759952,9.439127639296057e-05,0.0003886285576490183,0.0001655632842471148,2.2057937510207662e-05,0.0008010492795888178,0.0009730937785751839,0.00024065220913246398,6.816951489844957e-05,4.706681228324916e-05,1.4228022187027541e-05,0.0006888439424062152,0.007323564969211323,4.260935196373479e-05,1.3201398698193829e-05,7.955936910650015e-05,0.06450717453171756
0.03307702162898118,0.03889937648385773,0.15126468338415866,0.07662050602740156,0.05724785810345238,0.0005340032395515219,0.008477689239610722,0.046734960997510795,0.3276434952872942,0.000849026789812169,0.002034646447632625,0.0,0.002474088388310521,0.01881145772640422,0.000955310337856424,0.0026337958537083076,0.00409581068103424,0.005701896128530699,0.006200842364112785,0.0030165438706469786,2.3400044890328918e-05,0.002088327955028997,0.01427492681190962,0.0002635574577044348,4.634424437026253e-05,0.0035740085236777674,0.0,0.007081587027709425,0.02195176515506688,0.00021208696077405195,0.0005432593903660892,0.0,0.0007277865723842909,0.0006412614858424063,0.0016240236879712707,0.0003940897925638594,0.00014629882379149972,0.0004943850598382803,0.0008329350502852149,7.051449870645468e-05,0.0,0.0007755422796676643,0.000822781402148014,0.0006553471134133627,0.0,0.0027812539497523666,0.0009222214014149363,2.2764424924927145e-05,0.0,0.0015406252681161663,2.849583995930105e-05,0.0005245075844299103,0.0016148181069810645,0.003915843913871283,0.0001841298079672241,4.663992639668729e-05,0.00012726556225011568,0.0005501026464939752,0.0011559853310355358,0.00013028399253909502,0.0011879831532805622,0.0030739485813619477,3.7803529999521305e-05,0.0016349392782074703,0.0,0.0,0.0013764025729376798,0.0,0.0001638596489075874,0.0003553059271577446,0.0005756807934200305,0.004312340367688613,0.0006648545330427251,0.0,8.592229452814793e-05,0.00035359015271765437,9.596257026976126e-06,0.0,0.006000395754561749,0.0003472722901411327,0.00014806674836296253,0.000875433427321365,4.014771791239242e-05,0.00029625749229642196,0.0003983125777526367,0.00015720346893839893,0.00012943548473381134,0.00046966741934481674,0.0,0.0,8.414871450613084e-05,0.0007968149679362961,6.829106870094579e-07,1.3737925276351041e-05,0.0008783898890900406,0.00022786334125741992,9.757729285596297e-05,0.00020508927353322942,5.40035461635753e-05,4.076968578111333e-05,2.1212731713272912e-05,0.0,0.0,0.0021282724974050144,3.079163096995143e-05,0.0010454410996991773,0.0,0.0,0.0,0.0020940819113869904,0.0002624441021500369,0.00019571020995111737,0.001219008559944642,0.0006496825321963413,9.783912082860074e-06,0.000726427274235025,0.0002445409210789202,0.0,0.0,0.0,9.656626949678221e-05,5.926081056467314e-05,0.0024740818329629186,3.912830283033227e-05,0.002366766578559849,0.0,5.6609889450652494e-05,0.00036028845957467156,4.663736937214819e-05,0.0,0.0,2.306210245476546e-05,0.0005050189457172454,0.0,0.0,3.6036048060346384e-05,5.137372141653175e-05,9.394638385656662e-05,0.00011474307780040916,0.0,0.00016895328568689133,0.0004272270161640253,1.426741317637832e-05,5.914738329731424e-05,0.00012707067235119568,6.853043788625343e-05,0.00021028361098708609,3.701366182708708e-05,0.0003043654915373984,3.4995064714076606e-05,0.00029073071970377385,8.123568191532109e-06,2.4813439289786853e-05,6.993741594659609e-05,2.8065815832650105e-06,1.781454669905642e-05,3.2176949313132415e-05,0.0,4.915741399556028e-05,3.6732956136088754e-05,3.1026869911312456e-05,2.0465619624977454e-05,2.293831173888114e-05,0.00017215798734859024,0.005992776099452206,0.00015133735468002112,0.0008766922296506908,2.182601886778598e-05,2.1824904970830105e-05,0.0002984356235970929,6.386398150405668e-05,0.0,0.0034640598924949974,7.081548866221598e-05,0.08870103772123869
0.06610200156238774,0.1419425638888411,0.0659672787040337,0.017954463279865617,0.014945897934486547,0.013496096627020499,0.036227546967852214,0.018203445603644997,0.006116941081918614,0.040890014828577924,0.0028726776558901813,0.0077118261490217626,0.005185877575210528,0.0059275778370257515,0.022165716109386568,0.023685127672464036,0.0,0.02378186563929443,0.015020737341017318,0.013511957678047798,0.004210655505705216,0.0,0.018499323313317446,0.017579232608662062,0.007415933199806594,0.010267454394868732,0.0,0.004662487738390126,0.0028858171233643597,0.008914485141844649,0.011318611130214203,0.0009098327531092837,0.009390918965895511,0.0,0.0023024038628337525,0.009338373022597447,0.005156957892544345,0.008781270998219876,0.004183508910705048,0.0023496837158860887,0.004889044081174018,0.008997598294894675,0.0031697990447663326,0.011505506231775263,0.0012998670664167442,0.0039401045908555405,0.001408812900848961,0.0007612265056902519,0.004791765441871479,0.024268452311740782,0.0,0.0,0.0,0.0,0.003047453345456072,0.003324829256383394,0.0003564178284220987,0.0019804183317741384,0.0009163150251229373,0.0027958306052532716,0.0018205325036815645,0.0021575558191672,0.0002441926555967534,0.0010293324678166112,0.0,0.05535394168429579,0.0,0.00366944004202428,0.0,0.005829192011815174,0.0023754272790728094,0.005676498419650355,0.0016108007817075966,0.00029153280423115514,0.0,0.03618354842025355,0.0001999849369918968,0.006412642542966564,0.0002592748127674062,0.0,0.0025340382862874267,0.0005526069804522274,0.0,0.0,0.002222780565066574,0.002587908910271694,0.0005604720339087035,0.0,0.003291890972560867,0.0,0.0,0.0008036374904907976,0.0,0.0007492909620909419,0.0001932577969997038,0.0008737825380986414,0.005245026878627986,0.0003857718380557972,3.1052465469834186e-05,0.00022636758779553078,0.0,0.0001609307513580055,0.0,0.0,0.0008891516997552181,0.003711480970972259,0.0003790913277513829,0.0004596431609176503,1.946759700028442e-05,0.001365846749445963,1.0831394988041686e-05,0.00033704381432706593,0.00029829752543263695,0.0013160627247950677,1.3844872207827747e-05,0.0020409502923990175,0.0006795081435053006,0.0,0.0020688971290391813,0.00042282674476732654,3.2724174459083457e-06,0.00018211075479484338,0.0006977212605865678,0.0,0.0,3.959522045929685e-05,0.0,0.0005677152891751291,0.00046075672424302237,0.0012389911393738458,0.0056661077018706684,0.015512249698706258,0.00010691417148157502,0.00018927128998903273,3.0186327301705187e-05,5.664905558703237e-05,0.0,0.001043975432133146,0.0008687119943766179,0.0,0.0013739665268895855,0.000621748992831219,5.108856367245063e-05,0.00010826136983450078,3.8786686106176875e-05,8.74352405890402e-05,0.0005811821583469794,2.556758632716444e-05,0.0,5.500645650555658e-05,0.00016854906295195294,7.1766845024095575e-06,3.511263113306373e-05,5.2268867291398504e-05,1.4441745670230265e-05,0.0001563544160675548,0.0,0.0,0.0003274209748649963,5.1864781291467324e-05,4.924057645573513e-07,8.791196288769593e-05,8.984651257706184e-06,0.000528074174087519,1.4467122045331629e-05,0.00017125628696312368,0.0,2.7314141970009638e-05,4.125896544159147e-06,3.0102639228623695e-05,7.411317295540414e-05,5.080112436261769e-05,1.4720858619850945e-05,9.412763608030399e-05,0.06359738404155701
0.3037816349367471,0.08003752159388806,0.03507436521846503,0.019526374080334818,0.0020925883182754245,0.0010291457240197508,0.10281880564197239,0.010247689648126342,0.11073203444717122,0.006248557823420222,0.010855085214629351,0.0,0.03217269855909403,0.0072563506370149815,0.006868174411361271,0.0001672793494461158,0.021577367275676773,0.017419278934961566,0.010156381286786191,0.009315414879110591,0.0023412833299623586,0.0003470932847080615,0.0014569990842174735,0.0026019716991227335,0.0014058856752689978,0.00698461845986572,0.001130445969399196,0.014279488155126013,0.003659484687567057,8.730858851380291e-05,0.01942997734268036,0.0017590049947309775,0.001407632296359748,0.002211400666563941,0.0,0.0058043594168283585,0.0012512132797950321,0.002342358478609101,0.0014422233460929074,0.0015745316587942228,0.0,0.0007807702841656039,0.0011361939271125685,0.012121658875591879,0.00015364752055498803,0.004631252837322967,0.001717819121927559,0.0029783398694199995,0.0014477266703296307,0.0025609651829138404,0.0,0.0013369143941202777,0.0011916106556791456,0.0010209254818116028,0.0011115580354309437,0.0003863669907794429,0.002049612843208396,0.0008964770878837149,0.00826506054745081,0.0008637034481182197,0.0006664980235410694,0.00344159119822867,0.0007263631177010167,0.0023593881890752303,0.0,0.0,0.0,0.0,0.006975543115274762,0.0003672434035507727,0.007654657537498156,0.0030592898919660867,0.0015551184131426948,0.0001408687967227147,0.0004613112305075272,0.0005054720321845784,0.001583389620219854,0.0,0.000753488758849674,0.0010050777535991068,0.004033949299753362,0.0011878267022218496,0.00020108616308903696,0.0005124249800848946,0.0004788316943075728,0.0017699419071804474,0.0013740156929864873,0.0007799767427133741,0.0,0.00014063131645278767,0.0009012735142717101,0.0008363210966503949,0.0,0.00045702968017222146,0.0032270742701933004,2.37117248556649e-05,0.00012845357810867134,0.0005903172390041801,0.0015668988465926618,0.0,0.0005277269279143597,0.0,0.00011392036001331379,0.0036682231192180213,0.00033109955056614764,0.0006203467724194532,0.00015985337639737489,0.0,0.0009061975216627176,0.0008906462025183845,0.0016786622825322377,0.0020034093210350603,0.0027619186400833612,0.0012049841175560425,1.198829932794032e-05,0.0014568817840137334,0.0006102089134170033,0.0006201710698439458,0.0009126582608147627,0.0003771922754509453,0.00046230518561303215,0.0030915869609460587,0.0,0.0,0.00016021769448000512,0.0,0.00017154865262445764,0.00013341258511828414,0.0006466921256763878,0.0,8.632619156591306e-05,0.0,0.0015867401698620633,0.00042747563372327115,4.0852807421586847e-05,0.0008297394032755913,0.0003142614903009022,0.0006019038236485997,0.0,0.0009654822461240115,0.0,0.0011681392193463713,0.000499828368844542,6.784996954560898e-05,6.34059198751258e-05,0.0004391519895637422,0.0010613420287803536,0.00021204408614786216,0.0,1.3948340870065656e-05,8.611555130432601e-05,1.1522973166620772e-05,2.625596913916905e-05,0.0003875213820928618,2.8934939890841803e-05,0.0,0.00010737945694827173,0.00027793425510757875,0.00012530771546401283,0.0037243612378443478,0.0,0.00036058135272382927,2.6021622267965885e-05,7.20225341187543e-05,0.0009675210648711748,0.00030497656604286095,0.00031402915043061107,0.0003163943845546554,5.6850493632799126e-05,0.0004143334898299907,1.6769245487589304e-05,0.002965238910656332,0.00017294634586522255,0.00043381012342160754,0.0038931298477705265
0.0027306218086865673,0.005949301346649396,0.016041085813062118,0.15874792113894143,0.017965079108986245,0.0002943434502974481,0.00995266150438881,0.06520800367730645,0.4085290512671771,0.0012612682348333854,0.0026842651789010193,0.0003485635979997104,0.008111993777170068,0.008649412049199137,0.0,0.006934683539756187,0.011416607096872389,0.018453114621797138,0.00625670810943895,0.001297714716542671,0.0006341677079457469,0.008633631446999211,0.005329000847823826,0.0015100060027308981,0.00025652124482650147,0.0029744921958717455,0.004605433280979287,0.005886111794754364,0.01976189548316401,0.0019952896360316444,0.011175718406189103,0.0,0.0032850885025391807,0.004529620333462622,0.006486715175385391,0.0032361152668326093,0.0010947469403202051,0.0027266292630104693,0.0026259212849521854,0.0,0.00037355591814591674,0.0,0.0028061444610557678,0.0013791144879751445,0.00037742195339422925,0.003313720095705945,0.0,0.0022311848058492348,0.0016871934222668628,0.0,0.0,0.00010023963491181274,0.004492045378737491,0.0012171147378634162,0.0,0.0,0.0006653971464627802,0.0,0.003629948029494346,0.013564902764135897,0.0,0.004266800041868082,0.0005762901746324122,0.0008213111278739954,0.0,1.578217827686259e-06,0.0004542937931914576,0.0001254009081915163,0.014310970179705857,0.001828226876887543,0.0030100333566173186,0.004489899761882251,0.0003328132348776463,9.714893116266344e-05,0.0,0.0008064752808638098,0.0023369262944108768,0.0,0.01941213327600154,0.000978406346406303,0.001374142443025969,0.00016847973764770122,9.85675604730647e-05,0.00011791119773270585,0.0008875769813859402,0.001521126577895249,0.00020716189003746832,0.0011056729979877855,0.00023041140561612394,0.000615148438794517,0.0013685151357732694,0.0004010960348829123,0.0,0.0,0.0,0.00020286158460363114,0.002734571402529622,0.0007196411768653121,0.0012819763256269438,0.0,0.00022768626300492096,0.00022527705704496044,0.0005172453820574454,0.0006146261667211769,0.00014297386230519113,0.001373892014091358,5.1925109689327535e-05,0.00033487288635439553,0.0014669714750665897,0.0,0.002555555567893938,0.0023818993321032796,0.0010716244134404643,0.002546014583417194,4.356956938395337e-06,0.001077007339574125,0.002276837173682643,0.0012537701777719612,0.001869893487409271,0.0005958199287878568,0.00035894998069607964,0.0015151678750341554,0.0007522642665973097,0.0,0.0004951232749556695,0.0,0.0003638318021109028,0.00016090273499371887,0.0023867052472614316,0.00030732666008942395,0.00012017564182145783,0.0,0.0013194775957419405,0.000675851104241308,0.0003432395146430708,0.0008937821635878019,0.00023630242539835232,0.0003708705646070623,0.0,0.0018323563006752642,0.0,5.069005549509834e-05,0.0008092549309556672,0.0001737924504939411,0.0008214878104860683,0.0003039988187146314,0.0011814905122223315,0.00010867498767616725,0.00010449955729141479,1.389876537215582e-05,0.0,1.1482017963599969e-05,2.6162649599927433e-05,0.0008189925928633147,1.1428681090105164e-05,0.00011734290363423351,0.00011994449801303343,0.0003276949623876721,3.4363406518270106e-05,0.0014287381724177443,0.0,0.0005461228682971416,2.592913564949468e-05,7.176655005420308e-05,0.00035443232417606686,0.0007432915916471388,0.0007747251130835312,0.0002945890348083612,0.00015415186086127573,0.0005587953869921977,1.6709643868847418e-05,0.0004964467591675156,0.00030238553305455114,0.00043226826600162516,0.01574281544823001
0.04602485869167435,0.03651644272524656,0.10078316197863517,0.041200976537106256,0.02498019647754469,0.00022116635781101792,0.014148689654995451,0.018119374311042095,0.03265021725549793,0.11226008818791328,0.030957413602397146,0.0007484461865841628,0.01527567506912812,0.03660841199599465,0.0,0.03181902361328589,0.027894602479930548,0.0,0.0005365256935116933,0.07371063811492742,0.013994032516701333,0.01564022139029985,0.00853744417731905,0.004805245686103565,0.00042823577809804184,0.001468389162662434,0.00022550502479471698,0.0028252430352676346,0.03326782204510474,0.0017548172487785213,0.04759366339517332,0.01411749487298388,0.015317492280729782,0.0,0.005586393617022753,0.0002805130107779974,0.0,0.007240872769148565,0.0036115797265031673,0.0,1.9933687847196194e-05,0.04689196525386644,0.00036235391714577577,0.0,0.0,0.0056253394365779405,0.0006336110241243583,0.0010560949719427386,0.0165579265843679,0.005353631702633712,0.0006191743030018113,0.0,0.016933534847420835,0.005171187767693769,0.0,0.0,0.00013163153174317952,0.0022223032175188962,0.0008353917899234495,0.0017067504459891882,0.0011417633530053214,0.0006520499657923943,0.0,0.00013150186513696225,0.0,0.0,0.0,0.0,0.0006527970484318103,0.0077950046587134635,0.0,0.0,0.0,0.00014376605350650454,0.0001296816372287559,0.0,0.00152980890927815,0.006881468212250001,0.0014130332294486872,0.0006114693789465709,0.0001837910307350675,0.0,0.0,0.0011047857409766872,0.0001242780575577736,0.0,0.00020292283308190621,0.0013009305669734802,0.00044961144844769515,0.00039236869580799,0.0,0.00041789910320475546,0.007255273415843603,0.0,0.0008216328708884056,0.00016330085243954916,0.0,0.0006615304246290996,0.00027518422762643684,0.0,0.00033239617358760435,2.6472603596892767e-05,5.5143316798633466e-05,0.0003086496025034047,0.00011194708461161634,0.0,6.203114334937058e-05,0.018291477792651008,0.0003067173590850098,0.0,0.0002526134125966133,7.279094121531123e-05,0.00010914368375965043,0.001019345279691575,1.3443485847433204e-05,0.00020821315615001044,0.002409985115205365,0.0,0.0,0.0004033417754526246,0.0,7.923548737962843e-05,0.0006953383962480501,1.2552726906197086e-05,0.0,0.00033835016407647,0.010888180079123481,0.0,5.851586552061478e-05,0.0,7.969809778468762e-05,3.2980169690000034e-05,0.0,0.0002712485296491061,0.0,0.0,0.0003403106216686733,0.0001281370422169732,0.0,0.0,0.0,0.0002516160980911526,0.0,8.510690383488468e-05,0.0,0.0001428807958809887,1.0456632534817928e-05,8.975055555711451e-05,2.320333964277722e-05,1.4865547950353596e-05,0.0003855502153112798,7.655804364573002e-06,2.3142286501152067e-05,0.0,9.602040241172315e-06,4.930135905735485e-05,5.88299309206572e-05,9.234212257185752e-06,4.1591287914932586e-05,0.00031723219972883615,2.9240309244116206e-05,0.0009012541519305713,2.1617498983946122e-05,5.5396899614939945e-05,8.911299934754871e-05,0.0,0.0,2.7354072442225876e-05,7.799043008846136e-05,0.00043144292708678677,1.4935385270236793e-05,9.620241037838111e-05,2.485828847953642e-05,9.475757853395764e-05,0.0
0.05193955201449995,0.06602267478202616,0.05201668643132661,0.03931645325982286,0.02894692015203748,0.0019408913368214847,0.02023947432747069,0.00368905746661278,0.0011683834006720097,0.1124125557676988,0.025789864514931524,0.0010953511492979644,0.01617699797073667,0.020981165470103952,0.01158512863819762,0.04623140888132353,0.004049604686297106,0.014957230474180915,0.0,0.06637507266528898,0.018801581787017057,0.00043672568432149005,0.0010171792403837982,0.006601623704315249,0.0,0.0018689837226399503,0.0,0.009222561386323583,0.024968018489210726,0.0017332717199389268,0.0629278695162395,0.006214711283056331,0.018186173208295624,0.0002159958055494808,0.0025988134011991825,0.001530581089420312,0.004985172535843205,0.0012943067025429375,0.005877103531644001,0.0039331864406305156,0.0,0.04178443309206337,0.002119087847316185,0.008129341273270597,0.006285165139211887,0.0037631883385581817,0.0,0.010250595268694457,0.01761473991091175,0.006370222992042208,0.0,0.00020306239851663782,0.0,0.0,0.001325816743830157,0.000680996216255548,0.0011166619347822346,0.0006286992648210062,0.0021772510709072808,0.017697451614458765,0.0012329003907904398,0.0,0.0011825395095801505,0.0028786887896488063,0.0,0.0005685438660563794,0.00198203059493595,0.0006108572563987228,0.002046578255054928,0.005914406713000261,0.0009308883477728221,0.0,0.01483506488192886,0.0,0.00015742549058042073,0.0,0.0004880472239799807,0.002413778538168488,0.0006473948510861291,0.00029420063183492503,0.0005334527320499937,0.001483531087648498,0.0,2.2722884527823145e-05,0.00013536603980690998,0.0009206193970375927,0.0001539917592819913,0.0013589238460769502,0.00019853060187962054,0.0007394935313353725,0.0023327854122383897,0.00088260763291005,0.0013132530425021965,0.0012762487350133466,0.0028491345425689504,0.0005775452996999929,0.0,0.0006994013893430674,0.009652841611391962,0.0015272655566024428,0.0,0.0009568354855123572,0.00030533947368052683,0.0007515840157066008,0.00026644047402850867,0.00022499308816715797,0.0025117061577805146,0.016054861144829957,0.001073562017563767,0.0027082517892927675,0.0006565793000261165,4.115405771171241e-05,0.00010257246560666762,0.0001122694274415894,1.0000499822835187e-05,0.00031454639632781233,3.7234712563010275e-05,0.00023260530298422203,7.445878977453739e-05,0.006988133396739384,0.00025620988723362004,0.000681398574935152,0.00020456421061675094,5.965681956821717e-05,0.0,0.000693792322156627,0.0,0.0002981464067244012,0.00018022679843184355,0.0011893488842535575,0.0002326960967617066,5.495262646152435e-05,0.0042932937044449105,0.0005361698825813076,0.00030111589732918987,1.0059486694578932e-05,0.0007454025828547598,0.00029168574466929457,0.0,0.0006336637860821355,0.0,5.1460020659887665e-05,1.6922668545941048e-05,0.00012741841151833486,6.016143361602768e-05,9.453246377118317e-05,0.0,0.00011351870117081036,9.360928353485844e-05,0.0005093285028085511,6.219030868407229e-06,7.3393046914975424e-06,2.3212579999936026e-05,5.271836649595178e-05,0.0,3.658299157614856e-05,0.00029489139427830334,0.00038943751413162716,0.00011123689278951741,0.0003882991547578365,0.00016732462985214505,0.0005455891685427328,2.0723806951690325e-05,5.8691263173807594e-05,0.0001546192384095836,0.0,8.713755648386443e-05,4.342125487830461e-05,0.00014327764406466895,0.0003971002551306286,1.4317939430429254e-05,0.00038495170927560415,9.735858699571592e-06,0.0007751978009561632,0.010399405265284713
0.010776910659048526,0.01077760262822989,0.019063615122414664,0.001957658362351742,0.019711812205537717,0.001841887742633293,0.0,0.0026360678386146102,0.0,0.0004266046214139206,0.004590352851207198,0.3871674246789417,0.011889208902466218,0.00019695993046689596,0.0802664060301116,0.0021013004728368395,0.007216511718676592,0.06980439733017572,0.0,0.0019026051703886608,0.0,0.0,0.0,0.0,0.0005542911752795713,0.0015828348777019512,0.0,0.0,0.00029448284565262637,0.0004773372218202968,0.0,0.0,0.0,0.0006685517259796353,0.0025311227738873824,0.0,0.0,0.0,0.04924736587741395,0.013498381398268368,0.00014708870665046901,0.004623139250396658,5.128915049049905e-05,0.0,0.00025404199625982116,0.0,0.00028048033533834135,0.005921597393683735,0.0,0.0002300433160148455,7.939854509699645e-05,0.00020495649358322576,0.07360721766997085,0.0,0.020568671952889663,0.006946419352712377,0.00947659227500465,2.499597602386963e-05,0.0,0.0076318194155094,0.0019830317893098025,0.0,0.004201039426360559,0.0,0.00019114640565050437,0.0,0.06369192702902193,0.0,0.0019022188056335486,0.0,4.198539068224447e-05,0.002915063571970088,0.0034428027242423037,0.0,0.0,0.0,0.005898360903381918,0.0005232667049124888,0.0,0.0,0.0004189975490739551,5.112257514245268e-05,0.0002010847011693915,0.03705301141419993,9.866715368034656e-05,0.0,0.0,0.0,9.566054500619743e-05,0.000824695913936236,0.0002637413805856811,0.0,0.012834305733214311,9.154849348191539e-05,0.0,1.6265062522768504e-06,0.0,3.6227704061978434e-05,0.00027213460425188897,0.0,0.0,0.00098143163688682,0.0,3.3654990812118838e-06,7.995289047576377e-05,0.0,0.0,0.0,0.00015405374011181975,0.0,0.009009007407796933,0.0,0.0,0.0,6.21915968215475e-06,0.0009774723158779291,0.00019727284806213274,8.351935091473885e-05,8.97294215646323e-05,1.5883704734178536e-05,0.0,0.0,0.0,0.0,3.737438027958928e-05,8.364310837536074e-05,0.0004032268865738821,0.00017185333379992512,2.4444252989764973e-05,3.344370251588611e-05,0.0,0.00010604164573729755,0.000347506045301195,0.00013968515550146656,0.0,0.00017724187746105907,0.00010001461223543818,0.0,0.0,1.96594221829277e-05,3.079223423319659e-05,3.967871411916906e-06,0.0012988621743641267,0.0,0.00025701458435864726,2.701871073514265e-05,2.970600458363731e-05,0.00013844686391789623,6.078208477291555e-05,8.779338913201843e-05,0.0,0.0,2.488661726090685e-05,6.596348650746198e-05,0.0,6.848219209399627e-05,4.6242465215390376e-05,9.493370204646132e-05,0.00013245174307794684,2.1776769225488973e-05,0.00021662072566145155,0.00011786726224754574,6.222179501136599e-06,4.020602138579412e-05,7.371190376247877e-05,0.00011267632471422593,0.00380110716543265,4.596306989621742e-05,5.68092379862909e-05,0.010257587788434138,5.1426838821058286e-05,5.7931709048519115e-05,8.084228654060501e-05,0.00026413434153242605,0.0009226168375892651
0.028078109347795813,0.0059315520101052574,0.019563546818811103,0.0031664411335761665,0.02149830253586369,0.0,0.0,0.0027974575093095647,0.0046508980013616535,0.0,0.03046759284995128,0.1924338516384311,0.06160609154951724,0.003102328125340452,0.072770314528511,0.0037495346310047377,0.05173806507074186,0.03642083812535925,0.0,0.0,0.0036122214569389716,0.0006521324008427738,0.0014284750818769124,0.0,0.0012356520860779708,0.0030109531825172485,0.0022882755875077206,0.002372781881443648,0.010544223684086456,0.06572874942011957,0.0,0.010564513525583843,7.902272655740445e-05,0.0004276994369923644,0.007303425333563348,0.00011827848105813866,0.012646129531555535,0.0009655011428577038,0.025654613022307194,0.008723953914903883,0.0,0.0,0.00034783303694982057,0.0,0.0,0.004216642932329016,0.0019697214739238405,0.024273727122677786,0.0,0.0005510576013354961,2.121930598765329e-05,0.0029452492578585896,0.0696837833489121,0.0006929671730854773,0.0045126923901442646,0.009436109064004846,0.0033424863109246,0.0,0.0026437514308247922,0.003156796808880441,5.0010379825758624e-05,0.0003687151426888398,0.0036613731546340914,0.0003498275416228021,0.0,0.0003968698896440895,0.058631464830762446,0.0,0.0014968103684449873,0.0,0.0013414116611012315,0.0013330588880762955,0.00180261036598565,8.987814070951383e-05,0.0,0.0,0.00039324755305279063,0.0,0.00012334217436311889,6.413941046354251e-05,0.0,4.577257692570939e-05,0.02075146494693806,0.032991034747550024,0.0,0.0,0.0,0.00019608053571626373,0.0,0.000437965206200108,0.0,0.0,0.010442369935877755,0.0,0.00024851898246187003,0.0017974117175379887,4.015400750248803e-05,0.0,0.0005212213376914887,0.0,0.0002339025388457957,0.0033213349731755436,0.0,0.0012370145247359657,0.0,0.0,0.0,0.0,0.0,0.0,0.0025671736270506426,0.0,0.0,0.0,6.258992565904852e-06,0.00010666881752842598,7.183961046843936e-05,0.00036857582205071293,0.0,0.0,0.0,0.0,8.715861022348326e-05,0.0,3.76137581732267e-05,9.891045902221865e-05,0.0,7.028389942116395e-05,0.0,3.933302737797166e-05,8.466559483337558e-05,0.00010672082825763763,0.0005097933509292692,0.0,0.0,0.002575023379549108,0.0,0.0,0.0,0.00021017578968597885,3.098945436409888e-05,3.7337347448674873e-06,0.0004910111278723057,0.0,0.008288308814395755,2.7191761954084447e-05,0.0,0.0,0.0002653674858601249,8.835569401596563e-05,2.192578205290532e-05,0.0,2.5046012707068396e-05,1.6611931427493064e-05,0.0008810463401209514,2.9133193386772694e-05,0.0,0.00017031571351734716,0.00018764465231687423,2.1916246512026685e-05,0.002106537284567978,4.519634956610625e-05,6.262031726422309e-06,4.0463535560982425e-05,1.9176954041447223e-05,0.00011339800146367635,0.0031448095191711272,4.736030401148537e-05,9.621638550797757e-06,0.009162397550542066,5.175622082716312e-05,8.204135481487678e-05,0.0014665985423101353,0.00026147181874405665,0.00046154681887166694
0.029812508392669884,0.016721265019250954,0.007554584405803643,0.008949786082877461,0.011348117631159073,0.0008217229907043352,0.005433327665360549,0.0,0.026560080279559427,0.0005738074677857483,0.05208830720186658,0.10689639891837131,0.051602717462632494,0.001828169478304533,0.019699801367271803,0.0006313213588167809,0.025734514305107894,0.019906568611074704,0.0,0.0,0.0007043869345319355,0.0,8.138355727520527e-06,0.000524432948157196,0.0012210318192174725,0.001479528660382612,0.0002650611732030828,0.002554215293251411,0.005157258557397705,0.014709790223565201,0.009906086699390996,0.003908997929315661,0.0,0.0005681804633578882,0.0,0.00016930193421187893,0.02401211982649641,0.00040821311050813,0.011084515396589346,0.002540079211735692,0.0,0.0,0.0,0.001155598305906163,0.0,0.0,0.00714561229708732,0.013209262755886257,0.0,0.000837168714891835,4.061331413429075e-06,0.0016602259226474673,0.036098776305818835,0.0,0.0,0.0023908873609727738,0.0026811945473383596,0.0,0.0,0.0,0.0,0.0,0.006742887365580833,0.0007862416163531422,0.00020223837392957706,0.020895944756972793,0.033583395666699815,0.014623747129420214,0.0005186799670042371,0.0,0.0,0.0004506811725301559,0.0004119292917782292,0.0004016687616685832,0.0,0.026722281753989933,0.0,0.00174856989216487,0.0012585920407433583,0.0,0.0,0.000830140706590929,0.04353899789113086,0.01898553355036968,0.0,0.0,0.0,0.00034195163218159863,0.001817137035225416,0.0,0.0,0.0,0.005121447608908327,0.0,0.000577646421863187,0.0002889751492995681,0.0034524527285036046,0.0,0.0,0.0,0.00024179536288136927,0.0011593724549666526,0.0,0.0007287759492389015,0.0,0.0,0.0,0.00084845363990243,0.0,0.0,0.0016172556382591252,0.0,0.0,0.0,6.1100884432943396e-06,0.001596323683844702,0.0,0.0,0.0,0.0014142976875218284,0.0,0.0,8.24914506700952e-07,0.0,1.415874892420985e-06,0.0,0.004686435642086913,0.004265842230025332,0.00010354843374310273,1.677886053586717e-05,0.016633389152027233,0.005155028894877758,0.0003059108934256991,0.0,0.0031546825937437454,0.003606844570820214,0.0,0.0008850461461446373,0.0040756925515879755,8.690067475568366e-06,0.007813569827912061,0.0,0.005069613636493306,0.0,0.005541877191773136,1.5558897627840962e-05,0.0,0.0,0.0001518410448439157,0.018089163767960693,0.0,0.0,1.41859858378303e-05,5.983156632788543e-05,0.0009001239813011587,1.6669768374785398e-05,0.0,0.0031869611733581936,0.00011043499072643236,1.2540292035615205e-05,0.0013287632566087565,3.4371823775258355e-05,3.5830819179064637e-06,0.0028120473049664213,0.0,0.0010722692273741627,0.001541864216431079,0.003543199306039806,0.0023497704604330824,0.004668750544535948,0.0037419489603451655,0.0,0.0008391753583116598,0.00014205580107035028,0.17255904797213742
0.038927154489827503,0.02831510821596467,0.011465439792725253,0.02908766793333745,0.035833000760855264,0.0010093176047366833,0.031356207365037775,0.001322357941957576,0.0012890973089054929,0.0005214332126706956,0.16436366115990314,0.002367924371216314,0.1441850531699724,0.05591883107231827,0.0033149741663124296,0.03946277912659684,0.09846364133719966,0.010849608255960623,0.0,0.004207596280102026,0.024923529961901694,0.0004376341729607626,0.0025876884327548414,0.0009662583024972721,7.882219038392238e-05,0.00842696146616806,0.0,0.008961503528267311,0.006334268839305695,0.0,0.0036330665576468075,0.001423524989322322,0.00016719272795456185,5.656271729890934e-05,0.03888415840405408,0.007009411339315639,4.9664732144650113e-05,0.0008212157528785078,0.0035039533878646043,9.646706978546873e-05,6.8724583445624e-07,0.003456870980372997,6.95794430557948e-05,0.02081046668445158,3.347101210366024e-06,0.0009992447246251958,0.001970122390549697,0.0005346904833672231,0.00014106875730361172,0.00011891245322793232,0.0,0.00014502107297941736,0.0,2.9145386767079814e-06,0.0003421005840618144,0.00015689743523968156,0.0029365895237593114,0.010127530015338532,0.0006986581481631144,0.0032025735353977836,0.0002096634328487683,0.0004660932785786308,3.43565301099205e-05,0.026296513474386274,0.0,2.6086329879964105e-05,0.0,4.5165926960682987e-07,0.0005164853107551048,8.749654507452224e-05,0.0001640191122389558,0.005203553280658925,0.003970233128702071,0.03137563756866702,0.0,3.1972308814474716e-05,0.001405734203276336,2.1136340973041366e-05,3.5562346917880087e-05,0.0,9.601419632139193e-05,5.212052152638782e-05,0.0,2.9207335870117627e-05,4.427475813299315e-06,6.702129606940945e-05,1.0486014848317914e-05,0.0016243312455778132,1.3728937133776844e-05,0.0034348522349764293,0.00021544965469410017,6.372488777798685e-05,2.7820727498683902e-05,0.00015449579432831896,4.790732462412495e-05,0.0,4.664017731782623e-05,0.005931623576758318,8.842024524509787e-05,0.0,0.005466084655709132,0.0,2.4940284723052733e-05,6.99102549392677e-05,0.00014847647272958563,0.00015577319384247473,0.00014354880476148034,0.0,6.793702839216749e-05,0.0001220346215004739,0.0013606549565857858,7.689726069052024e-05,0.0,0.0013289538579601228,7.885171345307222e-06,0.0025190312571190055,2.9141820424186223e-05,2.1035763341736464e-05,5.114794701589616e-05,4.0207006434442006e-05,8.21736279949513e-05,0.0,4.6066262011467124e-05,1.0100708185487947e-05,0.0,0.0,1.6073612501963696e-05,5.1529226808848586e-05,0.024769912896918468,6.664678529212592e-05,0.0,2.2668017628780317e-06,4.4368543905028756e-05,0.00010207963640808972,4.8046447632991506e-05,0.00010581641083550111,6.50337347061897e-05,0.009078347674400838,1.1992711113281473e-05,0.01168973111229422,1.3197857233133478e-05,0.00015992343378205037,0.00010050653471052338,1.5279515041354208e-05,9.841250389458497e-05,1.069391445550819e-05,4.526911538707698e-05,6.049585897028786e-05,0.0010196398419351008,0.0,6.322088119878703e-05,6.416293117668756e-06,2.5373183742944585e-05,6.755858486064004e-05,4.6311181957456715e-05,5.30786725875904e-06,7.065920339431349e-05,0.00010545447317587471,6.578286591003866e-05,2.613611430891985e-05,4.340855713209848e-05,0.000504850089195581,0.0,5.87843652590676e-05,4.778373891850271e-05,0.00013608673253149575,1.949924795456195e-05,6.534417375308676e-05,4.3121382007843174e-05,2.9559467228966684e-05,2.1720420767832003e-05,6.094414909438151e-06,4.8971642688776956e-05,7.075466405913003e-05,0.000981255575718312
0.042405197942265944,0.03278228853134722,0.09304445326510838,0.0163903370604872,0.0183878255645801,0.0008045812991590913,0.008586902008495234,0.05929934393490589,0.009207093370473807,0.03202783204002842,0.016833650761990986,0.002214418782750922,0.009292875385505567,0.020411968774199214,0.0014110800433237147,0.04722584989469778,0.008160994962421559,0.00950447227698202,0.0026095327855201363,0.023973933825393166,0.02556899949770525,0.04656524747027488,0.0018117128881956727,0.012087496886355648,0.0005146428158646372,0.005247931623641851,0.0021177754832484683,0.008032941926141807,0.007671168649246762,0.019426630901997057,0.01236455078022133,0.01030847686660816,0.016970226492657364,7.5360644855929675e-06,0.0024836094820384555,0.0011684787816605173,0.01651017974751073,0.009686918524284762,0.0042525493153409135,0.0006168757525633983,0.00044209019294326083,0.0,0.0011840577006385243,0.007035311579620664,0.02165989858440976,0.003975087114889098,0.0035431551946734684,0.0007717122073758477,0.01030770070777507,0.007465350613082137,0.0,0.00311447984876177,0.01600623157716732,0.0032466862755971423,0.0003338784224333265,0.00025126190064243326,0.00013817895435602672,2.7611975437010458e-05,0.002599459419864852,5.1044831682082105e-05,0.0008454795776709225,0.00035039187780631253,0.026798610077857686,0.002362151208643863,5.1881466224251026e-05,0.00015877011009842883,0.016145102856382477,0.0004900519284355976,0.00015570397400818504,0.0072077298547998745,0.0001694495852424628,0.00330510140057342,0.001031590000264791,0.000196868483819753,0.013751405495166407,0.007881999260275274,0.0011258865952953776,0.0043476391211789535,0.008566323921033184,0.0004881045047634352,0.0003532916542466683,0.0009814781284050585,0.0,0.011199516614982034,0.0002922476440227661,0.0048463000034714935,0.0,0.003457003445797582,0.0064521476979734396,0.0003374372576828259,2.2283042348749568e-05,0.00030806193904689877,0.011466943316921633,0.00011658506167118096,0.0008074520284431178,0.00012911349268541794,0.00013789699407993752,0.006395063802995736,0.0003070027468393323,4.7842441496688384e-05,0.0001163238945138305,0.0001714586312219797,0.004088998066830647,0.0011202823757209938,4.949850793188939e-05,0.005368098886177402,0.00012420559636415292,0.010070885710212564,0.0005016480354015293,0.0003338090679375969,7.668887330276591e-05,0.0019247304342804045,0.0005134115457157798,2.3625991904703486e-05,9.829049266349508e-06,0.0001510255443419303,0.0001435610278643941,0.005354832214923067,0.005149795982383046,0.00017907984946392396,0.0021875298183769063,0.00022048273411710931,0.0016313097026213071,0.00010479230575089952,0.0,9.168406075212892e-07,0.009132609405656092,0.0026903930127515152,1.721584052949103e-05,0.0,0.0001672442798580104,6.378918699668954e-05,0.011051361535324527,0.0027730440500905165,0.004284335606752084,0.0046360583323575445,0.001604941117464932,0.0001226409968664367,7.747652751857388e-05,0.001422883184778382,2.5260706622005553e-05,8.981197837138276e-07,0.00256095465055452,0.00012152431304530551,0.0027144518197805066,0.0003791077848336264,0.0006952368071521375,0.0001714427846458041,1.7163402033329243e-05,3.776027422963698e-05,0.0,5.915423619006689e-06,2.4927913822340054e-05,0.0030857137560099074,1.312367262557605e-05,5.7061334186622604e-05,0.0,0.0031312173611978992,4.7004373706674275e-05,0.0032167077286681337,1.093724293149517e-05,0.000598624201203538,6.378576741433068e-06,7.567649317482021e-05,0.0008694163160834368,0.001542995410596678,0.0020806094703253943,0.0012281622207299587,0.0017880152302237149,0.0021479871130270505,6.415861214128045e-05,0.0,2.0546212397471782e-05,0.001291224890718924,0.011079293845329933
0.042405197942265944,0.03278228853134722,0.09304445326510838,0.0163903370604872,0.0183878255645801,0.0008045812991590913,0.008586902008495234,0.05929934393490589,0.009207093370473807,0.03202783204002842,0.016833650761990986,0.002214418782750922,0.009292875385505567,0.020411968774199214,0.0014110800433237147,0.04722584989469778,0.008160994962421559,0.00950447227698202,0.0026095327855201363,0.023973933825393166,0.02556899949770525,0.04656524747027488,0.0018117128881956727,0.012087496886355648,0.0005146428158646372,0.005247931623641851,0.0021177754832484683,0.008032941926141807,0.007671168649246762,0.019426630901997057,0.01236455078022133,0.01030847686660816,0.016970226492657364,7.5360644855929675e-06,0.0024836094820384555,0.0011684787816605173,0.01651017974751073,0.009686918524284762,0.0042525493153409135,0.0006168757525633983,0.00044209019294326083,0.0,0.0011840577006385243,0.007035311579620664,0.02165989858440976,0.003975087114889098,0.0035431551946734684,0.0007717122073758477,0.01030770070777507,0.007465350613082137,0.0,0.00311447984876177,0.01600623157716732,0.0032466862755971423,0.0003338784224333265,0.00025126190064243326,0.00013817895435602672,2.7611975437010458e-05,0.002599459419864852,5.1044831682082105e-05,0.0008454795776709225,0.00035039187780631253,0.026798610077857686,0.002362151208643863,5.1881466224251026e-05,0.00015877011009842883,0.016145102856382477,0.0004900519284355976,0.00015570397400818504,0.0072077298547998745,0.0001694495852424628,0.00330510140057342,0.001031590000264791,0.000196868483819753,0.013751405495166407,0.007881999260275274,0.0011258865952953776,0.0043476391211789535,0.008566323921033184,0.0004881045047634352,0.0003532916542466683,0.0009814781284050585,0.0,0.011199516614982034,0.0002922476440227661,0.0048463000034714935,0.0,0.003457003445797582,0.0064521476979734396,0.0003374372576828259,2.2283042348749568e-05,0.00030806193904689877,0.011466943316921633,0.00011658506167118096,0.0008074520284431178,0.00012911349268541794,0.00013789699407993752,0.006395063802995736,0.0003070027468393323,4.7842441496688384e-05,0.0001163238945138305,0.0001714586312219797,0.004088998066830647,0.0011202823757209938,4.949850793188939e-05,0.005368098886177402,0.00012420559636415292,0.010070885710212564,0.0005016480354015293,0.0003338090679375969,7.668887330276591e-05,0.0019247304342804045,0.0005134115457157798,2.3625991904703486e-05,9.829049266349508e-06,0.0001510255443419303,0.0001435610278643941,0.005354832214923067,0.005149795982383046,0.00017907984946392396,0.0021875298183769063,0.00022048273411710931,0.0016313097026213071,0.00010479230575089952,0.0,9.168406075212892e-07,0.009132609405656092,0.0026903930127515152,1.721584052949103e-05,0.0,0.0001672442798580104,6.378918699668954e-05,0.011051361535324527,0.0027730440500905165,0.004284335606752084,0.0046360583323575445,0.001604941117464932,0.0001226409968664367,7.747652751857388e-05,0.001422883184778382,2.5260706622005553e-05,8.981197837138276e-07,0.00256095465055452,0.00012152431304530551,0.0027144518197805066,0.0003791077848336264,0.0006952368071521375,0.0001714427846458041,1.7163402033329243e-05,3.776027422963698e-05,0.0,5.915423619006689e-06,2.4927913822340054e-05,0.0030857137560099074,1.312367262557605e-05,5.7061334186622604e-05,0.0,0.0031312173611978992,4.7004373706674275e-05,0.0032167077286681337,1.093724293149517e-05,0.000598624201203538,6.378576741433068e-06,7.567649317482021e-05,0.0008694163160834368,0.001542995410596678,0.0020806094703253943,0.0012281622207299587,0.0017880152302237149,0.0021479871130270505,6.415861214128045e-05,0.0,2.0546212397471782e-05,0.001291224890718924,0.011079293845329933
0.04510870343195698,0.02479030574944608,0.07387595056559011,0.01870308291027683,0.019172671675169246,0.0011207100452821832,0.008199971697695216,0.04896259892082816,0.0086364407919044,0.02141347086132426,0.01561451743919292,0.002695578522491167,0.009611386612256908,0.0254395314115354,0.0,0.057175941523154285,0.00912150257097951,0.008132927374268085,0.0035200596998565593,0.030800057649208092,0.018891855018584005,0.047331663300028214,0.0021949421527055644,0.011369807928719175,0.0006098247588294844,0.0055730553313567775,0.0025108663755426933,0.004531556856122487,0.007616538535627069,0.023504259160671497,0.008344424965465665,0.011766073700865305,0.01686687877154733,0.0,0.002127787668818711,0.0,0.026419728690686525,0.010471863792828584,0.0042864164512792634,0.0,0.00018992606594756865,0.0,0.001431638538959343,0.004724297125405257,0.02399343264313942,0.005647851422198679,0.0033143755765562286,0.0004742304068604155,0.010316620522626474,0.009771983394670536,0.0,0.004915981571061062,0.013552177244020448,0.0032284215664225924,0.0001989472717119355,0.0,0.00013872356772278243,0.0,0.0039025015265201036,0.0,0.00014552089430381297,0.0003292834735882323,0.03624243644665141,0.0026428815259515875,0.0,6.949607172699895e-05,0.011866359777563066,0.00022868743647356092,2.244118857898347e-05,0.003424345282237341,0.0005090899332460077,0.003997422168878671,0.0009949287966030237,0.00019958288504630847,0.014620436127035726,0.00875244977058094,0.00011474909293174534,0.0017187126434764794,0.019352684357830493,0.0005357988374354355,0.0,0.0009931597316878576,0.0,0.006393743603023407,0.00036414437101850726,0.006070271958039868,3.202296533533425e-05,0.003672181280148051,0.003379594383793648,0.0001501775879580031,3.5032568617475926e-05,0.00014834864415658557,0.010699829180542122,6.855166783449425e-05,0.0004193603939146961,1.573919803704505e-05,0.00021404494751007828,0.007925773252625334,0.00015515079919932478,0.0,0.00011792775570999404,0.00014321506539536548,0.0035903177520199645,0.0013168199847312268,4.207120651399342e-05,0.006032016234753923,1.0369058183083787e-05,0.008921733492104225,0.0007005066675248541,0.0004185257257561169,7.774625114058567e-05,0.0028801173217032354,0.0014825831019518643,0.0,9.964571127781024e-06,0.00020367250269760157,0.0,0.006299579777329696,0.005727059177165717,0.00023827270790358667,0.0021604421380800347,0.00033536271551669284,0.0018741179353937026,1.6118817909127574e-06,0.0,0.0,0.010575207656832621,0.0028498622998579326,1.74532106648359e-05,0.0,0.00020114821570215558,6.466870536380066e-05,0.012508471267625717,0.0038552927622347785,0.006091906804690497,0.007120143105098284,0.001686081064700293,0.0001033039546816431,7.854476544698818e-05,0.0,2.560899849538234e-05,9.105029615349082e-07,0.004223000269746418,0.00012319987704613615,0.004091098617992997,0.00035588004152963535,0.0006218963899862877,0.00017380661909963536,1.7400049152396755e-05,3.8280908780659584e-05,0.0,5.996984835995226e-06,2.527161718481823e-05,0.004559540951088113,1.3304620395277936e-05,7.894793454833304e-05,0.0,0.005767258684147915,3.393501381798154e-05,0.0027785822829101622,1.1088044446559244e-05,0.0008699076431738314,6.466523863261244e-06,0.0001002119806742567,7.930274451929313e-05,0.001632951533368637,0.0007033285755350656,0.00147611499002394,0.0030621970628609036,0.002177603325541615,6.504322410207473e-05,0.0,2.082950133763464e-05,0.001382380480147833,0.008924042569792465
0.003339554223629002,0.032776723149896804,0.02613252738356977,0.01095250271141762,0.03706218725942131,0.0074191198450598754,0.014869162268336723,0.0,0.008664442482871655,0.0018521071714852426,0.006220521798144238,0.007958903026662831,0.009745206164018373,0.03290626318878723,0.022340251071724104,0.004027889053695627,0.0013421048809380781,0.004686774743570754,0.005871580664038787,0.0005436929486857344,0.035555595682013635,0.03536923137391345,0.022100006499199066,0.0038221180976688294,0.0,0.010236570707758581,0.02197601374630776,0.00781911017526972,0.00726806158133884,0.020776584467872068,0.0020156368989092256,0.039974485610476264,0.00023452095789082655,0.00046907481570508647,0.026805506204282896,0.017398220298200224,0.022660615451971424,0.0002769358233168162,0.0013950847641856267,0.009540746180213331,0.0,0.0016958501216813105,0.018609569159077778,0.007866614314897106,0.03601002138808372,0.005240482608403731,0.008884838950315646,0.0037161131087335222,0.0032522581649713513,0.00015266964215275865,0.00021892072642387716,0.0003777909872370998,0.003610115537235498,0.008215532478874195,0.008376898587697116,0.010068831345404237,0.003696886632751237,0.0,0.00028270189380676813,0.01314099126187448,0.027160898116102988,0.008353288167008314,0.0003561902733257358,0.0051725809947920035,0.0,0.004927732825707998,0.0003393202094958333,0.027359392566155008,0.0020541501474607426,0.00012755460328377511,0.0016975658227793389,0.0006008907217535249,0.0031170248840578473,0.00017905325720580058,0.024337264460520515,0.0,0.025713064127042103,5.692784041190277e-05,0.0,0.00809950461799198,0.008801929229086217,0.009025265872960384,0.0,0.00010538083252424458,0.005313742004455602,5.331713737176182e-05,0.0053149110882802966,0.005409202986656816,0.0,0.027524205151320723,0.0010729543160484043,0.0,0.0005101468109381009,0.004589403890905212,0.006966240794299414,0.0058252834132390225,0.0,0.0033992229604007653,0.00039219322781026603,0.017356131366333884,0.030034560711255164,0.008475176281888566,0.0001424137041573455,0.0,0.0029407028289503774,2.465767946178639e-05,0.007814777434807674,9.600332996175746e-05,0.0035373538272981094,0.00019707456412918964,0.000950250941065474,0.001737520566521578,3.899416692093168e-05,0.00010884028190502833,6.485873614499583e-06,0.0,0.0031014764998793264,0.0,0.0,0.00012042507023968087,0.005918646457049955,0.0,7.191573326983175e-05,0.011946667094466963,4.275991085025234e-05,0.013190046842254898,0.0,0.000671098919088144,6.32731626560586e-05,0.00033030428456913406,0.0,0.0,0.0,0.0,0.0002274261940839971,0.0,0.0021810794876996665,0.00014382247887876194,0.0,0.0,0.0,0.00011724089601371511,0.0,0.004153600259314921,2.2659407277055886e-05,6.0729819120532085e-05,0.0,5.140389092665441e-05,0.0,1.58835988813437e-05,0.001134947940864097,6.017850239222522e-06,2.5953900928097963e-05,7.14766314508263e-05,2.4560336813327935e-05,6.134386628239444e-05,0.0,8.026206250485349e-05,0.00010675201160588311,6.16881789356352e-06,2.136817687867426e-05,1.4363567273964457e-05,6.489022940977102e-06,2.2794156764595302e-05,0.0,4.196764330770041e-05,0.0,1.9727209078313032e-05,2.979863832130765e-06,0.0,1.8325090983450332e-05,1.7706138742094276e-05,1.0631908413046288e-05,9.644110082931493e-05,0.0005397955041197334
0.013184140298987701,0.03972313482713999,0.018427042363559888,0.020982598092947596,0.011249881720789523,0.006986113432551555,0.015526919956254971,0.0005649270669698245,0.007960432203145648,0.0028573495615744535,0.009533991475117536,0.012462385093020795,0.006041558797491834,0.04601857380403127,0.03207389999601436,0.0027892049383050456,0.0022110260517724666,0.00815224971495321,0.010954202126422959,0.0007466375365582601,0.028077972672256285,0.03559003521607921,0.025842204841375133,0.0025223088473084513,0.0006705892514684954,0.0125932847116801,0.02116556533118228,0.011268429550018067,0.008405365055895741,0.018183398603274392,0.0028084003969802247,0.038711509819188986,0.0,9.415405848736132e-05,0.023987127902698326,0.01987243606603177,0.021515897103130576,0.0012090412365928583,0.003172192580797709,0.009459931273367403,7.545629577843922e-05,0.0014051808306545144,0.0005985170088959057,0.007777533502383076,0.038487259183621426,0.006210200214109817,0.010112744735465326,0.00490941660460997,0.0036326571173550177,0.0012974204310449002,0.0,0.0,0.0005646863787638619,0.009673503969439067,0.009755907863446458,0.012646437011248924,0.0041690539716126825,0.0013135160590520031,0.0016658993611664721,0.01248966400021854,0.028573661496292983,0.009409098321586758,0.0,0.0049037369340948515,0.00014212869813985042,0.00516226872192772,9.127449136191018e-05,0.02994599226689881,0.012514745735121876,0.00032361603293739574,0.0027152753550706062,0.00039395885283843374,0.002375157404736393,0.0003608015537050671,0.027708144472733526,0.0,0.026145285489433224,0.0,0.00013380643936288916,0.008923456693643176,0.010887039376938825,0.010674801671628324,0.0,1.072327611800255e-05,0.00043246393722793644,0.0002824895764826944,0.006036162216535443,0.006165334988886505,0.00021760440976466953,0.02873619264827757,7.152885495825755e-05,8.097711642329576e-05,0.0,0.005256545988006198,0.00715221498951456,0.005606409420561723,0.0005615786638032514,0.0003920266424380254,0.0,0.01793449831686682,0.000960579366515055,0.00798557353585082,0.0005636334842647317,0.00024585482321341095,0.0042227943028263016,0.0001983525194208758,0.0075194849533934405,0.0,0.0004050553116896287,0.000517066897001568,0.0012862746488045802,0.002645566041178788,5.711819959550239e-05,0.0006416367014168554,0.0005097259998412708,0.0,0.0007641784733409675,0.00012609820866772454,5.761941090085186e-05,5.414593383178946e-05,0.00045048652978726527,0.0006366268853619731,0.00022507747746675015,0.011835994316367553,0.0,0.0007397173005492664,3.9165995299398503e-05,0.0003838052808771438,0.00010699282958678144,8.994467660775751e-05,0.0,0.0,0.0,9.260115550310111e-05,0.0003150595889437869,0.00014885924552018306,0.002531614795741211,0.00021784952124498738,0.0,0.0,0.0,6.602305889596386e-06,0.0004485323426974293,0.004195118076949639,0.0007324150798791202,0.0003492476506842471,0.0004106856277751008,6.894435127281542e-05,2.396774295715788e-05,1.780484329896922e-05,0.0,7.908322748707025e-06,2.6766660986899747e-05,0.00016521264954049442,0.00017904556319142589,6.902344252233734e-05,4.114402539003471e-05,0.0001246293789367336,6.827545906875426e-05,7.191066889654027e-05,4.608184295462411e-05,6.325200458461038e-05,6.734511836975044e-06,2.3656491885035163e-05,0.00011493820986842466,0.00013472894815023872,5.468970557257878e-05,0.0002742732124458211,0.00019481549852364325,2.256365599449126e-05,1.9018355038071113e-05,0.0001514044286246472,5.847877550674933e-05,7.511204087152286e-05,0.0044762945462390345
0.005620972689377359,0.02368874819264057,0.014915576658890614,0.010981526223022347,0.011101169890810659,0.006267930090637793,0.011116999884266269,0.0008127127520891716,0.008389695825805718,0.0017853963578192487,0.008164560015935416,0.010839782729868378,0.009905886826475873,0.04026840928671183,0.0,0.0020800769034546953,0.004206375167604335,0.004642516131475714,0.006606802072281442,0.0,0.03820891337292533,0.040801913369097415,0.02610440608204477,0.00645191102579712,0.0,0.01010697170323174,0.026961518746493544,0.007121117449556481,0.009716953523377965,0.025621051774157834,0.004706645588553961,0.0491267865928099,0.0009263113827552858,0.0,0.03353081949767279,0.01808513476733484,0.02603762970796824,0.0,0.0005008607154110586,0.006505872431819546,0.0,0.0011976123823760124,0.011791106279351931,0.008208035882954734,0.04150442228035123,0.004005502985571196,0.00923529278056928,0.004395489638649786,0.003230586618557614,0.00018562522577513115,0.00020128688678806018,0.00038598685999163926,0.003263477259798769,0.00983813356640769,0.0037754525510847177,0.007277063532911786,0.0036509846206344582,0.0,0.0,0.01391938384773238,0.030984422291771473,0.009507852853021519,0.0003549412844147709,0.005635997639968031,0.00044047003969386743,0.005632909792156241,0.0,0.030391811278421995,0.005441165277597815,0.0,0.0019119166369301484,0.0,0.003325858090951962,3.543267135038731e-07,0.029482623485992853,0.0,0.030752179192272827,9.944220665361528e-06,5.1278764691960164e-05,0.00892455600356334,0.002860422314366875,0.00930702995932705,0.0,0.0,0.0030855696692534424,6.817623505110226e-05,0.006993118742305036,0.005679604498518049,0.0,0.029340975017203525,0.0016596775692605896,3.406380638553165e-05,0.0007071717657075975,0.005431649964000052,0.005986176632925949,0.007539181582191455,0.0,0.0032851095120056957,0.0005619709287164748,0.018464898308510808,0.02565431563025171,0.009215495741909396,0.0001542825047916548,0.0,0.0016978040973974482,0.0,0.009806746219495958,0.0,0.0036691684652908584,0.0,0.0014235997482056272,0.0017899719585924136,0.0,6.774438622455182e-05,6.018212217930925e-06,0.0,0.0024816540868046744,1.8332998426478416e-05,8.064136274755956e-05,3.3249095263283366e-05,0.005473087247570432,0.0,0.0,0.012774586251446094,6.110870079727576e-05,0.010538718900336128,0.0001251059729897776,0.00018375727822163632,5.871087585063937e-05,0.000196966733375979,0.0,0.0,3.072621433968316e-05,0.0,0.00028064574670415233,9.496992649100549e-06,0.003153339358767849,0.00010820715663715266,0.0,0.0,0.0,0.00017152484782115892,8.228246877053581e-05,0.0046594082664277005,1.978610766642015e-05,5.0642151403253596e-05,0.0,4.769743334689521e-05,4.2282234448271424e-05,9.43091356209111e-05,0.00271072563712361,4.603239604546227e-06,2.4082504987340743e-05,6.632283671582116e-05,6.978652198618852e-05,1.9787892495407025e-05,2.6202371438978032e-08,0.00020584014684465468,7.943198760325125e-05,1.508131406776499e-05,1.9827432788492366e-05,1.3263642666455871e-05,6.021134463446609e-06,0.00021242528813521783,0.0,0.00016972732209163605,1.4289335665343714e-05,1.7050684658528593e-05,0.0,1.630942558011629e-06,0.0001664515069837823,0.0,4.246276408962616e-06,8.948725273094493e-05,0.0
0.004233995012763131,0.031163351385633177,0.02184093142312382,0.015274325993091798,0.02879437040324666,0.03612155797629685,0.021131800819181076,0.0031217365790700024,0.007850735664356923,0.010578595422684819,0.00522097205782114,0.015212124644541384,0.006424947331475605,0.0360327410630547,0.011950381771497631,0.002584526706964624,0.004306740659725047,0.005722424322257426,0.004759895565877247,0.008436040959424842,0.029407356457712693,0.028691518514664754,0.0196432352550989,0.0011659324845856853,0.004295405934146265,0.007393858975428507,0.02013033712611629,0.005679549670734764,0.007382646201469819,0.01925076332454816,0.0017035818906551542,0.03560202299663655,0.0,0.017886031350006368,0.024763249061994598,0.017010513568988046,0.016331773007657736,0.0,0.0005832662752717556,0.006521134789855683,0.005345767333748383,0.002016216160584039,0.012157422499755818,0.006890203301164958,0.030023928793154835,0.010548763948603929,0.012957282850685523,0.0033239077113869156,0.003329200938650461,0.00030210968514732804,0.0,0.001112066096415757,0.003431511949213617,0.007637357215792716,0.00616320829045393,0.006792696205809413,0.003860058975678974,0.0,0.0022653603092859563,0.010230071242634795,0.021796547055711657,0.006896790194225617,0.0,0.005444594442473283,0.0032065247603193046,0.01844980315067427,4.988922213990244e-05,0.02270221248167778,0.005529319201352259,0.0014922655160128225,0.0012481550709878607,0.0009120719322553918,0.004172689481668967,0.0,0.021048017045025055,0.0,0.020433739206731354,0.0006756142807360121,0.0001768747223459774,0.007249196500848649,0.004479499432556672,0.0078124323166183585,0.0,0.0,0.004500923019941048,0.0,0.005905109354734519,0.004523214195239986,0.0007039234297321116,0.020248571480161227,0.0041404603785139965,0.00035778768063050013,0.002183245653831503,0.0037893929049547794,0.0060549510092295,0.005818072408194308,0.0,0.003716755283039058,0.005181749179811307,0.013544878878962992,0.02560943672559242,0.006934285047890222,0.00018926687950717564,0.001271381491002939,0.0015181575575510772,0.0,0.00558156417874607,0.0,0.004788472895519388,0.0,0.001075969734246402,0.0017161103494534719,0.0,0.00037101392665012236,7.864795158229874e-06,0.0,0.0028803992160235784,1.7730591389238353e-05,0.0,9.378466565233125e-05,0.005666211024089984,0.0,0.0,0.008713484659078684,5.179936231594833e-05,0.010996713327268762,0.00011983201671910906,0.0003483341481852245,5.9940291646561196e-05,0.0016098731742322742,0.0,0.0,5.820868567823176e-05,0.0,0.00022136790287904292,3.1132156095344074e-05,0.00272358411194375,0.0003473642752312786,0.0,0.0,0.0,0.00023279023413553144,9.772321014063444e-05,0.0012045881370045233,2.0982747803982403e-05,4.666042420061703e-05,5.461836434896573e-05,4.043117590853388e-05,3.4599890639827634e-05,7.945376826066393e-05,0.006579247747981818,3.901979145229065e-06,1.994627665626966e-05,5.6219173440804936e-05,3.859876327603671e-06,9.212509794569825e-05,1.8213516511365977e-06,0.00023315157226914471,0.0004527913096552515,2.946259630718424e-05,1.9330409506541205e-05,5.105325111825438e-06,5.103870996370753e-06,0.0002891994453222909,4.326803018609202e-05,0.00013359253033980495,8.703208870657875e-06,7.940462827408507e-06,0.0,1.018118931523504e-05,4.2394922808015394e-05,0.0,1.5620320670939976e-06,0.00010918342191337627,0.0
0.008697099345148097,0.007214510465296773,0.04944719307869667,0.00884260481881035,0.020247042339640853,0.0,0.014801107212955474,0.0,0.0042131017425592185,0.002328994276954198,0.05905053810910711,0.005395274990326021,0.088531438008003,0.004243370408683132,0.17845443932408905,0.04675498698172923,0.1495303523100957,0.006704909467602411,0.004328535580024215,0.0,0.015773020222469073,0.011928555160512406,0.004366958670069199,0.007580527594700528,0.0,0.00476931361855504,0.002269068323609222,0.0030460898800182155,0.004686760333632998,0.0062015881788748,0.008673699223423917,0.008480824509133804,0.001250071699231005,0.0,0.010091384100913757,0.0037586997834476686,0.004734679184056266,0.0022358969603049556,0.002567934317574937,0.012364003021027371,0.0006733448711435313,0.0009466331005543805,1.93640868203284e-05,0.0006865569788884203,0.008133600067082372,0.0035493128792171967,0.0037330592916878917,0.0036197756503790154,0.001726113247787304,0.0015611021495381152,0.0,0.0,0.00047834571661162483,0.0030515508101593186,0.01637701749154654,0.04997552544550531,0.001491175349372436,0.0006068749430062626,0.00048424878055553715,0.004858457261458631,0.005118555250290364,0.00028730065851543043,3.514670314979601e-05,0.0013213568561736503,0.0,0.0017938183889973781,0.00013399880759230355,0.002730677880907337,0.001975640490880042,0.0007929856018794848,0.0015795709999457679,0.0,0.004488102317582654,4.4398754529126297e-05,0.0028665967440077334,0.0005292740639037504,0.005995531846882797,0.0,6.783923963162406e-05,0.001029542797735054,0.00750406916229231,0.0013202562839746382,0.0,0.0,0.0005125840059861231,0.0006413829649977453,0.0001776490942648538,0.0017185192545271812,1.4135815855526012e-05,0.006156544071729246,0.0,4.862324579625015e-05,2.7797489703446235e-05,0.02339428026026798,0.0008604631104025553,0.0008304333487005797,0.0,0.0004934920540712872,0.0006914205634366659,0.003258473036828996,4.2505036134191295e-05,0.0012135747232516418,0.00010369097923432632,8.33612287924841e-05,0.01678390728443126,0.00013045856699438316,0.007800876486589574,0.0,0.0007812715640660757,0.0,0.0009034626939070011,0.0024211990976313207,2.10980900148662e-05,0.00044287866723257096,0.00046274160581693207,0.0,0.0009258699448594695,5.739327904318911e-05,0.00015280137180236303,2.506959423621783e-05,9.920334227032044e-05,0.0011404955569768096,3.250748981837397e-06,0.0028187879057174265,0.0,0.001283938979450132,3.5555838948583795e-05,0.0004162473336133702,6.197795860014736e-05,1.6011117292303064e-05,0.0,3.903095357550252e-06,3.6173218729381443e-06,8.237036579855716e-05,0.00011800860465192988,0.00010580855076264483,0.0014385929313373359,0.0,7.316430309775995e-06,0.0,1.0433047407100518e-05,0.0,0.0003990374232805603,0.0007758809695509639,0.000350649696863351,0.00014640156249988393,9.656234659581187e-06,5.411355289652694e-05,8.193507957472116e-05,1.616366789618247e-05,0.0,6.183586605283694e-06,2.4299423006266983e-05,9.43551718195978e-05,0.0001673165061953577,5.115361203418873e-06,3.7351542563428323e-05,0.0001328145427614023,3.3380408195879234e-05,0.00020109433110810992,4.1834212919228655e-05,5.742170142731008e-05,6.113752923738244e-06,5.4799740895172275e-05,4.867510634420071e-05,9.222067155437441e-05,4.964863904566573e-05,0.00017328118426035612,0.00017685822707283792,2.0483833297189298e-05,2.6192903638043203e-05,0.0002798668647880653,5.308844848531906e-05,6.818852956274357e-05,0.0023408052516880446
0.01113517982286739,0.01956660997196803,0.04955181234576562,0.019954815398756726,0.032896640505604306,0.0,0.015006475989941129,3.0199574961236553e-05,0.005513131542604136,0.0035324489184717497,0.022986811862038665,0.011357283902885486,0.05083722706256549,0.022861605285054976,0.10702767576533287,0.019283332743187,0.09933671765285672,0.009454266199772987,0.0039570325775986825,0.0,0.0247811232107203,0.01750187749981089,0.00940537337063825,0.0028439869959901243,0.0,0.006937125283909936,0.005860674145658124,0.006110936942636889,0.006789671700401628,0.00869329782481689,0.014670653073092677,0.01616502903732451,0.0007060126770755377,0.0,0.02957712418223471,0.005508954182548379,0.005674656908465445,0.0013555307554059446,0.001845733438787631,0.015712037231813934,0.0,0.001487034114066872,0.008083371203829938,0.003992490310465927,0.013712503745928821,0.001639506299154443,0.004812508770194569,0.007100309238878205,0.0014270836356997212,0.001088267930012494,0.0,0.0004879570901011553,0.005095436914339243,0.006103741952786389,0.01629894582962535,0.02861925458900316,0.004617843966429994,0.00031236081605538285,0.0016655349587764128,0.009810609348893102,0.00827102371896855,0.0017611673942409206,0.00018305238532344541,0.0026973335680840135,3.867230554896148e-05,0.0025013318692346303,6.823954933201925e-05,0.00747176443091208,0.0022346872995400013,0.0004896662352885886,0.0011657828582806592,0.0001416561706086624,0.004873895798859912,0.0007522491994114276,0.009621862374744345,0.0006115830975199421,0.008672180244043952,0.0,7.085245730530173e-05,0.0021722218382877194,0.006336716027190643,0.0033351021656311997,0.0,9.950473801811136e-05,0.003384690250143521,0.00011385338593790079,0.0028337735021763447,0.0018748949727566623,0.0,0.00920625642650733,0.0024156176043126612,0.0,0.0014476165434151897,0.02008077725735764,0.0012073266253599952,0.0018798088198060667,0.0,0.004060951402333949,0.004971475736133338,0.003833665542609413,0.009323081475544327,0.004965087895233344,0.00020333803082544323,0.0,0.0172652948576799,0.0001493771822712537,0.008198837794958178,0.0,0.004271640589576917,0.00046149702830545846,0.0017432354293168647,0.002521149561390887,3.5786936998791436e-05,9.37564196984137e-06,9.822466161182184e-06,0.000292610270969986,0.002762754593164807,0.0002553777027920131,9.75527105658221e-05,6.459521354258424e-05,0.0016196674812585068,0.0,0.0,0.0041526417747743,0.00014412855598938847,0.004816140357692818,2.0022711996291043e-05,0.0006490855834460071,0.00013490518552831956,0.0001677279558785294,0.0,0.00020461338808751343,6.340655831946076e-05,0.00010646923876397151,0.0002010440122502508,0.0001775583453303316,0.001901072823809195,0.0,0.0,0.0,1.515248003810608e-05,0.0,9.001497380087098e-05,0.0008087801489982822,0.00012259131057653738,0.0,4.4827526558503624e-05,6.994540728151106e-05,0.00012414845970934704,2.3174107789260968e-05,0.0030828660788716324,7.99270165080629e-06,3.1607079643850235e-05,0.00012196040675167529,5.743480798488771e-05,6.611948460477769e-06,0.0,0.0003238660031557949,6.74425808026178e-05,3.255745336934746e-05,8.357009340374332e-05,0.0001280003649970534,7.902436919769245e-06,7.08323514289173e-05,6.813617434938598e-05,0.00014762977399841853,3.4323023404161235e-05,8.139847663577896e-05,5.371580363279311e-05,0.0,3.385608992171514e-05,0.00041707560766860016,6.1003405265795774e-05,0.00011744752988375293,0.005010155945622834
0.01736500898114748,0.04408144845675744,0.07346498796963462,0.014870514425178675,0.03691650131509363,0.0,0.01835466633214604,0.0025024821174135644,0.00200105824187031,0.039462328734188375,0.014239254492498316,0.011333009262873341,0.016898188814430493,0.005920518332728336,0.10289483609914778,0.0199464531538837,0.019533260595113087,0.024413383436543763,0.0021655611176988744,0.0009444007845805752,0.009685445591669178,0.001251435647457789,0.003798058623377455,0.07327372300486129,0.0,0.004928774411811888,0.002053011247074346,0.008109394162985896,0.0,0.0025907736953422046,0.0994096008061613,0.00357535596134829,0.018460536637108192,1.951473308356981e-05,0.0025266411435506614,0.0025763855226044762,0.0,0.023009914699485354,0.005558012637491358,0.00930697134748697,0.0013111138041636454,0.0057509013665045065,0.0009222435244800169,0.005450723237088302,0.0033715229298798698,0.003405591519640871,0.0,0.001596118503196589,0.0045397301417360305,0.0004700726804377113,0.0016564810075031147,0.0,0.002260709319522786,0.002688924874918139,0.015027791221442826,0.03438991539267501,0.0013665062970206119,0.0,0.0,0.017029246967811253,0.0021057789831074856,0.0014838484634673718,0.0020484754446451927,0.0015029535507994644,0.0,0.0016115516043793351,0.0010280639770313,0.0002675914984383839,0.0009673367283823749,0.0020841653881997738,0.0012644681633170226,0.0,0.007326915981099759,0.00012853077310673652,0.00046495793264801725,0.0009442180289292918,0.0010871136646629588,0.00016059166658561992,0.0003324119039342176,0.0005121950093493328,0.008261555554065925,0.00013055490424958136,0.0002073858785732142,0.0,0.0010632181441261833,0.008073811593854731,0.0010736971208914062,0.0021682467930731293,0.0002767431410684316,0.0005539364877550426,0.0,0.00030981435391478517,0.0,0.01457156825292256,0.0010101205056553858,0.0014666806079520302,0.0006021789396698931,0.00024459140389688014,0.010806880723816855,0.000916777837630934,0.00041120517323721016,0.0007038401672341451,1.3093185318803522e-05,0.0010797631184199744,0.018747030882351686,0.00012957348284555603,0.004366784130123356,0.0,0.0008518255149863323,0.00489599234294859,0.0009458926316716268,0.010787176421462659,0.00034154538604316197,0.0018499396974862735,7.142871662115014e-06,0.0007349337732892282,0.0011377471696821,0.00018064557951462956,0.002672195720618468,0.0004088526598813242,0.0004002328493443997,0.007364290169181636,5.7287024851191575e-05,0.0011521801548067436,0.0006295100582758932,0.0017149898786511198,0.0,0.000287183386345208,2.385802080690128e-06,0.0,0.00041036335227934276,0.00032462071168370987,0.0,0.0001825348078423409,0.0,0.0,0.0007284829261053046,4.939662424869169e-05,1.146147670698341e-05,0.0,0.0,2.0774903421241002e-05,0.0002472391695257252,0.0003135026105762516,0.00017444574743687505,0.00019393527355280495,8.542361940534742e-05,0.00017776450734204854,9.241507763716588e-05,2.1650148777111806e-05,9.511947505693251e-05,5.511298723494132e-06,0.00021799348551505973,0.0005322425811612454,0.00030924510512207374,9.445489037628765e-05,2.6436360276945442e-05,0.00040766113247862244,0.0001033696176410981,0.002497458747449512,0.0001510647065194385,0.0001687214032713849,5.942810543579038e-06,0.0001254858590684254,7.432455534489785e-05,0.00041571002334532824,0.00012780217464356032,3.797339968005019e-05,7.276223009276222e-05,7.176277142908907e-05,1.890840142437859e-05,0.0023286968322464353,0.00010344517006543149,0.00033883996144459995,0.01102388048917378
0.050831553639608534,0.05530736103433177,0.032540107660400094,0.026413566412306307,0.0221095979873971,0.003097780233470558,0.026289805858872653,0.019552952825915727,0.009615171361458511,0.06447233276913936,0.04018657063180231,0.0022996770103692055,0.02462151390082445,0.017666985705476486,0.001749650491503451,0.02851653432791012,0.013108252865213001,0.020100846918163086,0.0019955081119875625,0.027243070213574052,0.0128553273756149,0.00854824590535779,0.0008902782550457387,0.03916016104532812,0.0013610235913899186,0.003142676184347368,0.0007189147188488207,0.01894103351581529,0.00830276773450005,0.004303523096971847,0.04948278140701706,0.007825233095125709,0.009758942865069968,0.0019944413083709187,0.004831918625904638,0.0006543669608444286,0.0035574339880557024,0.039531901728699186,0.007466628877537816,0.0,0.002597117584479873,0.003987865398950669,0.0010028863069919136,0.021981020525203038,0.0002482848466411036,0.007272692102662425,0.000666946707675155,0.00017774993963740938,0.00806690354683294,0.021969416497550017,0.0,0.0010043002113868812,0.0,0.006250445364298338,0.0010223115541216719,0.0,0.0005921281313848245,0.005032597184060777,0.002748232748844151,0.004026185324877604,0.003075421984763965,0.0013767836195866636,0.002862123597901508,0.0019657550819033144,3.949754500890407e-05,0.0004140121863731292,0.005292767398883726,0.0,0.0027291471646188952,0.004021529451988497,0.0031358335765548223,0.0,0.004546592813449382,6.120952512347564e-05,0.0,0.00038985713034663693,0.001814081014449042,0.02920468169139001,0.0016037372344159485,0.0028717099547036604,0.001845717951716865,0.0013586317836796942,0.0,0.0047022705821262775,0.0005229330009185501,0.02060810896827851,0.00242741080516126,0.0043832830778629765,0.0038245851787365695,0.0005360740710998003,0.001788737699048865,0.0009671444307744559,0.00364435794011305,0.00022662724860000665,0.0009946230652995145,0.0011994246848438836,0.0014283759000708683,0.0009590797094761899,0.001338454839048036,0.0,0.0002970130144274365,7.850826346698578e-05,0.003140824271827373,0.00100344343915957,0.00016626206973210125,0.0003528112354653085,5.402418113828599e-05,0.0018635067485444651,0.0015035887427044682,0.0013552288973757405,0.0009212067643474629,0.0010032530059774487,0.0028160668664626307,0.00208173219553678,1.1163854759904998e-05,0.0010134338023778525,0.001767725351319445,0.002168312352537502,0.0023423243621222213,0.012769966085428944,0.0009274898197118231,0.0036014768266113668,0.0015278784773747947,0.0,0.0,0.00017586538311564341,0.0006268823642141642,0.0003064259093865437,0.0007378189606266257,4.92917675099458e-05,0.000196575463917273,0.00011250969196796369,0.003823618963508746,0.002107743266720018,0.0005391903631386584,0.00016694837592665665,0.0010093935020935691,0.00029333557613028837,0.0,0.0003688497411997646,6.369511885155912e-06,0.00023241420958664043,0.00037608301446015837,0.00010474851413734006,8.677191099575417e-05,0.0006951938634643284,0.0013761042937776586,0.0002115506783643897,7.835622978423532e-05,1.5908802275566186e-05,0.0008270863151836152,8.193083652426783e-06,2.591289198668207e-05,7.976215027099396e-05,0.0,0.00012661219588672366,0.00013469849292214574,8.021504890135008e-05,0.00011446061380436068,0.0034272612790192227,0.00012954385451411892,0.0017882868222215116,2.3134600767923357e-05,5.928461739834524e-05,0.0006225768387943351,3.941218655219385e-05,0.0016335103349533649,0.00015647664650142836,0.00020083267267263647,0.00042989021702835513,1.598354073237839e-05,0.0010954276247066223,9.512078600676818e-06,0.0011885574789451214,0.013464071303901122
0.07096283058881014,0.035755291071862226,0.03598870245583613,0.03151533528380045,0.02252411481094567,0.012102246270989095,0.02751894256866126,0.04020666326676965,0.018778738254449298,0.04380498374260323,0.029803985375760934,0.0028883248228426953,0.018757473930949228,0.024955727991998283,0.0,0.031064379632895763,0.012255552685196191,0.021874735407684014,0.002339674867532403,0.015468561190674924,0.004132086242119181,0.022997157555768415,0.0019198658136358572,0.019159199438395787,0.00013835235250378092,0.004074034607560535,0.00657827297972633,0.019991889159796924,0.01098415151846191,0.004240877217655211,0.036497392304748244,0.006543421953121543,0.0,0.001779451955417153,0.007072482173959983,0.0036892387005849157,0.0074148326530807905,0.019356662245150067,0.00881811313596739,0.0,0.0027952340026682785,0.00430890494353199,0.0012962652416607721,0.016780218441333702,0.0,0.0054392582948791235,0.0005331341970879203,0.0,0.0019708491855975853,0.01212017659476741,0.0,0.008311939226876702,0.0,0.0050643481942998165,0.0008404424483836352,6.397128730980247e-05,0.0007194562697444994,0.0027571191107157904,0.002152990641118764,0.009657153681956252,0.0049297158422705045,0.0015644827714739783,0.002936301445212343,0.0031279169293776995,0.0,0.00044523413839160213,0.005084876106872335,0.0,0.003386792325041215,0.003967250312547772,0.003458266579672743,0.0,0.005231898690520658,0.0003039888738058637,0.00013507186131857303,0.005037313486665938,0.0033076807511098674,0.026721024841846384,0.0053502902244391285,0.003510852705268371,0.0008549536560030304,0.0012885015234704031,0.0,0.004909462186503983,0.0006176166443740142,0.007919807997122372,0.0028676647540802637,0.004156777467217084,0.003200581374804718,0.000507178394269809,0.001818645948456977,0.00032871330151088615,0.004006351272863805,0.00029582315872989193,0.0012400368391320684,0.0006952183011236824,0.0007942935068661647,0.0013073905684402934,0.001683834204213438,0.0,0.00026097466729954095,0.0001919838368328101,0.0033388204131892273,0.0015370305287886045,0.00018426848322827921,0.0005912626065420426,5.987507512713049e-05,0.0022590174587222168,0.0009096342609372034,0.0017018557288475656,0.0008135643654619607,0.0004122543976392786,0.002381222418382086,0.0022676309019594096,1.2372915764270155e-05,0.0002412234013262558,0.0018058150217413068,0.0023561839234544518,0.0034589619044184815,0.0086836969443596,0.0011852980069657064,0.0,0.0016937162160260788,0.0,0.00047992203061047393,0.00011135769244799735,0.0006947745965296294,0.0006840775997379088,0.00038036703901713826,5.287868881444144e-05,0.00030259864956945417,7.284813108182208e-05,0.0012238645852227276,0.0021672331529599556,0.0005975854297192261,0.0009067425919085173,0.0008083659821045928,0.00038082507143574117,1.211265046331153e-05,0.0004087966814050858,8.898807787307829e-06,0.00025758499187599626,0.0004289379389863258,0.00020316621321510552,9.60332826496091e-05,0.0007074971813391138,0.0016398992059962851,0.0003609994839615943,8.684231849809464e-05,2.4723609906817542e-05,0.0009166609139614559,9.080406012193419e-06,2.8719294245151638e-05,0.00012043310989114084,0.0013699573650240017,0.00014032447287490822,0.00017323695790286045,0.000473724199710928,0.00012685685754479164,0.0010496498841420473,0.0002618886712852705,0.0014717165844749806,2.5640110221567518e-05,0.000426872344280378,0.0009416496213343754,0.0015259057253999343,0.0013834609798310982,0.00018973363236008704,0.00022258313057029754,0.00025784876450900615,1.7714580433880677e-05,0.001214063960687439,1.0542249948645204e-05,0.0009388966508812411,0.06150022547334903
0.035627059540298586,0.09865453088657147,0.013715096997509078,0.05019040037919204,0.026195203725843226,0.0,0.023981713863890197,0.08971707418590387,0.0,0.008800090163052554,0.019335334063300725,0.0033360334361734185,0.018039346177049047,0.02931171172309562,0.005065456756979441,0.05438045978794831,0.007920389865686751,0.05498888082053438,0.002227744448760275,0.00273653459333765,0.04594100930898802,0.03080967364239482,0.0015746209275935756,0.0028758415906341957,0.004863162276812591,0.0021922565463828488,0.0019352108592692577,0.003552477457441975,0.020740327531889122,0.02388731586810529,0.01664685845742288,0.01683354152965837,0.001832200731717655,0.00028959329093198346,0.011166288314762815,0.003377622762520233,0.01082267942540999,0.0011252207390587846,0.002029079701741855,0.002726603503074776,0.0,0.0009852331379381978,0.0017579403439897253,0.002203388158994777,6.577475090322168e-05,0.002738456121705185,0.0,0.002664508331527375,0.001977429998109961,0.0019454817897047868,0.0,0.0016269642791865728,0.026169789591192465,0.0007269236701825439,0.00019006099870707476,0.0002531298775698195,7.415026469304138e-06,0.00032358460945124514,0.0028224303513247457,0.012983156990864945,0.0,0.0018869401643105876,0.008843958173165748,0.0004891239146946587,0.00023985514498321106,0.0,0.020783719950456345,0.0017381243374004801,0.011634323034286603,0.00020351624252669607,0.0009695815586820778,0.0023845769945258785,0.0010171363267552824,2.6989614615584333e-05,0.0,0.006632579845328963,0.001977801698298803,0.00013251127604507198,0.0010562693151150262,0.0008133147590734662,0.000862852466849754,0.0005329317832555584,2.1582933434621103e-05,0.01750017681442884,0.0,0.00032301799753294366,0.0,0.001395737672146866,0.0008708511201525937,0.0,0.0021853015971972185,0.00022083566765733763,0.016623651436936924,0.00020126461380123617,0.0,0.0,0.0,0.0006261492269189526,0.03728498090434332,0.000261856376405484,0.0,0.0004421695232308227,0.0007473029410796941,0.000292283903929382,5.223666094096696e-05,0.0,0.0003744144371231238,0.0,0.0004924180210421398,0.015328913940885723,1.630782091764796e-05,7.626040457284078e-05,0.0004871946521927593,0.0017858978544978636,9.648099044032232e-06,0.0009426186924836156,0.0018131970401063231,0.00033496942838746706,0.0013119901565555305,0.0003766261109641542,0.00020441960673564952,0.0003795959897012595,0.0010125061198376923,0.00021570344904448335,0.00014295622450379345,4.408850869668529e-05,0.002155484085091934,0.00043656273755621287,0.00011053007256775683,7.321096237140025e-05,0.0,0.0,9.05520892521978e-05,0.001125471117229467,0.001172880783707214,0.0005915496533624066,0.0006955742222989606,6.759621890742136e-05,5.258250913637594e-06,0.002296860829092187,0.0,0.0,0.00041278564210671365,0.00012540292838476868,0.0005362191943822467,0.0001804908876221615,0.00022601954336165365,4.746915510171994e-05,1.6847428297773315e-05,1.4309149610105068e-05,0.0,5.001228024905151e-06,2.4468997458628145e-05,0.0006421067662218196,1.6883711813150058e-06,5.3048979526219106e-05,0.0,0.0001585029167772778,1.2042570269033236e-05,0.0006902367461089993,1.0735891154089019e-05,0.0,6.2611488144634044e-06,4.722415908051078e-05,0.00017839251307782316,0.0006333739473285964,0.0008977004561846814,0.0003404862614620287,0.0006842223022924965,7.966035024039781e-05,5.164736968369758e-05,9.51574343908527e-05,7.717321279474443e-05,0.0002778004098319242,0.00914044656031817
0.10067514784196051,0.11132999378477956,0.004324522563768903,0.03260241377372016,0.04130671964675325,0.003950276250901656,0.02639478963559067,0.05526332802728761,0.006826493522873826,0.021859324225882572,0.041834970419367866,0.0052885164882250845,0.021232308158791933,0.02550982071747797,0.0025361073259405767,0.03163026548081052,0.004891588473140609,0.032961806684508516,0.006475170433360209,0.0074743466264642665,0.03413124434085331,0.022379226703647795,0.0,0.008194874238170329,0.0,0.0,0.005776748657073692,0.01851322122722356,0.014639692825610675,0.013670491267936827,0.016381545626288213,0.008388027293477552,0.0013188242437889627,0.0010823160751612792,0.004855783629813101,0.0008793119432459186,0.008054138659949694,0.01238275732759371,0.0037269392615539763,0.001334132456477828,0.0005130639117329631,0.002232712731314966,0.0018297205254941928,0.027277627728304138,0.00018360522888358566,0.011109768888209793,0.006789871587231739,0.0008013394901535472,0.0024554301021780735,0.007484369901434647,0.0,0.0003383603958902188,0.019226149052669415,0.0053458436140672964,0.0,9.688786118397642e-05,0.0,0.0026790786744850755,0.0018308098833737967,0.0028327272083472233,0.0,0.0,0.005587621348199153,0.0007375894393045094,0.0,0.0,0.036895322196278585,0.0,0.00024063204226014125,0.0,0.0010515239778921088,0.0014682881357339504,0.0009615473035196625,0.00010700208534299872,0.0014968977480952115,0.004655630600223341,0.0,0.0032212010967991585,0.006836058587609909,0.0005368359695456289,0.0006365897786972733,6.793794458076338e-05,0.0,0.030504454168682936,0.00021604294756155329,0.0019272690500835277,0.0,0.0010946558245806621,0.004956928365692905,7.015407468369912e-05,0.0,0.00015113276567555367,0.012462457528888889,0.0,4.6778705914699516e-05,0.0,0.0006566240604285344,0.0,0.0019704577296221094,0.0,0.00012327009142485475,0.0,0.0,0.0007366526210900007,0.00021003008376198513,0.0,0.0,0.0004310007128690249,0.0003192919400374926,0.004478618961182638,0.0003366171276633465,0.0,0.0009932622509816833,0.0006128009075252038,0.0,0.00030786253241061234,0.0006111573000242912,0.0009951356656960713,0.0,0.003259196185046608,0.00033414656154684186,0.0003063648685645673,0.00011221883657480375,0.0,0.0,0.00022857994909631371,0.0007058904552958126,0.00022512572754981866,0.0001449864204309177,0.0009538356252764366,7.222907418684933e-05,0.00012291170820248913,0.0014720306786798895,0.0,0.00026600652408129036,0.0,0.0,0.00036138586664048587,0.0,0.000290471310777606,8.199146494318578e-05,0.00016900711272434737,0.00023382519989611892,2.484659083594949e-05,5.909468567817838e-05,0.00047208960705650026,0.0002510531471807185,5.45177474384494e-05,5.627443401946111e-05,4.908317544032617e-05,0.0,6.403874870144646e-06,3.100685098311389e-05,3.891993387196552e-05,2.520107557607976e-05,0.0003773769603882075,0.0,0.0,0.00013014356827315102,0.0003275457844547195,1.7484394896525785e-05,0.00012428705023981776,8.017153657363693e-06,0.00019522800861982708,6.53444654165303e-05,1.7166221700794412e-05,0.0001727626814047695,0.00021539328674468366,7.206680217333015e-05,0.00010449067754411844,6.613241611449499e-05,7.814139964004936e-05,1.3606974396211254e-05,0.00023026634752071955,0.005557964799357399
0.07202112639189544,0.11585141640406289,0.018464769181627365,0.027084327871442413,0.03983522180216247,0.0017237300199789802,0.028493608771822512,0.06100354451670427,0.009899804086311116,0.011039598789897513,0.025630532502111714,0.0,0.01681513036629141,0.024757332528892475,0.002535652981950135,0.03369001261926539,0.0035007833728208254,0.054208918840684524,0.004220813347898195,0.005642646664782049,0.018283682513816155,0.021889205729433994,0.0022175971585170887,0.003925215502239521,0.0,0.0005408776072319556,0.003821581416474692,0.024893336352426493,0.007148348243258646,0.005180227561407175,0.018964718222254946,0.009756418059080568,0.004570794269845359,0.0013296828445233248,0.005688989757371468,0.002269693620813414,0.006235247082367965,0.001643320884901963,0.0023381530461088315,0.0,0.0009228370320863407,0.009394939934218359,0.001241858843241497,0.025064665274697993,0.0,0.01867358417325724,0.0,0.000158686937183219,0.004560399486187929,0.001463361431245166,0.0,0.007931500780508232,0.0144680044284915,0.002784320763520202,0.0016608264396597307,0.0,0.00032973401121377745,0.0026122305902345246,0.0036084652254878527,0.02808463411484486,0.00017836912328095099,0.00038297211161890095,0.0020760635961722803,0.0023246863177856674,0.0,0.0,0.008083768625866622,0.0,0.0007670229204547296,0.0010878375933783234,0.00187233537298541,0.0,0.014611831041965144,0.00030704092894320807,0.001071142402603391,0.0022367986603745614,0.0009538836402545479,0.0016021421640142744,0.0024947003952894894,0.0014038305529215551,0.0021905297140630657,0.0022645234080061884,0.00021672010837527075,0.002660851952379687,0.00031551869753886145,0.0,0.0009990812801356612,0.003916444307497391,0.027633269720842183,0.0018802449450638257,0.0,0.0031700039527311334,0.0014623148005053468,0.0,0.0003961382316199538,0.0,0.005153667458687624,0.0004552979911336851,0.019073783344068312,0.0,8.820261518370798e-05,0.0,0.0006656151303273568,0.0006805343270160482,0.0,0.00025095308429365186,0.0,0.0006083095939913252,0.0013914519391078522,0.013555951805640393,0.0012459186499733906,0.0012344287186386571,0.002232553487947859,0.0016818545386500334,1.1272101498268318e-05,0.001583173948757921,0.001866818031623019,0.0024486691462097935,0.00013125414052091538,0.017841789770390137,0.000600204166069456,9.315465078005048e-05,0.000407779703880427,0.0,6.10418136220162e-05,0.0,0.0005520981920796023,0.0005048703508169558,0.0012568335304323963,1.9870086787623262e-05,4.5139392734730116e-05,3.144559143542534e-05,0.00436172226957368,0.0008359091040700279,0.00033043759621196635,0.00032786798661885196,0.0003191727262481644,0.00012690676364882013,1.1034991915953464e-05,0.00080783955240481,8.10708377097169e-06,5.20969279456791e-05,0.00027109902734632964,0.0002633770858811802,0.00012180626413766856,0.0006197505315636366,0.0008679145475862689,0.00025932985540703734,5.850809255590716e-05,2.2523958425225605e-05,0.0001277437553243097,5.996228196144635e-06,2.6164148035730063e-05,0.00020643354907808092,0.0,8.684000596790299e-05,0.0,1.3819513586681312e-05,5.09753760874115e-05,0.0010047916163918756,3.7534760448716313e-06,0.0009897539883091055,6.465707981650143e-06,0.00021822669637130786,0.00022769128397856817,0.00013093021247915953,0.0006175524878037815,0.0002058260890073205,7.451585450263448e-05,0.00020647185898172663,1.6138520010502927e-05,0.0001313958171307417,4.23488641873367e-05,0.0015306463175110347,0.0
0.07628098007721833,0.05254685681386442,0.02482507942531168,0.03761353493333578,0.02891030688715001,0.000975967811436675,0.01537448856532255,0.05246636299843434,0.026633082367239956,0.003726300462900506,0.0854461600876867,0.000790302313736444,0.04470975264342458,0.03369381273109484,0.0,0.03650549227133945,0.037467002783924154,0.011104381451024868,0.0024273291028857353,0.001616574239879608,0.04003041047711437,0.005041392191293207,0.0014773407826219563,0.007186890147835933,0.0,0.0,0.0,0.009310956120055286,0.018921484297117333,0.02090428480965784,0.007662049546287205,0.0028045721843231925,0.000427046696017579,0.0002419909916884695,0.0024446917028525827,0.0,0.006461926467762485,0.00015066806890753667,0.0028159662860507387,0.0,0.00016307199267403624,0.0007910085567073193,0.00023480181626487107,0.009202896511047005,0.0,0.007899437327711183,0.03417935081163216,0.0,0.0,0.0006983257799878179,0.003420532368745659,0.0017134127639663824,0.05146172332169514,0.010647798532635934,0.0,0.00019601739125979455,8.694961404967748e-05,0.0,0.0,0.005187217734253275,0.0009179069334402025,0.0,0.00280971499983854,0.00032985214259988714,0.0,3.293280398002448e-05,0.05467608828279386,0.0005596794894286492,0.0,0.00015812845544421723,0.0,0.0,0.0017286821513646878,0.00010807851909091556,0.0,0.0005442916436751157,0.0001591267187973886,0.0009024350873003751,0.0,0.00017162681955312832,0.0,0.011721064525833581,0.0,0.04387782968307236,0.00014104160101199712,0.0004153272427289257,0.0001895891263020893,0.0003175664954482732,0.0,0.00012410857160565164,0.0,0.0005938976701548942,0.03414490098466539,0.00010337528802894006,2.3159941966863407e-05,0.00014060432466097433,0.0004825860721544225,0.0002607829612748836,0.0003875674231611006,0.0,0.0,0.00015109813925398016,5.8688640943956605e-05,0.0,0.0005739527943578929,7.46947400815539e-05,0.00010873159392459851,0.00021357637984072502,7.537285873443052e-05,0.00013147372620287296,0.0,0.0,0.0,8.514485066570197e-05,0.001355142065753319,0.000291407117684391,0.0003628996610840847,0.0,0.0,0.00016785945129773388,0.00026911461101341086,0.0,8.57066918474602e-05,0.0,0.0,6.438197976123471e-05,0.0032482628789934544,0.0003647525038756631,0.00023065522861085891,1.5542939554174003e-05,0.0,0.00018013059557001792,0.0,5.608011726483984e-05,0.0001645688970048686,2.0859281884398345e-06,0.00024335985994802505,0.00010536204619187453,0.0007818056619409796,4.7340274173595066e-05,0.0006645687472065804,0.0,0.0002888972835547492,8.908294579882167e-05,0.0001677517519707805,0.0001891224352766362,8.091657981476237e-05,0.000128173957674644,5.53540464226e-05,2.406838242751857e-05,0.0,7.313419936980234e-06,0.00030799699406308385,4.3237435963526266e-05,4.648220532061238e-05,8.159567986548839e-05,0.0,2.995978896926296e-08,6.217313944329886e-05,3.072771432840654e-05,0.0,0.00016808671759600447,7.886030369907522e-06,6.91551944855905e-05,5.253045576570157e-05,3.2963549902463445e-05,0.00032589852684151966,0.00015021399066185166,8.064821293804003e-05,0.0001416348469249358,2.5091196629204646e-05,3.444874333997729e-05,1.3384427680579278e-05,0.00015871235081653536,0.006062731624622162
0.0431547108541342,0.04659942566758549,0.018837351106717883,0.03241931951001456,0.026687871379634354,0.0,0.011205874324987774,0.03086558933996677,0.010750577301163772,0.015989908657076956,0.0706700155490312,0.008385742978868214,0.06099231720745124,0.028248869280781547,0.0,0.048455016421814975,0.042634435009651,0.021419612363069277,0.002359183148326688,0.000842218037018994,0.04133252378461143,0.0204140712359573,0.0008294917031089014,0.01839461966858931,0.0,0.00011628409083966507,0.000472589405629121,0.014538385553606282,0.022934636153822918,0.04329208917028052,0.01348725654741517,0.01970622249242579,0.0016246431831734925,0.00047580270617534465,0.014785087659697157,0.0010196920519933478,0.017778359050484097,0.0016944455392706645,9.063501768060962e-05,0.0024783318788314684,0.0007036126015508815,0.0,0.00031519454876321285,0.0,0.003837838759635746,0.0028457934645679606,0.0017427850744654646,0.0009768823884827365,0.0015211704588429826,0.00028107599732542373,4.217395332653004e-05,0.0010845778238177137,0.03133094096194333,0.005503062003777511,0.0001760519196236472,0.0042884806797228,0.0014989839382252156,0.0,0.0,0.005308393677323958,0.003641855891515573,0.0002232630864463602,0.009823074259530115,0.0038915999322068563,0.0,0.0002462724056036169,0.030748893275108376,0.001295956462609589,0.007975856690437783,0.00016706680832268909,0.0,0.0,0.0034396809803866,8.450262236671285e-07,0.004080075489652898,0.0038881277223702104,0.0023866002476599047,0.00039290926231553717,0.0,0.0004861557502981506,0.0009272697540477539,0.004127694713126288,0.0,0.024004334271052887,0.0008191467659717052,0.0006706417330758952,0.0002681266305612261,0.00016106149823242816,0.0017118372013995558,0.0026531801984665685,0.0,0.0008234790422816885,0.013632613105399687,0.002791899192233109,0.0025612544836395136,0.0011563930113420047,0.0018707378703425688,0.00042897527504648077,0.0069542192038976845,0.0010414950032919703,0.0,0.0021499851676640308,7.170851865113396e-05,0.0010937942564580643,0.0,0.00018426317679823685,0.0018730427952512068,0.0,0.00029874943770414393,0.009205185468314994,0.0006045807508375891,0.001949640378286496,0.0,0.0,7.888286533035637e-06,0.0011947849121943755,0.0004008973958861828,0.0,0.0007020255078680558,0.0,0.00031998468826046505,0.00206793787530226,0.0005151368626051626,0.0009462794858044872,0.00015068443565225626,0.0011041034381587284,0.0,0.0005216251735880716,3.2137024923852195e-05,0.0,0.0,0.0,0.0,1.3782550488378e-05,0.0036119425666132875,0.0,0.0007947562947660655,0.0,0.0,1.444074110911777e-05,0.0,0.0,0.00024101148619202364,0.0004230528195591486,0.00014698442859496203,0.00014578522997360223,6.351405775923005e-05,9.474358807518257e-05,3.623259162275739e-05,1.7351369200413382e-05,0.0,6.086446118115237e-06,2.6994137021496843e-05,0.0003679194489237612,5.262344562188542e-05,7.986331430094573e-05,0.0021039435393903254,5.479403902678126e-06,3.981268411165623e-05,4.410314365211645e-05,0.0,1.79466767999613e-05,6.5629895925381785e-06,4.629369729501932e-05,5.538293269240174e-05,0.0006764574062527715,0.00024067831328342294,0.00017127117273472265,0.0021569027253850043,0.00011787274239472558,2.0881641918369915e-05,0.0025003405297649634,1.746481028029954e-05,0.00011394616323960868,0.003400324348246678
0.0344610832046205,0.06998451674427661,0.023545253202480052,0.0094440598406076,0.011282220386761192,0.0006255834377714635,0.018265236613922944,0.011878913698051882,0.01612647885061221,0.06261632910292005,0.057464302951302,0.02415648673686267,0.043041878241894635,0.01058253290937253,0.004993605152195307,0.021815638035903466,0.035689439015939725,0.013519574878548409,0.0005111874163489528,0.0186678477656815,0.026093662429888496,0.004987027012020885,0.016827959864850167,0.05545288851036394,0.0,0.0019282376069171654,0.0,0.0033292463421352126,0.00525551668400273,0.004212351825145166,0.06722504374747096,0.0,0.011411401367430879,0.00029033794646877856,0.0022107465012292603,0.00037847458273006115,0.0017692365942964326,0.054548698858209614,0.003625219631572638,0.0,0.0008114246760285538,0.0028237998614904355,1.4896363030147955e-05,0.012401531510786861,0.0,0.0027681557300356994,0.0016930326035675771,1.0898216611061088e-05,0.006515092096362151,0.01983880157353359,0.0,0.004537369528250817,0.023020837440751004,0.014579898568419325,0.0,0.0,0.0005601066118959587,0.0031669319926310303,0.0008850756894894482,0.002003013717294595,0.0014202173751561317,0.00038911086199711894,0.010784198075050622,0.010967527102419038,0.0,0.0,0.01187651496201153,0.0,0.0002812746427723258,0.00164923544850097,0.0001834271171598434,0.0,0.0035690070687999405,9.088682146354666e-05,0.0,0.0,0.00035982580259952447,0.005100136755363205,0.004422917757540734,0.000264365396677489,6.546882886310786e-05,0.0016214279060834723,0.0,0.011710592581121088,0.00032008876289873274,0.015368413550404617,0.0011764804787758357,0.0014408326619989333,0.0017031369666106351,0.00012989367992968415,0.00019728647967187654,0.0005524780595472156,0.022376955505779943,0.0,0.001051407940245155,0.00031335258980978953,0.0006479700628601872,0.00027500801840265465,0.0006085119764165405,0.0,6.638090191493129e-05,0.000320670338731324,0.0004425869298552984,0.0018541290172756737,0.0,9.150612458091573e-05,0.0,0.0006091236099853823,0.0009134052437851324,0.0014834245661856705,0.0005111898062607036,0.0017500126956910159,0.001289113526643552,0.0006638907817070953,5.992480019989872e-06,0.0006767406477935785,0.0006019478539937349,0.0007965467400223019,0.0006728176995743072,0.0028459462544883616,0.0004705600196213811,0.00716508191041082,0.00010355576088952925,0.0,0.0,0.0,4.295421710615208e-05,5.932870321180471e-05,0.0005553454940497736,9.826533647658652e-06,0.00010899645244004916,8.434923510414733e-06,0.0015562268852159793,0.0006216609491506058,4.3039779968317186e-05,0.0,0.0005449715305772878,4.9034658876589384e-06,0.0,0.00013297196669444938,4.501195913037754e-06,1.7498546053266918e-05,0.00018861692542633003,4.289574182548955e-05,0.000107966630274657,0.00034264902426812103,0.0005962713999469897,0.00016476146976752697,4.511547002871692e-05,1.521647619772245e-05,8.606650734168765e-05,4.62367924932801e-06,2.0631780680870186e-05,2.707293180313229e-05,2.0200147394476507e-05,0.00012042997409528807,0.0,0.0,3.9307007827620484e-05,0.003304811149037473,0.0,0.000636435751272842,4.985694147896494e-06,4.372119206630645e-05,0.0005542681953682548,0.0,0.0005451884150686738,9.496806112144797e-05,4.981150012206358e-05,0.00027761752627549066,1.586311823947653e-05,0.00017477502765401437,7.405863273017648e-06,0.0005813574314251101,0.010074647248027004
0.124127992490751,0.03808773670428772,0.07800398423954417,0.029628234000446,0.02148011666717147,0.005214774684187536,0.026040065842208866,0.042495331765827836,0.013666535605629191,0.014212164517819967,0.0,0.034766557448584826,0.0,0.0069958198126185474,0.010137567781871963,0.039879177041281084,0.0,0.0010228868580917652,0.00042778662632262266,0.008479434873179445,0.0,0.018208639521321467,0.0011158806991840942,0.008299584146873562,0.0,0.004927965281368246,0.003271291333388365,0.003500100617074423,0.008260995074832224,0.00701974785775998,0.008553470547226855,0.01955272455449974,0.004446929199184964,0.0005416574734494094,0.0031944497095945166,0.0027186602571301734,0.02229674488375583,0.005407469469934565,0.008511896370752937,0.0012181896004206931,0.0008791140876162112,0.0,0.0,0.002452868997620254,0.02870264099854009,0.0030389979147335037,0.012998407255780827,0.0005843707726141502,0.001629645800465442,0.002526962624577117,0.0,0.0002606995932985345,0.0006838950970767921,0.0005104431739337801,0.006559073976686393,0.00028705685644669454,0.0037810021520173153,0.002607591917377266,0.002155486290744026,0.002971508952384184,0.003679474707179847,0.0006522518249807512,0.0026097823255162565,0.015299175891938141,0.0,0.0,0.000815368837823594,0.0031898316344078637,0.024378038134849754,0.0012077441559159416,0.0010604923951162881,0.000884721145090543,0.0014291942523234791,0.0011083898695263994,0.019296783927779015,0.007699226504328567,0.0016948169490628242,0.00033309157227736,0.004913261281553758,0.0017023919844492662,0.0009514698081983591,0.0018712265133144833,0.0006443376213265869,0.001321158529310116,0.000941321466925226,4.10014280967691e-05,0.0017766924563858196,0.004318216241230367,0.0003156341472691591,0.0,0.0053723727037683225,0.0,4.368786415306272e-05,0.00027345929569785546,0.0015016830527590562,0.0045227645910000695,0.001084845176071906,0.0014636285698276263,0.00662521655525423,0.0,0.0,0.0012433640870545915,0.00044440515270388386,0.0013948522357978331,1.5138576889508497e-05,0.0029818548328826174,0.0,0.0006428278950757734,0.001450497923413886,0.0006909904700011867,0.0002958376679354839,0.0013931628252651014,0.0004707647612047763,0.004593984026011635,1.4308113966751437e-05,0.0011761547512762064,0.0,0.0037104439551632097,0.000856861986143434,0.000702570762602265,0.00025853810487186553,0.00031849371858814855,0.0004070975511329165,0.0,0.00029357597242190924,0.0,6.176034845827042e-05,0.0005305636902272265,0.00037180657462912203,0.00019300927106865624,0.004226538369990538,0.004068257323168843,0.0,0.00038636436818053314,0.0005112589027454199,0.0009779536069092595,0.0015639588255800096,0.0005236955138917165,0.0023394870808816346,9.102225058044533e-05,0.00436734911127814,0.00022747466449650786,0.00029585049171897235,0.0001355190297280361,0.00047278471515969835,0.00039312409086630413,0.00013727594480836454,0.0011447403402129247,0.00013787435966662517,0.0018693444812315349,0.00023606353534393846,1.0500635950502828e-05,3.321116404032492e-05,5.863517067086936e-05,0.0029636176726615653,5.2340745161659885e-05,0.0002777975930004938,0.0004293892209759856,8.195176911506855e-05,0.0,0.0003811529565808508,0.0005467785511406242,0.004003483220092096,0.004165562225209499,0.00035086684932320717,0.0016739301455064679,7.1618736042792e-05,0.0001486958171739596,0.0003057005949123908,0.00034004641317915944,0.0006248261023498994,5.682495082974971e-05,4.0495753970647054e-06,0.00017122289234047672,0.11126391130292228
0.0,0.04967595931791959,0.06787779809732056,0.029315019292079678,0.14737458452875715,0.14455159110329407,0.011671309469364262,0.0003728041046884703,0.0056512590702259315,0.06624879835722963,0.0,0.06244489989779529,0.0,0.03433863394712783,0.04786850989142005,0.015938387605244263,9.735280037629909e-05,0.009258488493139821,0.005160409149775488,0.009763934540388488,0.0014303895931983938,0.0023154105352162853,0.00784439449753369,0.0018887915207473182,0.019126897206927014,0.008505561493717543,0.012508412917631018,0.002265845415835771,0.0004547398774600042,0.0009754948654227924,0.0007159407845686953,0.006099722028477143,0.002687911419919144,0.025553161551366027,0.000142026888033337,0.006500091402131605,0.0,0.0016389125584135098,0.0011624063907218565,0.018252404944405765,0.004128183797787468,0.007062973212899135,0.009944955929678558,0.0020961027479839654,0.011162158890966644,0.0,0.0003646199628886962,0.0033181021863780396,0.002435288889124992,0.0013555147835547627,0.0,0.0007772096072823829,0.0,2.2106459889267325e-05,0.004805158316158819,0.00595131284650882,0.001004610264843429,0.0003049173723217611,4.510835514655305e-05,0.004487956351976698,0.0012893437949688,0.0005283688044021847,3.522157003405775e-05,0.003600004901995046,0.01636570504488299,0.0039821951226697355,0.0,0.00021093799063860605,0.005708496132012391,0.0,0.0024685842192991754,0.0022432228810124193,0.0048753119041227,4.38004388205627e-05,0.0,0.0,0.0,0.0013196995956637864,0.0,0.000707491164692826,0.004529239263400714,0.0004022335727525226,0.0,0.0,0.0018874617036933868,0.001051200682254183,0.006894919966558353,0.0013624445635705398,0.0020817265634481617,0.0,0.005641302057897345,0.0012069451556473436,2.963355487034596e-06,0.0046988780125303995,0.0002666884151676719,0.005069110956770306,0.0006103811173094332,0.0,0.00035651704327695194,0.0008717770147675951,0.0,0.0019293285013000342,0.00021602268517842752,8.305573966971343e-05,0.0006168956792223254,0.0005691688934557386,0.001402334050546975,0.0005683490775149766,0.0,0.0001457965111291101,0.00023248369625309754,0.00993257612657142,0.0001319902950899406,0.0017393655340517983,9.54458936097312e-06,0.0,0.0017237468927064823,2.44532348987654e-07,0.00012773677903247553,3.9080037927422845e-05,0.00027723765001593995,9.667216129551806e-05,8.58987018199083e-05,0.0007285677657791578,0.0,3.077116511200621e-05,1.5672222652090167e-05,0.0012501696342290182,5.156635415609389e-05,0.0001376788173583833,0.0,0.0,6.265464596353047e-05,7.1290937695008605e-06,0.00036207852205269404,2.8809074720455834e-05,2.5537606645885306e-05,0.000500191299997773,0.0,3.357195444322842e-06,0.0,0.00041508697687098715,8.143450054553145e-05,0.003756421992172033,2.673935779249091e-05,4.104633217387213e-05,0.00024986700026112486,2.2466158915250836e-05,4.327071920124391e-06,1.164519730673832e-05,0.0,4.947572322843874e-06,2.420648168633376e-05,6.566449187475488e-05,5.118802684269754e-06,0.0,0.0,0.00010826847005370997,0.002330738204139668,0.00017004591638651698,7.271066210832846e-06,6.195740736571863e-06,6.193976045360052e-06,2.4784492107428526e-05,9.9735654533309e-06,3.0986407478923004e-05,4.813125245703812e-06,1.883024017395155e-05,2.8443735463005656e-06,2.0752616983801953e-05,1.3244594585496872e-05,2.680508674109502e-05,1.0148490246661788e-05,6.489114673067675e-05,0.002045820475224431
0.0,0.04680029768610183,0.05771102290509469,0.01204207240048594,0.09419349070066195,0.12518984254618234,0.010995735253351456,0.0,0.002668316302033504,0.08950690102710528,0.0,0.05310592386275802,0.0,0.016545573181765263,0.05033820734908138,0.01270347703790133,0.0,0.011999445806984973,0.005384208069014618,0.029468589291760813,0.0024128284998643627,0.000585984145767854,0.012321853591663982,0.0,0.01007684122159223,0.007827881196840497,0.006296587460921523,0.0018916078818593167,0.0007306680140423538,0.0010770490507725206,0.0006593497767225928,0.0037380461637662073,0.0,0.03173486952521717,5.436568918910575e-05,0.005502365529898059,4.033753931959876e-05,0.0,0.0008041688933964548,0.023778726571056907,0.04964749230116162,0.006033554354581439,0.010758623564964383,0.002038953966585801,0.010081023615329268,0.0,0.005867078929761666,0.005627233667194017,0.023316967080989758,0.0,0.0,0.00025375029143363505,0.0,0.0003640941862062627,0.006676936248838288,0.0032727291990825545,0.000772081315817629,0.0003990766684824762,4.739168724554155e-05,0.0010733063720881517,0.0008738344394473392,0.0005306859025638232,2.7405860502297648e-05,0.0013716815889327691,0.019464254673964697,0.0017840374469246963,0.0,0.0005636884576499974,0.0004583470972289691,0.026568612884566776,0.00282122523966501,0.0018552060801635146,0.0025188304319777653,7.230039205501978e-05,0.0,0.0,3.785180769939264e-05,0.01706950402624897,0.00016650761993350152,0.0,0.002159223027284477,0.0,0.0,0.0,0.0023277120336393873,0.0,0.004842828708635602,0.0025539910193584266,0.013407872577103372,0.0,0.010345452535632287,0.00026032046095536755,2.729119252373663e-06,0.0026761945738812596,0.0,0.0017067008135880652,6.885876857764845e-05,0.0,0.00012230645005372408,0.00023665091307626163,0.0,0.0022314128595573588,0.0,6.880891725733294e-06,0.001245779001204366,0.0030432816567725505,0.0018942232451527351,0.0030552783791016583,0.0,0.00012097005704385316,2.710938346939392e-05,0.00013608163362028347,0.00013017954228742939,0.00030236125851197546,8.790144380247442e-06,0.0003512105141290831,0.0002423980761056085,2.2520347098760703e-07,0.0,0.0010823125903458282,0.0,8.90307820693435e-05,2.5483914753295108e-05,0.00035342641612166415,0.0,0.00015550874893654557,1.4433423446643867e-05,0.0007648872262887304,4.7490329971495414e-05,0.00011732955084780482,0.0,0.0,6.273131144869562e-05,6.565579844688671e-06,0.0003679440066533455,2.6531882795251526e-05,2.3519005486099994e-05,0.00044859643434074474,0.0,4.941108598681383e-07,0.0,0.00036840462420941557,8.718308621921315e-05,0.0013054472085344416,2.4625765105427834e-05,3.0148252515674996e-05,5.874788588081989e-05,2.069033806128082e-05,3.565972338639403e-05,1.0724711330300966e-05,6.183486355049381e-05,4.556495141356175e-06,2.229309831083141e-05,6.047409085976977e-05,4.714190725973969e-06,0.005708248089430875,0.0,0.0003977519756160182,0.0025860272214760635,3.724163536073677e-05,6.696330179787123e-06,5.706003009384018e-06,5.7043778068790475e-06,2.2825420327269903e-05,9.185212375830104e-06,2.853710990214275e-05,4.4326753336234596e-06,1.7341817817806482e-05,2.6195421508201243e-06,1.911224177977583e-05,1.2197685438453604e-05,2.3642096910606898e-05,9.346310368725493e-06,5.976187420852173e-05,0.001253908313432586
0.0,0.049204580452883784,0.06362430910514624,0.014091809811246046,0.06960781805920369,0.1363800414443853,0.013410407641584212,0.0,0.0028551970254585375,0.06638438788882033,0.0,0.06931526870774499,0.0,0.01705065617740341,0.07253744568166477,0.01295290270446864,0.0,0.013827891317498914,0.011121241736787175,0.020960767787608362,0.0023633057098040883,0.0008343299501798302,0.014266727048389572,0.0,0.005409721429565553,0.009434845325271751,0.005432420760768328,0.002108819725143131,0.0009285525211081806,0.001187605087961601,0.0007792350515048828,0.00402525758800134,0.0,0.045825379402534186,1.9679564926380563e-05,0.005698713755717091,0.0,0.0,0.002478317320091721,0.029451501531978744,0.03502021145944215,0.011278010132329305,0.0089842716809529,0.001996598772713225,0.011588987413682292,0.0,0.00546764305375866,0.006165788270282042,0.014928339157230838,0.0,0.0,0.0,0.0,0.0004319023843191976,0.0090551231956703,0.004175936457049507,0.0010157238362881054,0.0002046248073608698,1.628530302541466e-05,0.00030711036113189043,0.0006976546175665796,0.0007052015363738954,1.2707208943519481e-05,0.0012704063081101077,0.02229584875631477,0.002202949004057446,0.0,0.0013930145216733273,0.0,0.012814133703248482,0.002711226403643983,0.00183853880606725,0.001761154374584113,7.736409067308039e-05,0.0,0.0,5.4456621357719314e-05,0.007781867486118235,0.00030279749045407535,0.0005391787756035133,0.004161311330217093,0.0,0.0,0.0,0.004901950440187895,0.0,0.005941824416659411,0.0015805076123373365,0.004798204769013782,0.0,0.007788029035397462,0.000603704213991601,2.920258428717972e-06,0.0021571350852806165,0.0,0.014070791761936749,0.0006726398663532104,0.0,5.1062835974693014e-05,0.0003458575223811223,0.0,0.0022335382063145485,0.0,7.362808364526973e-06,0.0010402442186020072,0.0018301120276559082,0.0015655858416581216,0.0015858350477347394,0.0,9.056455898536664e-05,2.900804188200642e-05,0.0001308292065594037,0.0001278044465156723,0.0001312690660266655,9.405779243153027e-06,0.0005031615873886445,0.0,2.4097603421180916e-07,0.00011851461850584906,0.0013135677627484329,8.069432157489242e-05,4.137778293074052e-05,1.4146010023751409e-05,0.0009583185254368509,0.0,0.0002298785138580786,1.544429633796977e-05,0.0008293952640333131,5.0816407623535026e-05,8.200557937560695e-05,0.0,0.0,6.712482088983612e-05,7.0254130024538005e-06,0.0003937136809947569,2.8390094824622307e-05,2.5166204791568434e-05,0.0003049550792829031,0.0,0.0,0.0,0.0004256666178104695,4.774693226170717e-05,0.00103196542450726,2.6350478474037877e-05,2.45515247833791e-05,4.820621818725957e-05,2.2139426140476655e-05,8.80963015603421e-05,1.1475837353255547e-05,8.556851280187383e-05,4.875618143247051e-06,2.385443882227624e-05,6.470951146553988e-05,5.044358244930475e-06,0.0019997558464909765,0.0,0.00048271752591721046,0.0023677690968495423,3.984992574686597e-05,1.5886208041394898e-07,6.105634031180967e-06,6.103895004456727e-06,2.4424043046769036e-05,9.828516594411513e-06,2.4824216130647543e-05,4.743126374388211e-06,1.8556385767201006e-05,2.8030068816747676e-06,2.0450804815708522e-05,1.3051974068745301e-05,2.0854958846506822e-05,1.0000897398655643e-05,6.394741333550344e-05,0.0013881740278256617
0.0006587274451654298,0.08810745452165623,0.009172287295082291,0.03743797049958596,0.02531343267895716,0.028721331659179776,0.02573458098420369,0.02771837212745357,0.00941918728641709,0.014818992527984739,0.0010627006846366637,0.026043081147174775,0.001522432102331365,0.02836470576063107,0.056759759289022514,0.021275245751450945,0.0028819897934512988,0.024383217665907432,0.0362605758392308,0.004815719404379471,0.011034900788952452,0.012034633521017524,0.024251731806873397,0.0019752835727222524,0.031713052737844416,0.02392055346944177,0.017116746749421482,0.009397699631199947,0.00862196397224326,0.0047968188499432724,0.0005295069976303328,0.02811552210090451,0.0,0.0,0.01281897228075496,0.01620949522785496,0.0047931284101203,0.00043755856289161857,0.0027273510807434118,0.018552116683316786,0.00898031705776848,0.011861194737547095,0.01666023385209931,0.00505725724722475,0.009296974230619794,0.0077208592209786035,0.0076233843964781415,0.011734896666599841,0.003322645517912404,0.011708012330475748,0.0,0.01538528228198915,0.0007223156367508339,0.003280568616436399,0.0041037866324066955,0.003807915144319931,0.0011172229136741354,0.0007609538029300648,0.0023260925987765597,0.007138742297688925,0.010223763741081885,0.008188143402011726,0.0,0.0044386336146109515,0.003120617855549518,0.0015005023189501243,1.2471473439889216e-05,0.008449143941760485,0.00975516902650218,0.0064987462122669355,0.0045274798635964964,0.0035745832794550018,0.0025429207986377893,0.00011019545609880774,0.011659144997081265,0.00010456389460468339,0.006275678683903038,0.005313829712070106,6.319033793433956e-06,0.0026882516095863094,0.0027197242283864558,0.007341744793212595,0.0,0.0,0.0,0.001792029657229935,0.0013202432415117232,0.0006845878385023159,0.001371643471113896,0.004820861337944751,0.005883979737458601,0.0011016485811254733,5.4595796177772455e-05,0.0019710798170058177,0.002720190416021709,0.0019922050233662884,0.006308916418728346,0.0005303333697014457,0.000342153312871187,0.004218735709282615,0.0004682603940753412,0.0018918676879032764,9.714819064331662e-05,0.00017833702643629907,0.0010628591940937018,0.0,0.002691342827051157,0.0007203441046157703,0.0005506057739541054,0.0006100033363874857,0.00030072824615567684,0.0007307237850520574,0.00040256070084325674,0.0003764119122866566,1.1828835677606486e-05,0.003574647249343021,0.0019646533907333244,5.910697797869893e-06,0.0029080368599791076,0.0014716920929230166,0.00036224063610380944,0.0005671145339046381,0.00019155361926545558,0.0018893567282722297,3.526339192508227e-05,0.0006210307119399653,7.712831657908383e-07,0.00032574535502848947,0.0010279801787565436,0.0005744365739909726,0.0,0.0,0.0,8.835254775285183e-06,8.555840726174077e-05,2.9443936575689706e-05,0.0008923195768977635,0.00032678383964311657,6.446760727183461e-06,0.0,6.0970907003763174e-06,0.0004129083963355344,5.1586911638489196e-05,0.0004493216275378919,2.9541346474999618e-05,5.643374959824547e-05,0.0003416662147249715,2.7842842899257193e-05,0.0,1.754341229829256e-05,0.0004266273544606189,6.1316435727756865e-06,2.9999666132460995e-05,8.137956017426922e-05,0.0,0.000845506214708635,0.0,0.0001546145294012162,0.00020284021792887054,3.5563653240589617e-05,4.207035491712184e-07,7.678528253256254e-06,7.67634122963724e-06,3.071600813864837e-05,5.0968353249500124e-05,7.677830572819653e-06,3.3438579442785173e-06,3.140887446966947e-05,2.5617283216446134e-06,2.571920979496922e-05,1.6414339794329923e-05,0.00016099759555326292,1.9976284792802933e-05,8.042113521899776e-05,0.0031232839280063806
0.0,0.0971240100321592,0.053590532847001965,0.047188726463148145,0.022063391667964855,0.02366556312438736,0.024252602852893188,0.011181248410814668,0.011760084969554122,0.027932426687313026,0.0,0.009442207788303259,0.0,0.02172843562421028,0.012841847622790475,0.014509805758283352,0.0006951743304563083,0.023738596698544688,0.056120224421630456,0.01682370727460647,0.003511130304075855,0.0075108752947589145,0.03888273431493424,0.01834950043606228,0.031106968245293885,0.020876413705624045,0.022487626304470147,0.004281765584698901,0.0104060295990021,0.0024458710069927294,0.000683500407896693,0.0,0.06240257444234424,0.01748165651823474,0.00010639240582317519,0.010776183183042359,0.0011252409989904858,0.012780340429750308,0.009728517502794293,0.009561518962597878,0.0314575258163393,0.009927422636113485,0.006900034902219349,0.0036090830341131376,0.000232934707203214,0.006975883974882202,0.0069799093804329155,0.003504290744360778,0.007029583682571143,0.011360487625398624,0.0,0.0004894327742180828,0.0,0.008090097231297947,0.0003179434343651701,0.0016075086028613764,0.00021307817209414724,0.0011106416780354072,0.003967575578863245,0.0001979983892094344,0.004147603473595176,0.005133240804546203,0.0,0.0007139832317012012,0.001255611619905567,0.0,0.0,0.0011350521128142316,0.002070719610628401,0.020958104836860277,0.0039112915993485264,0.006486985184176239,0.0,0.0003326734644910794,0.0,0.0,0.0008557107907329013,0.006190910175489374,0.0011039014875378376,0.0034238151215912403,0.0011784140610294788,0.0016391202251276732,0.0,0.0,0.011027540027339066,0.004780556933897301,0.0,0.003317973125448749,0.006060229459879748,0.0002030991696643278,0.0010180176923047382,0.0013092037803016016,2.9070975011381238e-06,0.0,0.000749246140575859,0.0015240746453379233,0.0022852146202817034,0.00017345207794844042,2.7565246393822098e-05,0.00033475744535509366,0.0,0.00010804166036414747,0.009007273092381295,0.0013565179795027003,0.0006921066559546055,0.0033136338162368674,0.0008748765585419097,0.001972002622640908,0.0,0.0005222799580400631,6.969914595998005e-05,0.0,0.00019537860437131142,0.00041069087542582034,9.363389577144761e-06,0.003427475090402935,0.000599065700407067,2.09895044418217e-06,0.002249298305588429,0.0033148016005923346,0.00017964440741211087,0.0001583105113845219,0.0008703325733882169,0.0,0.0,0.0,0.0,0.0008314202823885099,5.058738985783852e-05,0.0,0.0,0.0,7.465712517536756e-05,6.993751095125822e-06,0.00016050901331121612,2.826214725042905e-05,2.4388587484508606e-05,0.0004530241785957973,5.103083164265419e-06,0.0001111819432921154,4.826293734292677e-06,0.0007690728201083015,4.7531747909707164e-05,0.00011592841983323207,2.623172297778428e-05,7.640785646868889e-05,0.0014346234167764004,2.2039648880618823e-05,0.0021538207316859972,1.3886895408680177e-05,0.00021352446535259807,4.8536448628485634e-06,2.3746932397943884e-05,6.441788070240252e-05,5.021624492021666e-06,0.004614859267831323,0.0,8.679726805043954e-05,8.113976931389126e-05,3.507653557761606e-05,3.33017664184399e-07,6.078117354395376e-06,6.076386165061332e-06,2.4313969548278447e-05,9.784221749186746e-06,2.471233914486126e-05,2.6469084089302006e-06,1.8472756439459257e-05,2.7903743796287986e-06,2.0358637780598788e-05,1.2993151848148809e-05,6.267617469948194e-05,9.95582567311833e-06,6.365921717192054e-05,0.002376489111543267
0.0,0.06771626172625435,0.037211303362401055,0.044632567694919176,0.02221038291375607,0.029965811005929325,0.017174467521714747,0.010965046280717015,0.007281826651394746,0.11913986625529553,0.0003558889133290218,0.011627166191307955,0.0012869764467406991,0.028310422734656823,0.003567818246537556,0.009687722600669578,0.0013046783015423773,0.01813564331443444,0.035202110120185925,0.06954857657582197,0.007231867864607229,0.016604042118603102,0.02689136467872398,0.005791753143988062,0.01764324715446653,0.013679341957847028,0.01450493723787061,0.003519700939139125,0.016982208641005827,0.006721461392194344,0.0012841603662961487,0.006829671993718868,0.004946497656412063,0.011838344425237141,0.0015251399174767014,0.007021254422066972,0.005208516381815501,0.001382926001732771,0.0036976229680487794,0.003540121692273928,0.04646598710779378,0.012231260389046874,0.010200458663815467,0.0030993175345537254,0.0016887384151387146,0.0024087233811459843,0.002395245067856713,0.0029967534569478806,0.03139705261753342,0.003426938239250332,0.0,0.0022988802591465715,0.00019064146168549481,0.005999986493530021,0.0005986879649884781,0.003057478956037217,0.00026571792946304907,0.0,0.0003349957439350423,0.000345748875065748,0.0031813276535085106,0.003295150029686604,7.977587151792781e-05,0.002444395586737761,0.0010600361778191842,0.0030587785785523474,0.0,0.0019025959332387987,0.0006641895189054775,0.02980827359091876,0.002738975995182056,0.002332324805183001,0.0014332725903189205,0.0,0.00018483504771072578,6.629141195239011e-05,0.0012703113941790328,0.014100774558576997,0.00012106763415077224,0.0038481950086988407,0.002351941923646683,0.0010900345234037276,0.0,0.0,0.005148057293758678,0.001228126481320257,0.0016656788028114244,0.0031268970996248145,0.013732944784235795,0.0006596905315516286,0.0013999044926657337,0.0021983863110942394,1.3760242040485582e-05,0.0015504724792348656,8.698082034307827e-05,0.007907502922708459,0.002114689231149226,0.0003493319007490067,5.232483891088104e-05,0.0013786572861757206,0.0,0.0006324530729955517,0.0011402934280109148,0.0008582526972898164,0.000865280504496636,0.003470220302239528,0.0012514408057608065,0.004976850907824268,0.00012155779425344574,0.00031117602039118215,9.739131648036479e-05,0.0005325694378694426,0.0,0.00015959974045828942,9.681200460424987e-06,0.0014790067931160769,0.0010137710062511401,2.170192731938221e-06,0.001286179877753484,0.0026738301579089037,0.0007517072226339424,5.685485808241677e-05,0.0028594811183644225,0.0004060654911356183,0.0,0.0005347862672371634,6.328028383752843e-07,0.0005928936987776373,1.6492705256006336e-05,4.472642343294202e-05,0.0,7.084781522740397e-06,0.00011900127634040997,0.0,0.0001250969200317816,3.091369914299432e-05,4.277569742194986e-05,0.00010024727894605956,5.2762913122897586e-06,0.0,4.990107133492618e-06,0.00038694910958217757,3.5724318630296876e-05,0.0004045471799120593,2.71220765170497e-05,1.1702691901928515e-05,0.0011103013372940913,2.2787715616518904e-05,0.0009003655633389298,1.435824250574271e-05,0.0022036721376410724,5.018386610298187e-06,2.4552947516550936e-05,6.66043435635701e-05,5.192067780978322e-06,0.006747599789410419,0.0,0.00012654282247416668,0.0003457204964992411,3.23714742509588e-05,3.443209040133494e-07,6.284419979012893e-06,6.282630029888193e-06,2.5139230963978636e-05,6.294296552691757e-05,1.9853920226549402e-05,2.7367494106820986e-06,2.5706300963572353e-05,2.8850848836579134e-06,2.1049647868572427e-05,1.343416362400546e-05,0.0,1.0293744941016882e-05,6.581992957971347e-05,0.001468058573819497
0.0,0.12444654087560274,0.030030874531845515,0.03612063664848617,0.037687887774236484,0.13869450175642395,0.03365837494740981,0.025671899891412428,0.011802909177954709,0.01890162486498407,0.00044707351476177203,0.02543593761236756,0.00018363054277153982,0.012260321123131883,0.03752207111318336,0.029625233117338615,0.0003512875778203427,0.02658664218019476,0.036979737998703154,0.0,0.009158764372978795,0.003865698521014728,0.019391906376712603,0.0,0.039644868007949974,0.026867804930007202,0.0015493544559786899,0.010126526149825364,0.006271968226762783,0.003536971404895283,0.0007590184388295254,0.011015901683261426,0.0,0.006532614981343427,0.0018038884594664864,0.015939799473362003,0.0020068217938896487,0.0,0.0016789541859949255,0.0021160190058601737,0.0,0.009460266314616998,0.014248370022036473,0.004341383268209553,0.0009383339974330896,0.0202817261853741,0.010798642031181267,0.009007635428211523,0.0,0.01077585365883977,0.0,0.010315321586888032,0.0004863941035059552,0.0037715815912260017,0.004214590292264224,0.0021693301912105,1.9650399650224027e-05,0.0010927989022995277,0.008737003814610211,0.0024200039869997263,0.005755103302916283,0.005470905427966797,0.0,0.001977764550781059,0.0024718793530229457,0.0011097516997211915,2.3798548182308064e-05,0.0030480281022801066,0.001608926295271147,1.1436384835250494e-05,0.00597292339912649,0.004278229884920195,0.003674671507628372,0.0004958943115233651,0.002567522062205154,0.00023830566793924476,0.0015378421175317883,0.0,0.0005090127204938561,0.0008707462912184134,0.0023238138672718902,0.005408846299091112,0.0,3.434949375943231e-06,0.0006835146009473201,0.0,0.0030935399623797954,0.00038703728318966444,0.0,0.0003410470055401345,0.004072465570959433,0.0009256359569774835,0.0001425351729619649,0.0012441363844175155,0.002909893641179291,0.0,0.0033843427479033684,0.0007716154690058786,0.00020768790101783713,0.0010666678405625604,0.0007828781151425656,0.0006347380404545863,0.00045387718749825953,0.0006591961282957664,0.0009545346720320984,0.0,0.00017137392644477924,0.0,0.0001830843364157766,0.0020125900050117483,0.0002383922810661426,0.000539774317269417,0.0003143073320785248,0.0006245482566527962,1.1840795620841523e-05,0.004880527121250015,0.0026907942703244094,5.916674008214568e-06,0.0,0.00011878557376951302,0.0006998471697538806,0.0013912603353636423,0.0,0.0004050816078891306,3.5299046166733226e-05,0.0009365099331266108,0.0,0.001072465518919,6.397201989337206e-05,0.0006816540567714057,0.0,7.097036408845458e-05,4.127927716106447e-06,8.844187957591498e-06,8.623585244233703e-05,2.7403912559972804e-05,0.0003127656148780079,0.00021519926551270114,2.1888302397871918e-05,0.0,3.227187443811716e-05,0.001557700200089184,5.1639070325251175e-05,0.0010344108524789307,2.957121524962436e-05,5.649080884398451e-05,0.0001923284592914835,2.7870994344560265e-05,5.746920868201874e-05,1.7561150156941968e-05,8.898963986786408e-05,6.36803048986085e-06,3.002999830663208e-05,8.146184172307957e-05,0.0,0.00011196670699031883,0.0,0.0002766382366079806,0.0001327589752527325,4.0364231766182514e-05,4.2112891568268256e-07,7.686291888202289e-06,7.684102653319289e-06,4.542062058158222e-05,1.2372973386037474e-05,5.091073025242714e-05,3.3472388646234767e-06,2.3360358100140124e-05,2.5643184434575704e-06,2.5745214069403447e-05,2.490289654043621e-05,6.0018305966361825e-05,1.9996482489235654e-05,8.050244771993455e-05,0.004156583474787904
0.0019798400693626103,0.07928320069190511,0.04322556697058313,0.018346312844083345,0.03525035479004955,0.06509456948149638,0.025360825899593833,0.007537872988555039,0.009195144770555476,0.027029554215514087,0.0025788710902649435,0.055606903430570565,0.0018814236425642814,0.028752802485027342,0.04745056692296326,0.01971789316246644,0.004469875303527289,0.011731235889984456,0.01824876483691061,0.0024023802415229644,0.018920094424597408,0.006895947187035429,0.0241939237265231,0.0017619291540913163,0.020496427781196643,0.015052172395466279,0.01266876918361765,0.007952348521206852,0.003383766450856685,0.0063406308680198755,0.0009349143173929567,0.02007130445396791,0.0,0.011124357887075189,0.0029063122272016714,0.022055666832508217,0.004040014220000092,0.0,0.0,0.005402672141086044,0.0,0.011197161070803348,0.021383220092340043,0.00834379656630492,0.007117814293944392,0.007097882899836476,0.015591577092966356,0.020242825846490356,0.0,0.026191026220139666,0.0,6.047244824904007e-05,0.0022699201791279867,0.00261887586294419,0.00812853095681035,0.009839163412664033,0.002110957000340849,0.0005159230091891692,0.0013124995689812872,0.002666202977236707,0.008033399285963723,0.0040711930720047735,0.0002623664035429183,0.010664489453388888,0.003511428426558487,0.002703154043773307,0.0,0.00389890740780105,0.0,0.002269637770469985,0.003450609667703868,0.0038323369779540914,0.0050283657294301065,0.0,0.004378744682047157,0.0,0.00584745745600493,0.0,0.0,0.002355364660906586,0.005618880152953172,0.009197095106591398,0.0,0.0,0.00550295113879868,0.0,0.006078870807697726,0.0005316263023104077,0.0,0.004105430831048198,0.005438586408985948,0.00037210763531463856,0.001308671319387575,0.004804926391631385,0.007873256413919656,0.0021761486726328124,0.0002889401383523791,0.00431274166996425,0.00039421219135058166,0.005470401850672755,0.006235748557172851,0.0029560811622111635,0.0,0.00150646932927721,0.0013789229434911373,0.0007830642741736356,0.0030382191742968612,0.0,0.0009305222256512589,0.000493594001981092,0.00018391194236986813,0.00042473576295279434,0.0,0.0001531154862506292,1.0867334355965081e-05,0.0005389680497672352,0.0016159692557228857,9.870174470758426e-05,0.0,0.00027518610858224407,0.003456467436976562,0.0,0.0,0.001825992882042504,4.6472151985569067e-05,0.005520360098300135,0.0,0.00030192973391323405,4.2624350273096536e-05,0.002999831100168992,5.68559767064284e-05,0.0,6.31236131602718e-05,0.0,0.00017610809529492933,1.1362377384483263e-05,0.0007159565917599814,0.00035977725333392565,5.922738826090735e-06,3.062388947256043e-06,9.98004789569718e-07,0.00025897897865172545,4.010123711222339e-05,0.001378985094199482,3.0445054323966475e-05,1.1613303352505061e-05,1.8559700426250524e-05,2.557965056355076e-05,0.0,1.3259056831818141e-05,0.0008312250921103082,5.633235820758389e-06,2.756115743884807e-05,6.367360385920206e-05,5.82819628674936e-06,0.00031830182976679114,0.0,4.777176246630655e-05,0.0005040499485032797,3.633760458930117e-05,2.6710170973173777e-05,7.054382710534448e-06,7.05237345809744e-06,2.821927192336986e-05,0.0,1.650777524625618e-05,1.2025828882303354e-05,2.8855818941894398e-05,3.238563461650996e-06,0.0,1.5080107936160021e-05,1.594790182894389e-05,1.1554927357029834e-05,0.00018356315727544387,0.0
0.0,0.06874853816812582,0.044348331864532395,0.005940155286183195,0.056227866547212034,0.07032430239231204,0.017397987922759144,0.003098083152008116,0.003862887689940521,0.07451912726428797,0.0,0.03898691526770381,0.0,0.009072493539192856,0.016906454518843216,0.012666887818047088,0.00018469865111027367,0.025424632747080587,0.008629498250873812,0.09043697486573496,0.00392903978743157,0.0,0.010645305095886078,0.00027597128906825156,0.021854513098713155,0.012047465503001821,0.0,0.0020877513233829655,0.0,0.0006879079222026255,0.0006755489318463748,0.0,0.0009739569627059453,0.0791289305195297,0.0,0.007391399503686558,0.0,0.0,0.0010817028559304109,0.003392195068812118,0.08397143552320857,0.008214849942226154,0.001366592509337588,0.002397842924053107,0.008729103625245378,0.0005784772016701223,0.0013361015449876038,0.002548825055737382,0.04642678687206363,0.004213567966265074,0.0,0.0,0.0,0.0,0.0014372169035699804,0.0019228619048991694,0.0006513043617265811,0.000317651354304131,0.0,0.0004551151889113256,0.0022661210750044044,0.0006366560145425495,0.0,0.00017680627763992464,0.014957729981609425,0.0007561247007302585,0.0,0.0011055636071395575,5.916682975465185e-06,0.04002632624151689,0.0015967573985669096,0.0033317851980055,0.0007149575371574689,6.730623340008512e-05,0.0,0.0,0.00010376545990807266,0.012156921675716727,0.0003118588394656249,0.0,0.005365968197211948,0.0,0.0,0.0,0.002921583037330736,0.0,0.0025913266638377093,1.0121085450096079e-05,0.0159511036908933,0.0,0.003349856997681677,0.0026523321692961148,2.7809473115647424e-06,0.0008544362468990491,3.1246859421794634e-06,0.006983105774440191,2.368165868587335e-06,4.8447113997879006e-05,4.613599555414309e-05,6.319401136238323e-05,0.0,0.0012170155524561619,0.0,0.0,0.000545262103633361,0.0056977416279433155,0.00013868737459887982,0.003996489035304993,0.0,9.375050168617137e-05,4.3047292844147494e-05,0.00024094418318674717,8.378713101923664e-05,0.00032944645825717174,8.957075936221538e-06,0.0013565565262734327,0.00019221693108283097,2.0078688769712144e-06,6.367774348485004e-05,0.0025406726413381804,0.0001398842969661251,2.267685634052642e-05,0.0,0.00010800545190144086,0.0,2.9733025149774527e-05,0.0,0.0006030404866971515,4.839220761228587e-05,0.00021924605033289663,1.7477377352025309e-06,0.0,8.027918397945379e-05,6.690265220939021e-06,0.0001924199725189847,2.7035743515433355e-05,2.7313666276910035e-05,0.00020482834010909854,4.881640674521342e-06,0.0,4.6168622070461764e-06,0.00043797314406246836,4.5469161771052975e-05,0.0011727206103754443,2.50934271947263e-05,9.571918613295147e-06,4.590653743183146e-05,2.1083263385005986e-05,0.0,1.0928381790340642e-05,9.04420277535487e-06,4.643026464487138e-06,2.2716461275935045e-05,6.162254003724007e-05,4.80371680870975e-06,0.0033278204445730563,0.0,5.68260025859024e-05,0.0006071431105829102,3.355442921174378e-05,3.1856674141634614e-07,5.814364364959675e-06,5.8127082986177535e-06,2.3258892494070276e-05,9.359646574805877e-06,2.3639975295108904e-05,2.532048829078064e-06,1.7671152184401295e-05,2.6692892571542103e-06,1.9475197849714845e-05,1.2429328801911798e-05,2.801758656893936e-06,9.523803941638145e-06,6.0896797847770985e-05,0.001060085861954886
0.0,0.11167524152748905,0.04306776428406601,0.00864565035246071,0.05918048862777459,0.0717438609945191,0.018921672737998066,0.000776749312848643,0.0029814577745800527,0.05956872100043384,0.0003667963968129253,0.03602064405372034,0.0013578238940922538,0.011359408755724465,0.025791138654934577,0.013180102422552267,0.0009782713691503543,0.03333678293691805,0.011138210349290422,0.05004280810254051,0.01248850958440168,0.0,0.019241142117019536,0.0014802919546402066,0.04542545648913706,0.018227565183757538,0.0,0.004644193744600083,0.0,0.0016409926193929826,0.0014399553442051296,0.003023735422529589,0.00617861391089382,0.03236807871617464,0.0004881723397892956,0.014167666535705488,0.0008726140158796726,0.0028953459660307867,0.0,0.010505550250971482,0.04179288261841517,0.008301652687134804,0.0038224851533119257,0.004382618792623791,0.007857518816670926,0.001168670900273731,0.0006636970896952747,0.004750260910984034,0.027433742787424754,0.024660966513202688,0.0,0.0,0.0006193644576530306,0.0,0.0034822258444555942,0.0038530792715236943,0.000631106036775625,0.0004308172758233206,0.0001999264455076702,0.00025957945206268044,0.00258105619432276,0.0010648381868323834,0.00012086310864538555,0.0007599076379283849,0.016694602290177014,0.0025741684644313002,0.00022110152792929443,0.0015450671767378709,0.00026841847226931814,0.020030451140639945,0.00335665791088806,0.005142273966543812,0.0006342404046407722,6.73969499268841e-05,0.0,3.460658764282883e-05,0.0011436792949863822,0.007524099889495155,0.00044736206789595007,0.0,0.0031811072450105855,0.0,0.0,0.0002963707157489971,0.003541187519305011,0.0007425160183211885,0.0037024811127897204,0.0010478388638917476,0.010413657417177412,0.00028101740075112363,0.0029024668499910643,0.0029522977332408005,0.0003473368500730471,0.0027405940778861726,0.0003427598563528604,0.0016659349634104066,0.0019251633093586844,7.802165380385756e-05,0.00012662814191239058,0.0008807828974877416,0.0002058190110611641,0.0017477120193386787,0.0,0.0,0.0005490202609469996,0.004689187936366825,0.003860877139246869,0.003100991202581813,2.4398056305809203e-05,0.00021694542214064567,6.027371200725752e-05,0.00018930692034126376,0.0,1.9384774902567978e-05,9.993399068881267e-06,0.003745345591595544,0.00013505501746507106,2.240176940380415e-06,0.0006201466596623686,0.0015027629850943459,0.00028938269971639824,0.0,0.0,0.0005731924193570938,0.0,0.000271891033100441,0.0,0.000385283033471791,1.7024560747652537e-05,0.00025154313946681783,0.00015564301495225614,0.0,6.240900721463153e-05,0.0,0.00019280254250111654,6.664750905336973e-05,4.617456786812572e-05,5.097664120292052e-05,5.44644074905026e-06,0.0015185995268456188,5.151027724848264e-06,0.00025862746606476696,5.072989021653124e-05,0.0005149184294445018,2.7996707156264455e-05,2.6035981387363877e-06,0.0003138071128940255,2.3522572118505057e-05,0.0,1.2192782687743869e-05,0.0,5.180219156048608e-06,2.5344729081192845e-05,6.875219531632452e-05,5.359501183773594e-06,0.0003997297378405287,0.0,0.0005672477677824568,0.0011316644473385138,3.341538706488518e-05,3.5542453806522163e-07,6.487079471544105e-06,6.485231800277588e-06,2.594991895217784e-05,0.0,1.5180243873207633e-05,2.825003895361056e-06,2.653527578153964e-05,2.978122879269948e-06,2.1728455295391736e-05,1.3867387500149057e-05,0.00017472012923617776,1.06256968368098e-05,6.794248561059798e-05,0.0007005728567857644
0.0,0.054551924445676504,0.04174355892143611,0.021007305772475292,0.08899879847188809,0.17737914311412636,0.00859023515372809,0.006403833350322804,0.006769054558125192,0.06963144307820324,0.0,0.03498649381872028,0.0,0.03136563113554978,0.007912420890459891,0.012122550151789953,0.0003944191416111228,0.017823320658169287,0.006037930158048395,0.07047007854149155,0.0033067109564036672,0.001748045549072905,0.005437122887101187,0.0007524418349200995,0.01121842228832801,0.010372906359477525,0.0026111880401676873,0.0008799686687851112,0.0003369507939245054,0.0010258232564908474,0.0005725789022539816,0.016278246948779065,0.0,0.043721734868366696,0.0,0.008923020843258694,0.000772927364476505,0.00012391398692001142,0.0019457536894679852,0.0,0.059177028628889385,0.007177527052751936,0.01716712025092733,0.0017645121062476634,0.0055800226297395665,0.0006699950692340851,0.0,0.00033271022921171005,0.04433273233445573,0.00019598953689447396,0.0,0.0,0.0,0.0003033510081802326,0.0,0.0020249259824876424,6.917543863387826e-05,0.00023490973556560297,0.00015015136614632743,0.00021818915759280714,0.0014932282605287085,0.00010847132734281098,0.0,0.0,0.015300149870743109,0.002169702866336357,0.0,0.0003815437115441096,0.00036333212133934104,0.021847290049497158,0.0006225664170295648,0.0028463381805219038,0.0003832763257210797,0.00012030777037960014,0.0,0.0002489154391260223,0.0002385242795784446,0.0037262979035230454,0.0010943061796231932,0.0,0.0,0.0,0.0,0.0,0.003482952372607673,0.0,0.00585750611423836,0.0008410313021020997,0.009381940823823825,0.0,0.0008954167747660813,0.0014109710402183285,2.731057401354963e-06,0.0011430652277707415,0.0,4.466166860052203e-05,0.0006675997566428866,8.354326884493595e-05,5.4348646949604486e-05,0.0,0.0,0.0016447771028422697,0.0005505588550132697,0.0001727666105989925,0.0003264345775792611,0.0005979650375133493,0.0,0.0035753873692068315,0.0,0.00017446108679401072,3.060955549687017e-05,4.027403125260015e-05,0.00011597982640632711,0.0001228882606989655,8.79638691045613e-06,0.0028070335630958182,0.00013532372921702419,1.971847914772998e-06,3.359508262990655e-05,0.0008716829258058643,0.0006785981770552116,2.7462142562899053e-05,0.00015127574594676543,0.0,0.0,1.0558851885864692e-05,0.0,0.0007898046383799769,4.7524056359441204e-05,0.00026717938847814124,1.1205741422484548e-05,7.699554040195252e-05,7.883898363340848e-05,6.57024254745498e-06,0.00019938260697624927,2.6550725043191726e-05,1.5424805831509993e-05,4.4363277371774605e-05,1.626056076551572e-05,0.0,2.39743935267048e-05,0.00039930372383632795,4.4653449661500134e-05,0.0016931871601704933,2.4643253678531155e-05,2.291738419511806e-06,9.631707217494374e-05,2.0705031797218283e-05,0.00011219641756549816,1.0732327739265683e-05,0.0003292399228098106,4.730734474278215e-06,2.2308930285100612e-05,6.0517037974481954e-05,4.717538620700539e-06,0.0,0.0,9.474101579522062e-05,0.0005614094068788063,3.295246618513312e-05,3.1285168667259374e-07,5.7100552632055815e-06,5.708428906524378e-06,3.3742441398564485e-05,9.191735472977199e-06,2.8795373530111225e-05,2.4866241321756246e-06,1.7354133522409072e-05,2.621402481015175e-06,1.9125814793085386e-05,1.8500067071098393e-05,5.507614145312449e-06,9.352947873445855e-06,5.980431552563057e-05,0.0021604053551901696
0.0,0.09180410139046549,0.019000059405553566,0.014365650558624215,0.03345820220155428,0.05187948673668699,0.019374392783604116,0.01906212584411626,0.010038421382500455,0.028249938492177884,0.0005000273551215036,0.03848763193521135,0.0006552746365504674,0.02230562985232545,0.04708208184030312,0.016850929497030497,0.0007560390652660366,0.021719237283673965,0.013655160325628071,0.017437273159042085,0.0161581884617864,0.00780318302030687,0.018309916291020894,0.0017309649325960726,0.0300643885262803,0.021270516906337432,0.021051818150303842,0.00829064968310318,0.0,0.007102360651885908,0.0016768722326024705,0.012691510739992888,0.0,0.03648653264433378,0.007838028023101924,0.013634206764829855,0.005879025611583598,0.0036102123520331294,0.0,0.01829808479669659,0.0,0.011609432747710108,0.016117860046525902,0.0061515686218801035,0.008731732799553126,0.0018794958651677425,0.003745464398272693,0.03819205585378813,0.001345099980190398,0.017208000787462388,0.0,0.01442973977581312,0.0006473062165784658,0.00980447744867763,0.012648576578958582,0.010031641944077692,0.0012989125494700282,0.0005789816843743303,0.0,0.006011171352589993,0.004499729252909803,0.0038104226864525983,4.760126723299724e-06,0.0029132423596369915,0.008768465598648273,0.002839732011871193,0.0,0.0022822300626070893,0.007338840394987482,0.0005496890524069801,0.0052213926968572135,0.004422322757676471,0.011167107402606733,0.0,0.0014304376652161082,0.0,0.004296395984999601,0.0,0.0,0.001078321717805357,0.005907804234765612,0.004928214507988233,0.0,5.4958351340641115e-05,0.002922739540038928,0.0021621498341969133,0.0023247279764134986,0.00025092497637863996,0.0,0.002274995303366869,0.006361134551979002,0.0012750294809418777,0.0,0.00593870198265444,0.0013551507837559881,0.001753090174219663,0.002784913048275095,0.0008059539155462889,0.0008074054034851837,0.004550199438086105,0.0003832340808456217,0.0019348442431407448,0.00027319273500756003,9.819031942444896e-05,0.0009824392110177797,0.003227505912698715,0.0034202978434451437,0.0007388219717560843,0.0004440417847639206,7.040297269988209e-05,0.00025050508230845935,0.0002094385435852868,0.00010396507791376744,0.00010372035367271164,1.0219100674518125e-05,0.001748851924806038,0.0019231344040831898,2.2907714907300516e-06,0.0,0.00011581518732788204,0.0012977353666476655,0.0,0.0033740399871633195,0.001612373422304414,0.0,0.0018731191729245453,0.0,0.0007140037471397699,1.740906162363302e-05,0.0005168217729961312,0.0,0.0,0.0,0.0,0.00011536280855048118,0.00010881305557700481,0.0006126931535231314,0.00046233583305109314,5.569448988148258e-06,0.0008596543842879032,5.267364040466687e-06,0.0003275680236798271,9.330042724248589e-05,0.0007297419649924843,2.5521192610727645e-05,2.662400581858648e-06,0.00012255447645595347,2.4053831028437662e-05,0.0,1.2468157523756812e-05,0.0005311424930246804,5.297214762149413e-06,2.591714153151409e-05,7.030496837852251e-05,5.48054588680733e-06,0.0,0.0,4.7975079212774836e-05,0.0006197964150353243,3.06392571928058e-05,3.634518257149121e-07,6.6335906077981e-06,6.631701206748886e-06,2.6535999657379633e-05,0.0,1.5523090725667573e-05,2.888806802732066e-06,2.7134576811012167e-05,3.7854438493741914e-05,2.221919395341749e-05,1.4180583401083143e-05,0.0016714643808956673,1.0865678931045022e-05,6.947697132337436e-05,0.001706868386584764
0.0,0.07048065982706551,0.06302460384161386,0.01510377224006951,0.12582634803558754,0.1385935371683334,0.015684333045470993,0.009260624269128806,0.009611277008486475,0.05114140790113803,0.0,0.04760446698723122,0.0,0.03695910294451783,0.03012199126365362,0.019175230368696873,0.00046034166206253486,0.017358376975299263,0.01041696996884104,0.006084540098004221,0.0033530002325834612,0.0012065064376661474,0.013862926535817246,0.003552241855524687,0.015398981472133822,0.014936880680287775,0.024204910852259356,0.0022332480781019526,0.003078352178817056,0.0025522434436949697,0.0007528721027107491,0.005177442068682651,0.003057629980615962,0.03030069094966902,0.0,0.009148005531054998,0.0009506891045902936,0.00232240120339774,0.003129317509935004,0.008690379877272976,0.003971155894091616,0.004874945420119416,0.023229411770605005,0.002773595934914297,0.008291021148960936,0.0008930372067929782,0.011287201529259504,0.010040489231930771,0.0008396536656038289,0.00413052964726138,0.0,0.005394731845457904,0.0,0.004535547364372194,0.0034832058379133026,0.004388728606483891,0.0007988696786630591,0.0003752163445769344,0.0,0.00026193059864355216,0.00209141207605423,0.0018454689847301382,0.0,0.005209790359610502,0.009958973665470553,0.00026225554997333145,0.0,0.001482710637399431,5.878776377809112e-05,0.001212692032437606,0.0021087707051927742,0.003180535257473513,0.003461895005632165,5.0856580180485105e-05,0.00013674721295524951,0.0,0.00013724342199062877,0.002397037726163816,0.0003366449571902666,0.002769436254081984,0.0034513603544189856,0.0003109275025861394,0.0,0.0,0.0042209289045752225,0.0013347081553643544,0.008816357191088486,0.0004920068526345932,0.0017886470609856852,0.0,0.007103290745980484,0.0009008950919976465,1.3782823469620178e-05,0.0025883096234251652,0.0005585541823201386,0.002511837321857196,0.00014107455955939425,0.0006382550468761699,0.0,0.0001137735447802254,0.0,0.0016327353623224012,0.0,0.0,0.0009048156481466895,0.004383156203859472,0.0008750403210885025,0.0009418622517370879,2.5095840895413124e-06,0.0,5.084835196216191e-05,2.5550550338077553e-05,9.312046361304673e-05,0.00042522397437604926,1.0580283210973738e-05,0.0013987368590681621,0.0009283294909428833,2.7307530598450384e-06,0.0002276964158995201,0.0009205755344650358,0.0006287017056390129,2.6786371370046278e-05,0.00043821379934889693,0.0001851867025769303,0.0,0.00042033771021880446,0.0,0.0007596150643326238,5.043346383258555e-05,0.0014677874342965797,2.064463933164901e-06,0.0,9.482743123943959e-05,7.902679546102254e-06,0.00021281998705313706,3.1935178985788245e-05,6.051770316592764e-05,0.00026334153238052275,5.76629485318759e-06,0.0009308975178815538,0.0,0.0005495619422786367,5.3709113591177e-05,0.0012226766589028728,2.964087480608671e-05,2.756500114277821e-06,8.427920346602713e-05,2.4903986436338617e-05,4.865530629420024e-05,1.2908830426665754e-05,0.00027018288450534684,5.484438816876075e-06,2.68331535382627e-05,7.278981783966003e-05,5.674249572445185e-06,0.00042418921262791983,0.0,6.712404867251791e-05,0.001223052118834359,3.96351852513801e-05,3.762976187521087e-07,6.868047352852687e-06,6.86609117306383e-06,2.747388450350281e-05,1.1055807969161913e-05,2.792402738389472e-05,2.9909084065398004e-06,2.0873530168379123e-05,3.153019636519328e-06,2.300450619230225e-05,1.4681780056674865e-05,3.309495229225448e-06,1.1249714043490202e-05,7.193255616660848e-05,0.0011219931413888253
0.0,0.07768348765470301,0.05937238562386536,0.03956196991891107,0.022062417295860115,0.04559464953350302,0.021671028417418307,0.027686044674550693,0.02865471921231027,0.02544837130913892,0.0,0.007872917050285807,0.0,0.022132354975406814,0.02501950468785683,0.018535819294546816,0.0007044851916979684,0.0175506994967896,0.061222821084821875,0.00965320709414397,0.005549620403785599,0.010530269371627293,0.03312706507977412,0.019518051540336142,0.020029812998818106,0.02357942265528428,0.01628301130423597,0.005673285151888558,0.012696124088388367,0.0062504046211650085,0.0007751411002229477,0.011641967436649317,0.013832507984377223,0.00461788113057803,0.0009596190690309703,0.012677962160804843,0.0030756403799367636,0.009666760080865729,0.007639847792738843,0.004393199276678807,0.007695585666368885,0.00862302052308017,0.008483247144239396,0.004805770775557403,0.0007015127742189218,0.0041854286758760345,0.018227980570854164,0.017687466346701083,0.004093261189779926,0.005832811539106151,0.0,0.015665129006018418,0.00015844697817792738,0.011835131254786524,0.005156792942798636,0.0056618709176871635,0.00032020014080175896,0.0009998095574107432,0.0012645838145162057,0.0007199699606009931,0.004024474565121669,0.003608704380078512,0.0,0.003970616244203233,0.0,0.0006175420689603788,0.0,0.004116046694279989,0.001345567466240927,0.005808467058707138,0.005305868714775996,0.0030284044016732686,0.013375659114888302,0.000328616787050875,0.0005392457267283388,0.0,0.00040970967803926055,0.0016528489575578236,0.0005501116990391658,0.003836119399174288,0.00504511984486449,0.006751717825060736,0.0,7.1293345964506505e-06,0.009728596940159802,0.0009336235472271648,0.001389731879557544,0.00039761029352370546,0.0024084274951650794,6.425793865531258e-05,0.0014096424615885942,0.0008067083556207808,4.120409050077785e-05,0.0019182971813791402,0.0015065738654813031,0.0006021604016206288,0.0018324577824173742,0.0011062263051247261,4.8810051282453356e-05,0.0028130638917015648,0.0011011521973930526,0.0012263082886579773,0.013339582656260035,0.002074741262674173,0.0010721634843550358,0.0015530255164546316,0.0025766347153221136,0.0003284511871730565,0.00017621050113736546,0.0004156336507176643,0.00019501794955609127,7.45791596262602e-06,0.00015992825905223408,0.0006297455288089819,9.86522929918691e-06,0.0032096960187338584,0.0019584851910722173,2.5461988642124676e-06,0.0018917490304748742,0.00047989422297759117,0.0009382441733262094,0.00037521913627367224,0.0018274371434987098,0.0001675172305021822,0.0,0.002483268016996044,0.0,0.000877450191951214,4.7024987435559983e-05,0.0011476910745315328,0.0,0.0,0.0,7.36858780107437e-06,5.574612485346147e-05,0.00011601342587934283,0.0003218941166011041,0.0007125069300417308,5.376587733910149e-06,0.0008163479091643428,0.0,0.0015145391841945614,9.006958026691821e-05,3.0005232779819937e-05,2.4637433871392503e-05,6.953415525426134e-05,0.0015206533960768667,2.3220884711621062e-05,0.002085017189518703,1.4631176704946134e-05,0.0004648048636188943,5.113780550763193e-06,2.501967170412704e-05,6.787041795719607e-05,5.2907632070685574e-06,0.0009424510948124572,0.0,0.0,0.00012499657007114577,3.354794000203455e-05,3.5086606092710786e-07,6.4038798038308575e-06,6.4020558297667705e-06,2.561709974694418e-05,1.0308616369591709e-05,2.6036820338908747e-05,2.78877196905066e-06,1.9462821295839762e-05,3.654359885737606e-05,2.1449778231478962e-05,1.3689532112817319e-05,0.0006795564494349493,1.0489417568161676e-05,6.707109313711125e-05,0.0033331728587787375
0.0,0.08676652027596822,0.05386188609326933,0.046775834086681595,0.029616114494510664,0.05142925465241532,0.022750700115119763,0.021466047185389452,0.01970133370068476,0.03595431904805746,0.0,0.008291927928483173,0.0,0.022907591955059533,0.02049158230447568,0.015305403453155364,0.0007058509476857448,0.019503717210888963,0.033675706649128966,0.016273607150831034,0.006443927311553785,0.01601812863369945,0.030894090064399048,0.011284701906962883,0.01255935227633447,0.020572563194892746,0.011100915285848022,0.0067178789308723385,0.0108692927867134,0.006727448465372021,0.0008321324297518551,0.016270186752022273,0.012317145075073428,0.0001000687732219741,0.0045353801597013904,0.011707619055336422,0.004760920077703191,0.0067690366395578485,0.005757004237984062,0.0026447831512772125,0.016749549747830727,0.0063716659107107745,0.011280172827160937,0.0052582768143877336,0.006515290225862424,0.003245154970655601,0.0075912128970567466,0.008357787454807027,0.009578984404469984,0.013237121992008336,0.0,0.015000312304041538,0.0002544189095942153,0.006959909636184996,0.004175889083967197,0.005261376234884637,0.0008438213372880432,0.0008755510649011642,0.0008524204073412313,0.0017301117488861533,0.009269787091860123,0.0038760768065124085,0.0,0.003938035309022479,0.0,0.0004143156035859912,0.0,0.010069675154559867,0.0021375260028436926,0.010023361606748833,0.005402120591088566,0.002427630792521722,0.005329086230662541,3.519165226698653e-06,0.002366219469574777,0.0,0.007557730057092368,0.007271114116322412,0.00011741217891892175,0.004384725071579664,0.003955057269104007,0.010330158742953236,0.0,6.360736174011633e-06,0.009421397532752573,0.0010693945325688948,0.002729418013303466,0.0014473726111256097,0.004870999631877546,0.007288425041130888,0.00011932995324946941,0.0005199006189315926,3.6761965008070715e-05,0.002220721517243156,0.0032654517941039657,0.0005808900259971549,0.001354970979599895,0.0016096465244126122,5.550493500245266e-05,0.005202795586813908,0.004040219723434198,0.001857801828688285,0.0030176251556128415,0.00219965468283144,0.0011109465861638542,0.0015447959525526347,0.0016654156636349334,0.000572892316393395,0.0005839763356673442,0.0002974718369244628,0.00018566598440890886,0.00037455138760420994,0.0001612488072323834,0.0004961604395642365,8.801679879002712e-06,0.0005429795703395828,0.0014120129747459073,2.2716985719658367e-06,0.00013434075726881015,0.00048599496796914853,0.0009775204933471175,0.0003297095169284107,0.0015575328311093087,0.002249207289341977,0.0,0.0032488234747474107,0.0,0.0007422137992517669,4.195532340601927e-05,0.0006662804191580588,0.0,0.0,0.0,6.574195998741411e-06,4.973625351977626e-05,0.00010350626481034193,0.0008419945094452177,0.0005568823120493291,4.796949228453321e-06,0.0008490880985448947,0.0,0.0011766325651589886,8.035937009704307e-05,0.0005387188675808684,2.1981324447670778e-05,6.203782564438973e-05,0.0006084647799280392,2.0717490444521344e-05,0.0003017790330967877,1.3053820616280202e-05,0.000957612255847162,4.562474729603852e-06,2.2322354031407923e-05,6.055345233208035e-05,4.720377261586943e-06,0.0015368249911415295,0.0,0.0,0.00024038692883157335,2.9931207835405758e-05,3.1303993602476066e-07,5.713491121952479e-06,5.71186378665871e-06,2.2855374625673172e-05,9.197266330958118e-06,2.322984603196903e-05,2.488120385518361e-06,1.736457586468236e-05,3.260391107136489e-05,1.9137323192745163e-05,1.2213692727879777e-05,0.00022516760211545932,9.358575736273615e-06,5.984030102334108e-05,0.0017816021250543258
0.0,0.07471754683188249,0.015899504968055273,0.02932267007238354,0.021698406684391297,0.08112126183694345,0.027992850043835785,0.1282820752139368,0.008275540795375125,0.01930562202668137,0.0002742827775351479,0.01168385954279021,0.00021044978220362726,0.010163637646406926,0.03593938886609353,0.01863220536574368,0.00017836672739504137,0.012403933249273654,0.013815022836126104,0.00395021286167699,0.006689830492154974,0.01221221304770484,0.008937145150335394,0.0028598966035643368,0.021645396449248767,0.013313940797253714,0.007277129413552018,0.009254505414862243,0.006563851020783222,0.005361384621092762,0.0005090470276680631,0.02278573726493828,0.0011391724245547886,0.007086537298368797,0.0015462235953567034,0.00850980762796356,0.0,0.002042543756514131,0.0022876390572702243,0.004422551473807648,0.0010965653922352268,0.009936478740545773,0.05559616641032767,0.0030273707631681924,0.0007676517881176727,0.013438567100870775,0.01659743406190369,0.014486863927480116,0.002168225798933861,0.007608718482643958,0.0,0.05072909977569391,0.00036956284162173713,0.0028121547908647408,0.0061861890458891405,0.002637793989887546,0.0,0.002489731758598268,0.01078287043363465,0.0003386624409165759,0.003200770502426544,0.008350269596275462,0.0,0.0037023263733080847,0.0018693708849849486,0.0,1.8755275261280023e-05,0.00015093909440586515,0.0002953353938404131,0.0007944970398114356,0.004507935019358622,0.002335218757793268,0.0019319658350948682,0.00286859617711595,0.0341870696714295,0.00010295756055814296,0.0011251391147701,0.0,0.00013797411167998039,0.0,0.0024113788797014554,0.006060910720845727,0.0,2.3443673217842783e-06,0.0006965086026485063,7.506289907962194e-05,0.0006577387275877822,0.00091007682525661,0.0,0.0,0.004020018900808363,0.0011728489962834052,0.00010561720647673246,0.000857030695441378,0.0022989860164488378,7.970753993687711e-05,0.0007424228573467372,0.001561998382916778,0.0,0.004376773764007436,0.0003331070285632911,0.00014578360341374404,0.0004128260263253188,0.0046508706205356945,0.00046754508234816603,0.0002590684604477261,0.0,0.0,8.244292473134026e-05,0.0021110910816796295,0.00017309824912835364,0.00020225446460614454,0.015107731234173905,0.00020991335781225893,9.331551634167963e-06,0.004250261510744151,0.0010863787855710117,4.979486551472311e-06,0.0,0.0,0.0016891584150012446,0.002347170399856321,0.0,0.00013905724598907025,2.7818643483886076e-05,0.0014164121583350737,0.0,0.0006431949654124624,4.448108452858718e-05,0.0004808487198671133,0.0,1.500022078607331e-05,4.561489284878766e-05,6.969970535027794e-06,3.1671089472872845e-05,2.1596608304048756e-05,0.00018225956884675458,0.0005238370284145852,1.7249839499848415e-05,5.010251544688406e-05,6.231401794893627e-06,0.002378166203354088,4.069596896279047e-05,0.00015753958322513916,2.3304626717926022e-05,0.004511197359440476,0.00014211295445194877,2.1964708381934185e-05,3.652051976528003e-05,1.3839676377526596e-05,0.0003396042992646433,5.018548349867491e-06,2.366618669433618e-05,6.419884326990101e-05,0.0,3.736109987081652e-05,0.0,0.00011446963941796152,0.0,3.1810439514442495e-05,3.3188531811300955e-07,6.057450185509455e-06,6.055724882666285e-06,3.5795302932765595e-05,9.750952868130753e-06,4.82955284982255e-05,2.637908236685523e-06,1.840994429634611e-05,2.020900514443041e-06,2.028941315383263e-05,1.9625595470831026e-05,0.00010503243871591022,1.5758924891972465e-05,6.344275939137337e-05,0.00351962237761368
0.0,0.1043657954989601,0.03271619221130934,0.06965559243023405,0.048815753698195366,0.0448811240709483,0.02456369342053041,0.02199999617266744,0.03330244761684669,0.011558705931620573,0.0,0.0006976907842283468,0.0,0.06312202152599496,0.007594913233242556,0.03706015874555096,0.0006974907257244924,0.025192898440953928,0.03611813356467375,0.004786062665114263,0.0038344998617337285,0.015343371111781218,0.02522888276062188,0.005993740467694187,0.03625404799021463,0.026286688652432742,0.06810879364009273,0.004221080584003878,0.011214217381808228,0.005703420307677415,0.0006043205003997821,0.0,0.0,0.012960585555269395,0.00010249521800335804,0.014310643017819516,0.0011229895222020286,0.0028022237370265344,0.014414740448881247,0.0,0.00018039400934541147,0.006934074923442836,0.009491010638323355,0.0026232760492387167,0.0,0.004743902116067274,0.024318737480685866,0.0004989741139561132,0.0,0.0,0.0,0.0,0.0,0.02208597016084396,0.0009190238091000956,0.005449662477429165,0.00013143479028097064,0.0010650916453103915,0.003610297812160306,0.0,0.0036402014017521164,0.006339426063661181,0.0,0.002433983667273237,0.002629902424496548,0.0,0.0,0.0,0.00028244314845251835,0.0,0.002918601603505729,0.004517332185210407,0.007240510533842445,0.00020554707842316566,0.0,0.0,0.0017185459672441207,0.0,0.0009683075463058287,0.018960884705398123,0.00027137656843454464,0.0017729532192579094,0.0,0.0,0.0006656157251055222,0.00035144618115452714,0.0,0.002352875357183057,0.0,0.0,0.0026729281653186795,0.0016390546495271628,0.0,0.0,0.00011645877165383461,0.0,0.0,0.0004016539994728379,0.0,0.0,0.0,0.0,0.01781684955281112,0.0004281922927767255,0.0001632271976782555,6.529856004148721e-05,0.0,0.0,2.055781684035603e-05,0.0002935713243812487,4.1596826804533795e-06,0.0,0.00012136686459315346,0.00031397085297892426,9.524913182875668e-06,0.0014222191517894891,0.000603332059822635,2.458363854751887e-06,0.0001673741238512892,0.0016117818492042105,0.00017403938829421885,0.00014669412303185416,0.003187799095513713,2.1584339972526116e-05,0.0,0.00019705123023655018,0.0,0.0008479385383159579,4.540278884206417e-05,3.389584222206074e-05,0.0,0.0,0.000660421668449625,7.38638745691769e-05,8.431282880022246e-05,2.8749684791399247e-05,5.208923934379882e-05,0.0002839332167820674,5.1911141477298696e-06,0.000228658906882056,0.0,0.0009582855896291151,4.8351696630820776e-05,0.0,2.66842345864274e-05,7.00287385202613e-05,0.0008262366066357983,2.2419844911864834e-05,0.005718349196315944,1.4126451971005976e-05,0.0010938326049641084,4.937372898804497e-06,2.4156580006255152e-05,6.552912447570371e-05,5.108250268712388e-06,4.087467030689047e-05,0.0,0.0,0.00017977373396565243,9.133101615920129e-05,3.387624015413115e-07,6.182968212415204e-06,6.181207159115645e-06,2.4733398858435055e-05,9.953004940698608e-06,2.5138640549052136e-05,2.6925690307303927e-06,1.8791421619766766e-05,2.8385098681101213e-06,2.070983544838765e-05,1.3217290843865163e-05,0.00019975089467388866,1.0127569126437377e-05,6.47573735832178e-05,0.0015017398714397964
0.0,0.10620320103867097,0.0393189006525865,0.051560950889531915,0.12886224179465255,0.09352160609449985,0.016238616369084136,0.026660161140796924,0.010686508778917385,0.018575860668073083,0.0,0.020524490616589276,0.0,0.05512398076403499,0.011127342387312528,0.021422188478294257,0.0005322980562232242,0.02761109234474329,0.008993394614005699,0.011350856712062474,0.0041885421810468094,0.010798490053926855,0.010668800838539074,0.0,0.020625444738713982,0.007744151240024552,0.056040278960319,0.0038355604718538615,0.02736410196800858,0.0036501977738321104,0.0006978721029848943,0.0,0.0010751121668344384,0.031978903591139,0.0,0.009170597736075729,0.0004304189624390531,0.0,0.004608672497506407,0.0011064960483387319,0.007038274525847931,0.0031047976214469155,0.02603066221527414,0.0021737820194413175,0.0019930759966123963,0.0,0.0007818483620606971,0.0,0.002275140507688224,0.004835214878032875,0.0,0.027285062208017383,0.0,0.0009648281520736174,0.000714614698471791,5.0425144698740964e-05,0.0005384749705707696,0.00046825638147903327,0.0,0.0014558742089041264,0.0005099171836128437,0.0002063685356758431,0.0,0.0,0.0005158435874434622,0.0002071539756710406,0.0,0.0010765908285320749,0.000988506070218129,0.0050064394660002615,0.000779868362427857,0.011669038850243669,0.0002643794509749637,0.0010370091527732862,0.0,0.0,0.0007324921810721842,0.0006095662109091372,0.00011060082104010249,0.015447021135591406,0.0012253334206683963,0.0,0.0,0.0,0.0019005613377114556,0.0002633374634921277,0.0013462923841539402,0.00046417602308074235,0.0020868924862578486,0.0,0.0026487781003748045,0.0025334146006404015,0.0,0.001225488195287583,0.0,0.004476084522092774,0.004228878398919201,0.0002636117257652137,9.296687712694313e-05,0.0,0.0,0.0007379826237160393,0.0,0.0,0.0003546384377589724,0.0005099594582528918,0.0,0.0009336706015132699,3.49486730967797e-05,0.0010382846173255036,1.1257571856121256e-05,0.0005519119046988186,0.00011094347854698455,0.0003219060459413588,1.0594706332032264e-05,0.0008527594756719029,0.0004217877105184571,2.7344756428021967e-06,9.877417358528205e-05,0.0008507687647734436,6.593996136401427e-05,1.0864136849852274e-05,0.0,5.0053716510574264e-05,0.0,0.0,0.0,0.0008647200931723032,5.050221510698467e-05,0.0,2.0672782258104993e-06,0.0,1.3556542600587718e-05,8.215991522247457e-05,0.00017544862943762537,3.197871326018838e-05,5.7939656069376806e-05,0.0002231040484175743,5.774155509378759e-06,0.0010530837202150443,0.0,0.0002457630494975069,5.378233025578085e-05,0.0014886931464803393,2.9681281467901333e-05,2.7602577958117925e-06,7.514478095994127e-05,2.4937935736565153e-05,0.00018369532157037707,1.2926427840672087e-05,0.0008861144835712452,5.491915244814396e-06,2.6869732693484453e-05,7.28890454627392e-05,5.681984751822498e-06,0.0004702994761705958,0.0,6.721555267677158e-05,0.00048347667795244184,0.00010158888345066205,3.7681059047517814e-07,6.877409926276348e-06,6.875451079808599e-06,2.7511337107959648e-05,1.1070879329120749e-05,2.7962093626486573e-05,2.9949856352077194e-06,2.0901985120532483e-05,3.1573178564261688e-06,2.3035866106879865e-05,1.4701794368852483e-05,0.0011818815554864286,1.1265049737657135e-05,7.20306151641752e-05,0.0008979530940520163
0.0073450186569032965,0.09849967828610562,0.035879542608758905,0.05221251274422713,0.03284878686669404,0.10147702905736972,0.037982889132831696,0.07667139236205663,0.007908263467675182,0.006495187490226882,0.00047297654253673787,0.019666680578453957,0.0015532377489991035,0.027878481566501086,0.02250485679758911,0.017937156237121978,0.002587411186958597,0.032387822402529284,0.022376525104715838,0.0,0.022543765382692493,0.015530573324819228,0.00794981076915714,0.0009665973225684433,0.00625441946707471,0.01557600170984147,0.024750926293027678,0.01195169191786879,0.007891114176126562,0.009863808765778302,0.0004587502823558987,0.01705490948292379,0.0005818901719980011,0.0,0.011851066484202531,0.019318216559963085,0.009678043342941115,0.0,0.00359659433588524,0.0037373407662632026,0.0,0.0065467236549248435,0.01037253289276959,0.003552819024427786,0.008595017652760334,0.0033518332900195837,0.00410147994775422,0.007531135663340816,0.0004590561114761051,0.0053871914813821776,0.0,0.017542891754103576,0.00044850620570804017,0.0025607226282628585,0.0017726186894858017,0.0024287502845804702,0.0008784992225001044,0.00036623820521852155,0.0026271908480224445,0.0064823854326722,0.007180577909328684,0.0055672874215880064,0.0,0.0017666637094091804,0.0009963866751922202,0.002944666897601863,0.0,0.00788189627425837,0.008137310460874889,0.0,0.002002138796491485,0.008585140203181504,0.0006367560015626322,0.0006057977254365564,0.007068715989924467,0.0,0.006587323940490811,0.0,0.0,0.0030989669020494172,0.0013741997128104168,0.003765547598533468,0.0,0.0,0.0,0.0,0.0017225785944653357,0.0020758929163095163,0.0,0.006613807802905041,0.0,0.0004683589202582398,0.0,0.0011268923135224769,0.001194370219368965,0.0013042982975873514,0.010920651200150818,0.0005516947114113595,0.0,0.004847722445890727,0.0005986972082107227,0.0020855354512854317,0.00017395639844663423,7.282750126898795e-05,0.00039389578665127337,0.0,0.0014702022688379338,0.0,0.000591599318665011,0.0029446238036478613,0.00020870515241778567,0.0008539606316802362,0.0,0.0,1.0981137842784047e-05,0.0009146735093604749,0.0,5.859735910134344e-06,0.0004056826728367986,0.0,0.00037907258323870494,0.0003645498878940957,0.0003967167983383152,0.0035350950592364714,3.273628766916822e-05,0.0006635894768171026,7.160101797171838e-07,0.0002423467005235051,1.1723928612100714e-05,0.00022464349400515456,0.0,0.0,0.0,2.222053968981499e-05,2.6432439945966463e-06,2.7333875876215026e-05,0.0007387260848393533,0.00012500652790881157,5.984762162067071e-06,0.0,0.0,0.00013665023837368598,3.4718605447500974e-05,0.00033167419358295176,2.7424305024165645e-05,4.351551600838565e-05,7.663434463432368e-05,2.5847522456545835e-05,1.125613791124587e-05,1.628618690215204e-05,0.0012124482644567277,5.6922274609782294e-06,2.784977981067983e-05,7.554760182784224e-05,0.0,1.145905229717166e-05,0.0,0.0,3.369801654096751e-05,9.717247312136221e-05,3.905543867807303e-07,2.5827334482858063e-05,7.126226407090444e-06,2.8514786116195748e-05,0.0,7.12760901846717e-06,0.0,2.915799909969932e-05,2.3781454559385214e-06,2.3876076704718108e-05,1.5238027883087888e-05,5.143060175480774e-05,1.8544710813065143e-05,7.465786112701194e-05,0.0017713437390905775
0.0015638064891580034,0.05728299732964207,0.044984387416917994,0.015422788842296368,0.05652781779381016,0.08070117056653962,0.020940898798812353,0.0015790405041672803,0.005061976849056718,0.1020880966494627,0.0,0.0344700660312428,0.0,0.0206238515299101,0.03439573608279536,0.011450567365275338,0.0,0.02029734781334791,0.019850692662116143,0.0693964724759258,0.004258381985280993,0.0,0.006848056994020268,0.0036741786292580516,0.018983099284386337,0.01265399368633831,0.0016043214227788706,0.0068906389238649075,0.0006138286620594117,0.0022116763492251675,0.0006899677327344757,0.0069638719353668915,0.001463504258940716,0.016877026112023293,2.276408728639887e-05,0.007150495826888811,0.0007230678737079314,0.0023019249258109608,0.000776658357498545,0.010506368707227924,0.0454065411062976,0.008559627342301267,0.0027491285455154583,0.002200156451966958,0.005732962241255851,0.009226786497620572,0.0018113405846730505,0.0028695014726679755,0.032091837173874586,0.004723004112489188,0.0,0.0,0.0,0.0005772770824365533,0.00489020942853907,0.002670716316708434,0.00035575536844097784,0.002522361200792143,0.008830704853153955,0.00026721008735413384,0.004291510213240276,0.006913514429535511,4.739307749707194e-05,0.0011679599516399592,0.011896170884842253,0.0009688004550790902,0.0,0.00047495258923972326,4.166395090269422e-05,0.022681000490773498,0.006003360172899528,0.0030671505643942707,0.0007716652808287001,0.002142442558401668,0.0,0.00023714110990814434,0.00016572129639293073,0.01255379030400597,0.0009230073990645983,0.0,0.00545609251892272,0.0,0.0,0.0,0.004713816750738273,0.0006670468073759971,0.001863015833489177,0.0017082241643239012,0.012371204531635779,0.00022596855313454089,0.0019230345760013934,0.003578915353027581,0.0,0.0013333059206688221,0.0009135332182771518,0.004332445135964894,8.015552394923158e-05,2.2524750843907072e-05,1.1110711597612917e-05,0.0008521747093798972,0.00024279611846494834,0.002376183484119271,0.00024131325718164913,0.0028963814617516785,0.0015097958446527275,0.002482270603751448,0.0010012277096690778,0.006306180210805853,0.0,0.0007106781951472798,0.0,0.00011468553418664742,0.006567284610748116,0.0,9.562214503557007e-06,0.0027811332940416615,0.0,2.449839050844415e-07,0.000292600693939906,0.000861582533948282,0.00010151040678558067,0.0012362923275496878,0.0,0.00018530170095438646,0.0,0.00035984425582065134,0.0,0.0007458881206650749,5.166157714685437e-05,0.0020316905965694528,0.0,5.602288254741286e-05,6.8241229064429e-05,7.142258431638673e-06,0.0006356012816063,0.0,1.3652212885120223e-05,0.0006496488359780261,8.708553007294214e-06,0.0,1.625885570820722e-05,0.001553231481577778,1.4527458028714672e-05,0.00020910984042372044,2.6788734981584168e-05,0.002433245256221369,0.0002221579185467389,2.2507645168793884e-05,0.0001172436164846587,1.1666701454814928e-05,0.00012262263179325754,5.1425998268276026e-06,2.425118163884512e-05,6.578574864005097e-05,6.4167366577568386e-06,0.002819393145879899,0.0,0.001899325727745194,0.0016019557091620465,4.05127026790195e-05,3.232983322074134e-06,6.207181858841763e-06,6.2054139089319564e-06,3.668011262024454e-05,9.99198274783531e-06,8.401510339904624e-05,4.822013215161829e-06,1.8865012300378675e-05,2.8496259974453343e-06,2.0790938992166603e-05,2.011071266701039e-05,2.6453712942709933e-05,1.01672305591932e-05,6.50109754284138e-05,0.0021908517083526675
0.5125796891265013,0.04574387039885628,0.07265370262377,0.008766678066348538,0.003108568054541348,0.0005111623024702063,0.08475350352187302,0.002821771188709064,0.06253189816084971,0.005517265317907439,0.017033611631847655,8.428049290850443e-05,0.030362151908535574,0.00018898797135203407,0.0023375699707618085,0.006310693067121937,0.012277199330516166,0.006457648377186615,0.007154775331640923,0.0008813277862844389,0.000566938098857712,0.00010758697963768832,0.005649886422382034,0.0005416471251729749,1.9407103196366328e-05,0.003924917486779077,0.00018796437616758305,0.00848896768442387,0.0019631634560810713,0.0,0.0004908785745420404,0.00013700748961381848,0.0005930657004609504,0.00025106956311169625,0.00255057840908886,0.0035029192196882595,0.0,0.0013928480944500874,0.0007895361626578453,3.939660629572762e-06,0.0,0.001391945945723489,0.00012403243310672187,0.002476816539351176,5.903564951271256e-05,0.012946641443041104,0.0014502529419693994,0.002180384329081938,0.00010178331389851812,0.0005456280529915141,0.0,0.0,0.0001539632992172994,0.0002906360648628195,0.0,0.0,0.0008581596867820457,0.019849633296845307,0.008415001972172105,8.696686060066244e-05,0.00077089889983626,0.0005534674866387081,0.0,0.00015420954097430763,5.283212120186084e-05,0.0,0.0,0.0,9.443422341894275e-05,0.0,0.004139270819773308,0.0010223380003056236,0.001294401828108849,0.002282231503928081,7.690154678070618e-05,0.0,0.0006751248923731695,0.0,0.0,8.278513334557518e-05,0.00026499101673112604,0.0017374102013665762,0.0,6.156900791773951e-05,7.295136278134406e-05,0.0,0.0,0.0005513401279210544,0.0,5.149338549064265e-05,1.4749527432429463e-05,0.0002465376198572406,4.341346135737337e-05,0.0,0.0059542552118166045,0.0,0.0,0.0006331389255817164,5.4849495963033856e-05,0.0,0.0009555717726882803,0.0,0.00011819917380256117,0.002522302307387222,5.5366924704710825e-05,0.0,0.0,0.0,7.373990661680309e-06,0.0008449350251164585,0.0004012875764567325,7.468743123304223e-05,0.0026685515069831273,0.0,9.735573983129366e-06,2.830538950285736e-05,5.0188520397165735e-06,5.5113737742044306e-05,2.1332401201916092e-05,0.0,0.00010285527071943456,0.0009997466586366393,0.0,0.0,0.0001451021486488198,0.0,0.0,1.038569601137118e-05,1.8709384851098137e-06,0.0,0.0,0.0,0.0006794625445913481,0.0,0.0,0.0,0.0001316227129609922,0.0,0.0,0.0,0.0,0.0015646485455008503,0.0,5.231795394040915e-05,0.0,0.0006789994726400775,0.00018159889861933993,2.5547671470704137e-05,0.0,1.3116878116245105e-05,2.1490484711629767e-05,8.083433136547364e-06,2.4690846763106978e-05,7.595273995865302e-05,8.400760420284763e-06,0.0,1.7813466061336415e-05,0.0,0.0001275141360481004,0.0,3.0873579497477674e-05,5.94835424767741e-05,2.2824983410591014e-05,6.772925973484313e-05,0.0008631355990321669,0.0,0.00012279489064356464,2.888198353424595e-05,4.995107571865576e-06,0.0003464143947215716,1.5769628173781984e-05,0.0,2.0083246995546124e-05,0.00010005043412614734,0.0006228070221537929
0.5125796891265013,0.04574387039885628,0.07265370262377,0.008766678066348538,0.003108568054541348,0.0005111623024702063,0.08475350352187302,0.002821771188709064,0.06253189816084971,0.005517265317907439,0.017033611631847655,8.428049290850443e-05,0.030362151908535574,0.00018898797135203407,0.0023375699707618085,0.006310693067121937,0.012277199330516166,0.006457648377186615,0.007154775331640923,0.0008813277862844389,0.000566938098857712,0.00010758697963768832,0.005649886422382034,0.0005416471251729749,1.9407103196366328e-05,0.003924917486779077,0.00018796437616758305,0.00848896768442387,0.0019631634560810713,0.0,0.0004908785745420404,0.00013700748961381848,0.0005930657004609504,0.00025106956311169625,0.00255057840908886,0.0035029192196882595,0.0,0.0013928480944500874,0.0007895361626578453,3.939660629572762e-06,0.0,0.001391945945723489,0.00012403243310672187,0.002476816539351176,5.903564951271256e-05,0.012946641443041104,0.0014502529419693994,0.002180384329081938,0.00010178331389851812,0.0005456280529915141,0.0,0.0,0.0001539632992172994,0.0002906360648628195,0.0,0.0,0.0008581596867820457,0.019849633296845307,0.008415001972172105,8.696686060066244e-05,0.00077089889983626,0.0005534674866387081,0.0,0.00015420954097430763,5.283212120186084e-05,0.0,0.0,0.0,9.443422341894275e-05,0.0,0.004139270819773308,0.0010223380003056236,0.001294401828108849,0.002282231503928081,7.690154678070618e-05,0.0,0.0006751248923731695,0.0,0.0,8.278513334557518e-05,0.00026499101673112604,0.0017374102013665762,0.0,6.156900791773951e-05,7.295136278134406e-05,0.0,0.0,0.0005513401279210544,0.0,5.149338549064265e-05,1.4749527432429463e-05,0.0002465376198572406,4.341346135737337e-05,0.0,0.0059542552118166045,0.0,0.0,0.0006331389255817164,5.4849495963033856e-05,0.0,0.0009555717726882803,0.0,0.00011819917380256117,0.002522302307387222,5.5366924704710825e-05,0.0,0.0,0.0,7.373990661680309e-06,0.0008449350251164585,0.0004012875764567325,7.468743123304223e-05,0.0026685515069831273,0.0,9.735573983129366e-06,2.830538950285736e-05,5.0188520397165735e-06,5.5113737742044306e-05,2.1332401201916092e-05,0.0,0.00010285527071943456,0.0009997466586366393,0.0,0.0,0.0001451021486488198,0.0,0.0,1.038569601137118e-05,1.8709384851098137e-06,0.0,0.0,0.0,0.0006794625445913481,0.0,0.0,0.0,0.0001316227129609922,0.0,0.0,0.0,0.0,0.0015646485455008503,0.0,5.231795394040915e-05,0.0,0.0006789994726400775,0.00018159889861933993,2.5547671470704137e-05,0.0,1.3116878116245105e-05,2.1490484711629767e-05,8.083433136547364e-06,2.4690846763106978e-05,7.595273995865302e-05,8.400760420284763e-06,0.0,1.7813466061336415e-05,0.0,0.0001275141360481004,0.0,3.0873579497477674e-05,5.94835424767741e-05,2.2824983410591014e-05,6.772925973484313e-05,0.0008631355990321669,0.0,0.00012279489064356464,2.888198353424595e-05,4.995107571865576e-06,0.0003464143947215716,1.5769628173781984e-05,0.0,2.0083246995546124e-05,0.00010005043412614734,0.0006228070221537929
0.1613747212861798,0.0021085916474646183,0.2981415822489594,0.00539263560569462,0.003851316465654019,0.0004798923497961385,0.004142608514223758,0.05678901072747496,0.030136597066284344,0.0037849699590210705,0.05397336890610924,0.001981764093941945,0.00022397609754216147,0.09028091382197363,0.0018066314888541336,0.07165940979473094,0.0007926569946777634,0.000556340283384154,0.00048021676583092716,0.005738307383541213,0.000685719248360637,0.06376012401115398,0.0013276311298906342,0.001121846253262269,0.0013951424355490218,0.0013032011144263587,0.0008252062166694601,0.0,0.0017941399388844727,0.0,7.67997697721112e-05,0.0013356760456476769,0.04223660335466027,0.0,0.0,3.272396622826733e-05,8.78934564137243e-05,0.005856290266952056,0.027385648963039685,0.000500484937657704,0.0,0.00013351975584690687,0.0012999508235572855,0.0,0.0006457013796034308,0.00091924529067813,0.0027522604806346626,0.0016533473924909632,0.0010115158207885094,0.005208279464285651,0.0,0.0,2.617480881784421e-05,0.009429328331483045,0.0005202077717589342,3.1577314938840204e-05,0.0005335444419401627,0.00012450699799054443,0.0006800360880246971,0.00011412650692446582,0.00022626666925248717,0.00044468317825962535,0.0,0.0013389025946801553,0.000265333304049588,0.0,0.00034970616237542276,0.0,0.0010595235978081118,0.0,0.0007830830154727801,0.0,0.00012047032844927249,8.933952793110232e-05,0.0001637889812773246,0.00015697809763612103,0.0,0.0002860283552129847,0.0,0.0006461993451198088,0.0003150492671997992,0.0009832851051166324,0.0,0.0002912121567322768,0.0005390619667400448,0.0008580214475486412,0.000902860525362962,0.0006497829134133858,2.2284632608550134e-05,0.0,0.001179975520760822,0.0006396846074509224,0.00017712606944863393,3.9690784552401094e-05,0.000889291062572678,0.0002927647390887693,0.0,0.00044730110586830874,0.0005615034640594551,0.0,0.00044848975819436487,0.0002223784419219453,0.0,0.0002628949171136536,0.0,0.0009739634804564907,0.0,0.00040495029513957636,0.00038654471497929236,0.0,0.00015795761559170055,0.0005027682781396302,0.0,0.0009231605758999087,1.0540000435013127e-05,0.0003535559067525165,0.0004623753329498303,0.0,0.0,2.1294142413347e-05,0.0005303001701282543,0.0,0.000340231135355591,0.0,4.8652955159222706e-05,0.00017580347916765492,0.0,0.00016357772909043807,0.0001422751711434623,0.00073592565320577,0.0005805682703093281,0.00027435612153389743,0.0011863429029931889,0.0001091167843408656,2.439362246123182e-05,0.0,0.000616521882179923,2.9997333332544727e-05,0.0003873885533546119,0.0005964697833589657,7.991723035997605e-05,0.00024692276374034403,8.538010992328194e-05,0.00022349454510296003,4.566171364278677e-05,0.0001747076067065557,3.910857661846842e-05,0.0002489430212653521,4.4657203363620136e-05,3.579012201695245e-05,0.00020481038848675932,5.606784840032854e-06,2.4464837521265046e-05,6.273326104362713e-05,0.0,3.8571403632501975e-05,7.095855345358062e-05,0.0,0.00010094783002731601,0.0003518468567757407,0.0,0.00027086908108300275,6.045772826808711e-06,2.7070187111764034e-05,0.0001405771561048222,0.0,0.00013706868669578006,0.0,2.929688122960164e-06,8.704303469463054e-05,5.864845297803828e-05,4.757934066993139e-05,0.001574475450825796,0.00012613048539776017,0.0011410810421450409
0.14580199704823354,0.010566187182134363,0.0,0.06935122204886385,0.02796592328038137,0.013164782547433092,0.010535141634674948,0.006603913747249377,0.010373921338860012,0.0,0.030426701361850148,0.07436525853605801,0.025627531865598834,0.021036813085513657,0.003653837923836188,0.007976242973837927,0.005515595815932274,0.007790251259757458,0.010520321767451676,0.00022079134593569653,0.011307687234490249,0.011292383120114019,0.013532249962819244,0.0,0.0021445612899747566,0.003464464981215083,0.005925660997902249,0.003418139463724847,0.021835146206468817,0.006292107549557235,0.0,0.020584919355400865,0.0,0.0010277944335284378,0.008421051868849075,0.0023327149431527907,0.0024670817959873124,0.0,0.009355315614080387,0.0005837788587960515,0.00013038235571990325,0.0024435913882731803,0.0016561956557875491,0.008279396654282963,0.00644844660686545,0.006535596811827482,0.020357686378875025,0.003919124089030024,0.00045087176118271613,0.0010953111199245604,0.0,0.004816222205332963,0.00993065020060847,0.006289556410412926,0.0,0.00019572343680886723,0.014472067587616651,0.00020994158698739549,0.0030568288564175677,0.00011033851080501986,0.0037246991971783337,0.003043231169157593,0.005397042659186557,0.0036622088704072768,0.0004347818503818385,0.0,0.004132574044940299,0.004848117565738475,0.00047659802879839927,0.0,0.0017299916573108975,0.0016045906881219736,0.00036938731592254045,0.0004578248650758783,0.005331836943710182,0.004476438832415356,0.0029176190219616554,0.00011749424866747222,0.0023021607841315966,0.003736752666515847,0.001382052681578952,0.013124819915110698,0.0,0.001972581627730022,0.0027012851770200144,0.0,0.002515907783502622,0.0021350951762996633,0.0,0.0027369468852784713,0.0008418185322939058,0.0036288505667068007,0.0027235472836691977,0.0,0.007759825303809765,0.016098232098513097,0.00037041124020453374,0.003205232245494433,0.00048453569488931674,0.0017711448439047147,0.0008427556559538537,0.002357727634841796,0.0,0.0049449149669661555,5.262794615234806e-05,0.0,3.937188756490086e-05,0.0,0.002386446823612032,0.005187324194855928,0.000737814213992733,0.0027242061522498562,2.7892284790956453e-05,0.0,0.0,0.0,0.0008442737741789911,0.0014852501196608956,0.0,0.0,0.0006365594605477731,7.92836701105445e-05,0.0010600301101827726,0.0016421555489025748,0.0,0.00045647456705438214,0.0,0.0,9.469082834471501e-05,0.00266211998821847,0.0,0.004357299410155805,0.0,0.0005414221105897983,8.922917975299874e-05,0.0009050190768872621,0.0008388326249016633,4.295709172254316e-05,0.0,0.0,4.1630966606281945e-06,0.0002129385676225581,0.0001940254474612102,0.00018648777836022785,0.0005333628301111865,0.0019232367068190558,0.0007809364399667599,0.0028547780920903875,0.0023079736203037164,5.000285963677298e-05,0.00017394091209801482,0.01952524647951176,0.0001502584335657084,1.3791798445366807e-05,1.618474138374984e-05,7.048443903656715e-06,0.0027705570042997098,0.00014736197289674655,0.0005977344604721,1.2983621742801311e-05,0.00022966541305650563,0.0010350300857735763,4.6112026801370054e-06,2.4108761190536018e-05,0.0012658821636514978,0.00013966907648354368,0.00019594441282928994,4.956078538643277e-05,0.0,0.00034080534184768293,0.00024321708578496027,6.880986343407678e-06,7.555202842575868e-06,0.00024495715770647876,0.12061735817282859
0.3477749843944619,0.12005952244295653,0.04459154060937969,0.026943988171946646,0.010762156580242438,0.012973498607612174,0.1163946658385479,0.005621023697723322,0.01150210371395977,0.010114135012315702,0.0014949913713606122,0.00046003071162346816,0.0029602124741253725,0.0013788226567228998,0.0013766022397750757,0.006218508056521802,0.0013988987072867099,0.009015422966197988,0.006121659461026118,0.0012066168697883993,0.00925785351882088,0.00027016298241492155,0.0020418680984502268,0.0020557128034591823,9.901719989986952e-07,0.004867834779230376,0.0005384970249019807,0.015217600938727985,0.004810855658691619,0.001368703329624508,0.03420860377667956,0.0,2.552020334419902e-05,0.0067399949866992605,0.0017677278487199211,0.009315372623798347,0.0007137589412691721,0.007086463788977957,0.007775380521540693,0.0017418304711146184,1.738592187594162e-06,0.001654480501367284,0.00036285255131843496,0.012436017562963702,0.008971473660806821,0.012918219923338817,0.013360428808864233,0.010360004807247535,2.627186678618093e-05,0.0011189328022167674,0.0,8.947601224846683e-05,0.00039866544582101534,0.00034125653697467047,0.008749700086547272,0.0010334962911921325,0.003870685898116339,0.003109799627789095,0.007408486831263993,0.0021640742040935344,0.000348740603144351,0.0011949137365124302,0.00016408690857792335,0.0016753086229788555,0.0006950249555825504,0.0005661736254970062,2.0069859708314474e-05,0.00015711207545845076,0.0014557765222526942,0.00029428920872163447,0.004201110752004853,0.007603953243366941,0.0028055296267549316,0.0,0.0008899737851142084,0.0,0.00013474743725105015,0.0,0.00033916333689796793,0.0004723013491256703,0.0014674208140701122,0.001326411528460396,0.0,0.0,0.0003863428687410863,6.642873123515356e-05,0.00020396585899835358,0.0009537964714331221,0.00011275006830152595,0.0,0.00029100888514319235,0.00020902745273455964,0.0,0.0002642417535730263,0.007201483749892071,0.0,0.0,0.0009753974867159581,0.00031309510849701194,0.00019398951196499925,0.0,0.0004529648526393138,0.00012200007280260596,0.0008889840671021402,0.0005412921111641816,7.162837721046984e-05,4.377393254753645e-05,0.0001244775263206111,6.601381688286488e-06,0.004430524123431491,0.00024713412591397763,0.0,0.0032500591819716682,0.0007107346306768905,1.1322028269443745e-05,0.00019975309424510575,0.0005203432066381889,9.725794867943265e-05,0.0,0.00010391812475968342,0.0014268811547870663,0.0025824720687000428,0.0001303639386831798,4.4904269070080557e-05,3.624356747921355e-05,9.870432407962626e-05,5.995880446709503e-07,0.00015913295201278925,0.00012656329810185044,0.0,2.4403433422541154e-06,0.0,0.0004942986668959935,5.191157539260409e-05,0.00017711202986164966,0.00014656176099690513,0.00013636104434625317,0.0005350754467287071,0.0,0.0,0.0,0.00016085716467272373,8.073415141174435e-05,0.00011896872141452609,0.00011432350703523806,0.00044196477535915236,0.0013712111689652936,6.495687590416347e-05,4.537943505069131e-05,1.50049804501854e-05,7.442531323522211e-05,7.450935862244971e-06,2.4796746953296827e-05,9.792427994284688e-05,3.0406345640145184e-05,0.00010299640197183542,0.0,0.00018210793874899616,0.0004158391092720164,4.142409436728943e-05,4.715447962421618e-05,4.7443927251275504e-05,6.345013646418838e-06,4.7856702130178445e-05,0.0008810005796662199,0.00010023649044336819,1.2355074044751875e-05,6.535635150211409e-05,5.0949994974128535e-05,8.252725127625973e-05,1.58372648424977e-05,0.0031212792103149827,0.0,9.430080713284038e-05,0.0005303750904159707
0.1895122805565015,0.18100419260569692,0.006527965153758516,0.07001638170088109,0.0056476747433481045,0.005896746830910382,0.21299914525085997,0.009098529137673679,0.10370026898804391,0.00260905527394339,0.0,0.0,0.001793119502047317,0.00035597993054104307,0.0,0.0032695412131376373,0.000384478696528101,0.012447678110834012,0.0030465635662774116,0.0006683565903825853,0.0032075960761898973,0.0009124026810622472,0.0015130883043433074,0.0018914310079157382,0.0,0.0032897284812874825,0.0,0.025527769920478355,0.005699917458080759,0.0007540824851894616,0.01608142318691965,0.00035373940581128724,0.0,0.00880112898460367,0.0,0.013251719822889163,0.0004802613012678805,0.0022665142644842486,0.005518939469882991,7.338806228012406e-05,8.096051651311227e-05,0.0007972884475196957,0.0,0.0239844723766532,0.0004486408061243558,0.0059387510907120316,0.001677719825332115,0.0007252658955126863,0.0,0.0,0.0,0.0009399331948204973,0.0,0.0,0.0047855220236342685,0.0,0.0016109011617517486,0.002780909203122561,0.0042664150583489845,0.0015480977973161396,0.0,0.0008074241245039891,0.0001348820359622062,0.0005674790867007836,4.109189703547038e-05,0.0,1.3170301498418364e-06,5.057930945394972e-05,0.0021186828830287757,0.0,0.0023308239268629806,0.01403992901498315,0.001508208796229731,0.0,2.5536236246649394e-05,0.0,0.0,0.0002021362405028165,0.0005504832837232907,0.0,0.0012264658597176562,0.0006421935927065665,0.0,0.0,7.918780542146723e-05,0.0,0.0001720676520946599,0.0017104388712149534,0.0002010216432905693,2.4125818136088617e-05,8.436769243686966e-06,0.0008289851777882151,0.0,5.362731524011772e-06,0.0028909196805301453,0.0,0.00012163998612350083,0.00014199477887563033,0.00020410897893157262,0.0,9.815613114931659e-05,0.0,0.0,0.000520121056363297,0.0005746352960010162,2.9842812664767857e-05,0.0,0.0,0.0,0.0013882914909984375,0.00021488113725177938,0.0,0.0015599644803788665,0.0009393378074089963,1.1133050290353326e-05,0.0002720498891180937,0.0006086136161665838,9.563459903266288e-05,0.00019461405371550564,0.00022713234614395406,6.052855402958964e-05,0.0016872583319634702,0.00015138348966915198,0.0,6.279735532086393e-07,0.0,2.3313664497014085e-06,0.00018117212751456892,0.0011993481256592073,0.0,1.3004818876315476e-05,0.0,0.0009425528534197096,5.1045110093663776e-05,0.00012820654505766308,0.00021302266523915537,3.942053681845869e-05,0.001239783051910798,0.0,0.0,0.0,0.0002161716561453373,0.00011682110520806477,2.6609313569644875e-05,0.00011241531313146944,0.00042027783125771456,0.0007264682306979092,6.387266918393074e-05,8.70535319530132e-05,1.2953261853540254e-05,0.0001205061216408853,7.326570972132525e-06,2.438286005814595e-05,9.628980844294548e-05,2.9898827939795747e-05,0.00014942497163621249,0.0,0.00013662611215165834,0.00017848721901018386,3.686404682786246e-05,2.3079330365129415e-05,4.665203225872755e-05,6.239107899880699e-06,4.705791743902013e-05,0.0007707205495947427,9.29057352704301e-05,4.227588248218349e-06,6.426547706392482e-05,5.0099579584258566e-05,7.300173913067931e-05,1.5572922250072605e-05,0.003386336300341425,0.0,6.958665140429492e-05,0.0013222229281349177
0.12423175888913661,0.18522254190561893,0.007250795656080333,0.09075552265519567,0.008238825753842865,0.021163816859683125,0.19110471169020427,0.0077811609823859144,0.13632450666794982,0.0062834575722159215,4.149646076287771e-05,0.0,0.0,0.0005730168935836859,0.0,0.004507182562364664,0.0,0.012810137094728355,0.0058931203424727905,0.000598623753560031,0.002061130507241937,0.0,0.0022966792753365576,0.0006037503200090859,0.00032159727198482086,0.003133912988322214,0.0005475033714488066,0.009364904490242996,0.00871886470740164,0.0005789089462803894,0.005289207116044749,0.0,0.0005442744038984213,0.006319116569875245,0.0006137222799065069,0.022988442958470988,0.00034562744711307626,0.001732603799122407,0.012084653706717519,0.0,8.376141878839856e-06,0.0029128226576873467,0.0,0.013567721279555158,0.0005104645970025976,0.007598840756195725,0.002541682413112073,0.0005104328273522105,0.0,0.0008932035467122672,0.0,0.00022976340171018862,0.0,0.00022328578449937,0.0002680142491911713,0.0,0.0013966469350316835,0.00886331690170194,0.007166855601852412,0.005478024119791474,4.924749817438065e-05,0.001431356437555897,0.00012627807012989688,0.0006740581216087627,0.0,0.00011829796006019096,0.0,6.727422029786316e-05,0.002008455499319069,0.0,0.007975735945396231,0.01660604170881513,0.0014512305568779907,0.00012572620289550356,0.0,0.00014858229233098553,0.00025369155741824563,0.00013555341667138436,0.0005515546975589385,6.495684025458247e-05,0.002060468214384232,0.0007367372069223265,0.0,0.0,0.00010963640403378972,0.00011928950070432126,0.0001801040611804304,0.004689092333947663,0.0002232422606580778,0.00015057967865799254,0.00024177608336101145,0.0004171311905336214,3.616837371099657e-05,0.0,0.002970210472944648,0.0,0.00018817878451552275,0.0001683880750191489,0.0002393014420989692,0.0,0.00016440627400614606,0.0,4.525879827744338e-05,0.0005432969074108718,0.0004918654378106379,0.0001543169751080252,0.0,0.00011837106504037006,0.00013374012619256037,0.005336199298767714,0.00019828909892142705,0.0,0.0015764537644647877,0.0018886788156639662,1.1222010309945613e-05,0.0003728695454902318,0.00046037620676462324,0.0003659048322893538,0.00010832857999751854,0.00011866254288659964,9.620085655839838e-05,0.0015927388408741707,0.00020647714657055996,0.0,6.329914537965208e-07,0.0,5.942913282752396e-07,7.995306455851396e-05,0.00033029960534304884,2.7637963511572576e-05,9.105510077671911e-05,3.212565308896562e-05,0.0005083999755441372,0.0001291495856330661,0.0001248972498143489,0.00019202475288097632,7.115991521975425e-05,0.000841371594000949,0.0,7.423557101749579e-05,6.2554674413326676e-06,0.00011449626194889226,0.00010802194199877758,5.453493471215446e-05,0.00011331358163810808,0.0005486273677657871,0.0010007228847255865,7.581171960780064e-05,6.0761746331031295e-05,1.562395933310475e-05,8.376069773907978e-05,7.38511484647305e-06,2.4577694326555583e-05,6.697425653452515e-05,3.013773823391481e-05,0.00010208653938222553,0.0,0.00013456896332608587,0.00014483869122861783,3.7158613567662354e-05,2.326374861780162e-05,0.00013467454813588062,6.288962265623815e-06,5.822314183469573e-05,0.0008483394667747212,0.0001435225986770429,3.996340211609659e-06,6.477899833164676e-05,5.049990649064493e-05,6.856271006697356e-05,1.569735961740185e-05,0.0002237180662477487,0.0,7.01426921757672e-05,0.0022580666277722656
0.12423175888913661,0.18522254190561893,0.007250795656080333,0.09075552265519567,0.008238825753842865,0.021163816859683125,0.19110471169020427,0.0077811609823859144,0.13632450666794982,0.0062834575722159215,4.149646076287771e-05,0.0,0.0,0.0005730168935836859,0.0,0.004507182562364664,0.0,0.012810137094728355,0.0058931203424727905,0.000598623753560031,0.002061130507241937,0.0,0.0022966792753365576,0.0006037503200090859,0.00032159727198482086,0.003133912988322214,0.0005475033714488066,0.009364904490242996,0.00871886470740164,0.0005789089462803894,0.005289207116044749,0.0,0.0005442744038984213,0.006319116569875245,0.0006137222799065069,0.022988442958470988,0.00034562744711307626,0.001732603799122407,0.012084653706717519,0.0,8.376141878839856e-06,0.0029128226576873467,0.0,0.013567721279555158,0.0005104645970025976,0.007598840756195725,0.002541682413112073,0.0005104328273522105,0.0,0.0008932035467122672,0.0,0.00022976340171018862,0.0,0.00022328578449937,0.0002680142491911713,0.0,0.0013966469350316835,0.00886331690170194,0.007166855601852412,0.005478024119791474,4.924749817438065e-05,0.001431356437555897,0.00012627807012989688,0.0006740581216087627,0.0,0.00011829796006019096,0.0,6.727422029786316e-05,0.002008455499319069,0.0,0.007975735945396231,0.01660604170881513,0.0014512305568779907,0.00012572620289550356,0.0,0.00014858229233098553,0.00025369155741824563,0.00013555341667138436,0.0005515546975589385,6.495684025458247e-05,0.002060468214384232,0.0007367372069223265,0.0,0.0,0.00010963640403378972,0.00011928950070432126,0.0001801040611804304,0.004689092333947663,0.0002232422606580778,0.00015057967865799254,0.00024177608336101145,0.0004171311905336214,3.616837371099657e-05,0.0,0.002970210472944648,0.0,0.00018817878451552275,0.0001683880750191489,0.0002393014420989692,0.0,0.00016440627400614606,0.0,4.525879827744338e-05,0.0005432969074108718,0.0004918654378106379,0.0001543169751080252,0.0,0.00011837106504037006,0.00013374012619256037,0.005336199298767714,0.00019828909892142705,0.0,0.0015764537644647877,0.0018886788156639662,1.1222010309945613e-05,0.0003728695454902318,0.00046037620676462324,0.0003659048322893538,0.00010832857999751854,0.00011866254288659964,9.620085655839838e-05,0.0015927388408741707,0.00020647714657055996,0.0,6.329914537965208e-07,0.0,5.942913282752396e-07,7.995306455851396e-05,0.00033029960534304884,2.7637963511572576e-05,9.105510077671911e-05,3.212565308896562e-05,0.0005083999755441372,0.0001291495856330661,0.0001248972498143489,0.00019202475288097632,7.115991521975425e-05,0.000841371594000949,0.0,7.423557101749579e-05,6.2554674413326676e-06,0.00011449626194889226,0.00010802194199877758,5.453493471215446e-05,0.00011331358163810808,0.0005486273677657871,0.0010007228847255865,7.581171960780064e-05,6.0761746331031295e-05,1.562395933310475e-05,8.376069773907978e-05,7.38511484647305e-06,2.4577694326555583e-05,6.697425653452515e-05,3.013773823391481e-05,0.00010208653938222553,0.0,0.00013456896332608587,0.00014483869122861783,3.7158613567662354e-05,2.326374861780162e-05,0.00013467454813588062,6.288962265623815e-06,5.822314183469573e-05,0.0008483394667747212,0.0001435225986770429,3.996340211609659e-06,6.477899833164676e-05,5.049990649064493e-05,6.856271006697356e-05,1.569735961740185e-05,0.0002237180662477487,0.0,7.01426921757672e-05,0.0022580666277722656
0.12423175888913661,0.18522254190561893,0.007250795656080333,0.09075552265519567,0.008238825753842865,0.021163816859683125,0.19110471169020427,0.0077811609823859144,0.13632450666794982,0.0062834575722159215,4.149646076287771e-05,0.0,0.0,0.0005730168935836859,0.0,0.004507182562364664,0.0,0.012810137094728355,0.0058931203424727905,0.000598623753560031,0.002061130507241937,0.0,0.0022966792753365576,0.0006037503200090859,0.00032159727198482086,0.003133912988322214,0.0005475033714488066,0.009364904490242996,0.00871886470740164,0.0005789089462803894,0.005289207116044749,0.0,0.0005442744038984213,0.006319116569875245,0.0006137222799065069,0.022988442958470988,0.00034562744711307626,0.001732603799122407,0.012084653706717519,0.0,8.376141878839856e-06,0.0029128226576873467,0.0,0.013567721279555158,0.0005104645970025976,0.007598840756195725,0.002541682413112073,0.0005104328273522105,0.0,0.0008932035467122672,0.0,0.00022976340171018862,0.0,0.00022328578449937,0.0002680142491911713,0.0,0.0013966469350316835,0.00886331690170194,0.007166855601852412,0.005478024119791474,4.924749817438065e-05,0.001431356437555897,0.00012627807012989688,0.0006740581216087627,0.0,0.00011829796006019096,0.0,6.727422029786316e-05,0.002008455499319069,0.0,0.007975735945396231,0.01660604170881513,0.0014512305568779907,0.00012572620289550356,0.0,0.00014858229233098553,0.00025369155741824563,0.00013555341667138436,0.0005515546975589385,6.495684025458247e-05,0.002060468214384232,0.0007367372069223265,0.0,0.0,0.00010963640403378972,0.00011928950070432126,0.0001801040611804304,0.004689092333947663,0.0002232422606580778,0.00015057967865799254,0.00024177608336101145,0.0004171311905336214,3.616837371099657e-05,0.0,0.002970210472944648,0.0,0.00018817878451552275,0.0001683880750191489,0.0002393014420989692,0.0,0.00016440627400614606,0.0,4.525879827744338e-05,0.0005432969074108718,0.0004918654378106379,0.0001543169751080252,0.0,0.00011837106504037006,0.00013374012619256037,0.005336199298767714,0.00019828909892142705,0.0,0.0015764537644647877,0.0018886788156639662,1.1222010309945613e-05,0.0003728695454902318,0.00046037620676462324,0.0003659048322893538,0.00010832857999751854,0.00011866254288659964,9.620085655839838e-05,0.0015927388408741707,0.00020647714657055996,0.0,6.329914537965208e-07,0.0,5.942913282752396e-07,7.995306455851396e-05,0.00033029960534304884,2.7637963511572576e-05,9.105510077671911e-05,3.212565308896562e-05,0.0005083999755441372,0.0001291495856330661,0.0001248972498143489,0.00019202475288097632,7.115991521975425e-05,0.000841371594000949,0.0,7.423557101749579e-05,6.2554674413326676e-06,0.00011449626194889226,0.00010802194199877758,5.453493471215446e-05,0.00011331358163810808,0.0005486273677657871,0.0010007228847255865,7.581171960780064e-05,6.0761746331031295e-05,1.562395933310475e-05,8.376069773907978e-05,7.38511484647305e-06,2.4577694326555583e-05,6.697425653452515e-05,3.013773823391481e-05,0.00010208653938222553,0.0,0.00013456896332608587,0.00014483869122861783,3.7158613567662354e-05,2.326374861780162e-05,0.00013467454813588062,6.288962265623815e-06,5.822314183469573e-05,0.0008483394667747212,0.0001435225986770429,3.996340211609659e-06,6.477899833164676e-05,5.049990649064493e-05,6.856271006697356e-05,1.569735961740185e-05,0.0002237180662477487,0.0,7.01426921757672e-05,0.0022580666277722656
0.09507480335399815,0.004914458914136122,0.014329247306904245,0.05090801777269699,0.008732121784767335,0.0002259364818365917,0.06377920333577643,0.12213194173499407,0.00305417752126752,0.0001559220965053162,0.09109831408729722,0.02257518362815586,0.1007659733508989,0.0014928413581664756,0.008128420392864176,0.032124426333017125,0.08957960305553747,0.002138792696538493,0.0001502093205962393,0.004592729953015785,0.01625186071985951,0.005627534162717615,0.011975601539975855,0.02141734444592952,0.0,0.0018381703343934408,0.00045230379630187615,0.02350183053212764,0.004332703504030734,0.00041699634490943146,0.008189090213304582,0.0005136755134415872,0.0,0.0,0.006257845215044223,0.0025853408582427015,0.0003515260888574329,0.0006437930337288735,0.01653542021998453,0.00012772490009181907,0.0,0.00825590765253773,2.145589036049611e-05,0.012835975116109077,3.4446205388988e-05,0.0023311650066930533,0.005458778900316255,0.0005048849178811676,0.0001403054345073776,0.0030987631568939887,7.8802370580277e-05,3.13078855728643e-05,2.7257699398479225e-05,0.00011055797560095222,0.004389551945217022,1.2376268432877265e-05,0.005158881592270126,0.04603587448571479,0.00024689057446098046,0.00019048086975136612,0.0010089877339635926,0.0002303255819500267,0.0,0.00018860549953355035,0.0,2.8928491927431805e-05,4.3105574469667265e-05,9.634757148558641e-05,7.267006367015547e-05,0.0,0.0,0.0009478358079618337,0.0028709011110300783,0.0011828722728842425,0.00010125066233308655,0.0,0.014933175489663126,2.647341201077693e-05,1.4006974817699131e-05,0.00022766533921185137,0.0,0.0019309842587734575,0.0,2.561803009379511e-05,2.759920906620191e-05,2.183154780501552e-06,0.000688675690712681,0.0024013532766799114,1.601784425964352e-05,0.00078989470119698,5.79404044496523e-05,7.696535298273818e-05,0.0,0.0,0.0016023891578313728,0.0011022348242115585,0.0,0.005456800313426834,0.0019533309744135144,8.2972014958903e-05,0.0,9.687399401006449e-05,2.405463948436332e-05,0.0,5.6434604747303675e-05,1.082522302880791e-05,0.00032517425137181617,0.0,0.0031517710862642555,0.0,0.0024173012003212762,4.105790182413963e-05,2.0954776190577198e-05,0.003853909042507486,6.324636460021032e-06,0.0,0.0035101309704142444,0.0019857263682210376,2.3983419178905126e-05,2.1462563789338025e-05,6.413456407418625e-05,0.0013363478513672689,0.0008116995220197401,9.28451168723257e-05,5.395000753121228e-05,1.5176705127763118e-05,0.0,0.0,0.0,5.514295995182845e-05,9.372770654644884e-06,0.0,1.5761206169872092e-05,0.00485260474144917,8.113236517582806e-05,2.731934476448116e-06,0.0012807838583916245,0.0,1.1962229658301e-05,9.44296488168322e-05,1.3164312700350983e-05,0.0008219274512930786,0.0,1.2864599003651586e-05,2.1067841683824248e-05,1.0666734106631147e-05,0.0,0.007217994634850684,0.0002931516217009923,0.0,1.9870007689201338e-05,9.56342455596123e-06,2.5308693608006265e-05,3.9429410193768165e-05,2.735493532164619e-05,2.5924589478015893e-07,3.193858201798508e-05,1.0628400626207478e-05,1.9149627360162987e-05,2.1740301288791277e-05,1.2141167235148236e-05,0.0011423763390263776,0.0,5.863495509098512e-05,0.0,7.435866537686973e-05,2.0152001527454337e-05,1.9236795720507257e-05,2.905785181576705e-06,4.243518743738345e-06,2.1665214732971513e-05,0.0,9.72573506884192e-06,0.0006915917148043383,0.0008999674796945655
0.09507480335399815,0.004914458914136122,0.014329247306904245,0.05090801777269699,0.008732121784767335,0.0002259364818365917,0.06377920333577643,0.12213194173499407,0.00305417752126752,0.0001559220965053162,0.09109831408729722,0.02257518362815586,0.1007659733508989,0.0014928413581664756,0.008128420392864176,0.032124426333017125,0.08957960305553747,0.002138792696538493,0.0001502093205962393,0.004592729953015785,0.01625186071985951,0.005627534162717615,0.011975601539975855,0.02141734444592952,0.0,0.0018381703343934408,0.00045230379630187615,0.02350183053212764,0.004332703504030734,0.00041699634490943146,0.008189090213304582,0.0005136755134415872,0.0,0.0,0.006257845215044223,0.0025853408582427015,0.0003515260888574329,0.0006437930337288735,0.01653542021998453,0.00012772490009181907,0.0,0.00825590765253773,2.145589036049611e-05,0.012835975116109077,3.4446205388988e-05,0.0023311650066930533,0.005458778900316255,0.0005048849178811676,0.0001403054345073776,0.0030987631568939887,7.8802370580277e-05,3.13078855728643e-05,2.7257699398479225e-05,0.00011055797560095222,0.004389551945217022,1.2376268432877265e-05,0.005158881592270126,0.04603587448571479,0.00024689057446098046,0.00019048086975136612,0.0010089877339635926,0.0002303255819500267,0.0,0.00018860549953355035,0.0,2.8928491927431805e-05,4.3105574469667265e-05,9.634757148558641e-05,7.267006367015547e-05,0.0,0.0,0.0009478358079618337,0.0028709011110300783,0.0011828722728842425,0.00010125066233308655,0.0,0.014933175489663126,2.647341201077693e-05,1.4006974817699131e-05,0.00022766533921185137,0.0,0.0019309842587734575,0.0,2.561803009379511e-05,2.759920906620191e-05,2.183154780501552e-06,0.000688675690712681,0.0024013532766799114,1.601784425964352e-05,0.00078989470119698,5.79404044496523e-05,7.696535298273818e-05,0.0,0.0,0.0016023891578313728,0.0011022348242115585,0.0,0.005456800313426834,0.0019533309744135144,8.2972014958903e-05,0.0,9.687399401006449e-05,2.405463948436332e-05,0.0,5.6434604747303675e-05,1.082522302880791e-05,0.00032517425137181617,0.0,0.0031517710862642555,0.0,0.0024173012003212762,4.105790182413963e-05,2.0954776190577198e-05,0.003853909042507486,6.324636460021032e-06,0.0,0.0035101309704142444,0.0019857263682210376,2.3983419178905126e-05,2.1462563789338025e-05,6.413456407418625e-05,0.0013363478513672689,0.0008116995220197401,9.28451168723257e-05,5.395000753121228e-05,1.5176705127763118e-05,0.0,0.0,0.0,5.514295995182845e-05,9.372770654644884e-06,0.0,1.5761206169872092e-05,0.00485260474144917,8.113236517582806e-05,2.731934476448116e-06,0.0012807838583916245,0.0,1.1962229658301e-05,9.44296488168322e-05,1.3164312700350983e-05,0.0008219274512930786,0.0,1.2864599003651586e-05,2.1067841683824248e-05,1.0666734106631147e-05,0.0,0.007217994634850684,0.0002931516217009923,0.0,1.9870007689201338e-05,9.56342455596123e-06,2.5308693608006265e-05,3.9429410193768165e-05,2.735493532164619e-05,2.5924589478015893e-07,3.193858201798508e-05,1.0628400626207478e-05,1.9149627360162987e-05,2.1740301288791277e-05,1.2141167235148236e-05,0.0011423763390263776,0.0,5.863495509098512e-05,0.0,7.435866537686973e-05,2.0152001527454337e-05,1.9236795720507257e-05,2.905785181576705e-06,4.243518743738345e-06,2.1665214732971513e-05,0.0,9.72573506884192e-06,0.0006915917148043383,0.0008999674796945655
0.09507480335399815,0.004914458914136122,0.014329247306904245,0.05090801777269699,0.008732121784767335,0.0002259364818365917,0.06377920333577643,0.12213194173499407,0.00305417752126752,0.0001559220965053162,0.09109831408729722,0.02257518362815586,0.1007659733508989,0.0014928413581664756,0.008128420392864176,0.032124426333017125,0.08957960305553747,0.002138792696538493,0.0001502093205962393,0.004592729953015785,0.01625186071985951,0.005627534162717615,0.011975601539975855,0.02141734444592952,0.0,0.0018381703343934408,0.00045230379630187615,0.02350183053212764,0.004332703504030734,0.00041699634490943146,0.008189090213304582,0.0005136755134415872,0.0,0.0,0.006257845215044223,0.0025853408582427015,0.0003515260888574329,0.0006437930337288735,0.01653542021998453,0.00012772490009181907,0.0,0.00825590765253773,2.145589036049611e-05,0.012835975116109077,3.4446205388988e-05,0.0023311650066930533,0.005458778900316255,0.0005048849178811676,0.0001403054345073776,0.0030987631568939887,7.8802370580277e-05,3.13078855728643e-05,2.7257699398479225e-05,0.00011055797560095222,0.004389551945217022,1.2376268432877265e-05,0.005158881592270126,0.04603587448571479,0.00024689057446098046,0.00019048086975136612,0.0010089877339635926,0.0002303255819500267,0.0,0.00018860549953355035,0.0,2.8928491927431805e-05,4.3105574469667265e-05,9.634757148558641e-05,7.267006367015547e-05,0.0,0.0,0.0009478358079618337,0.0028709011110300783,0.0011828722728842425,0.00010125066233308655,0.0,0.014933175489663126,2.647341201077693e-05,1.4006974817699131e-05,0.00022766533921185137,0.0,0.0019309842587734575,0.0,2.561803009379511e-05,2.759920906620191e-05,2.183154780501552e-06,0.000688675690712681,0.0024013532766799114,1.601784425964352e-05,0.00078989470119698,5.79404044496523e-05,7.696535298273818e-05,0.0,0.0,0.0016023891578313728,0.0011022348242115585,0.0,0.005456800313426834,0.0019533309744135144,8.2972014958903e-05,0.0,9.687399401006449e-05,2.405463948436332e-05,0.0,5.6434604747303675e-05,1.082522302880791e-05,0.00032517425137181617,0.0,0.0031517710862642555,0.0,0.0024173012003212762,4.105790182413963e-05,2.0954776190577198e-05,0.003853909042507486,6.324636460021032e-06,0.0,0.0035101309704142444,0.0019857263682210376,2.3983419178905126e-05,2.1462563789338025e-05,6.413456407418625e-05,0.0013363478513672689,0.0008116995220197401,9.28451168723257e-05,5.395000753121228e-05,1.5176705127763118e-05,0.0,0.0,0.0,5.514295995182845e-05,9.372770654644884e-06,0.0,1.5761206169872092e-05,0.00485260474144917,8.113236517582806e-05,2.731934476448116e-06,0.0012807838583916245,0.0,1.1962229658301e-05,9.44296488168322e-05,1.3164312700350983e-05,0.0008219274512930786,0.0,1.2864599003651586e-05,2.1067841683824248e-05,1.0666734106631147e-05,0.0,0.007217994634850684,0.0002931516217009923,0.0,1.9870007689201338e-05,9.56342455596123e-06,2.5308693608006265e-05,3.9429410193768165e-05,2.735493532164619e-05,2.5924589478015893e-07,3.193858201798508e-05,1.0628400626207478e-05,1.9149627360162987e-05,2.1740301288791277e-05,1.2141167235148236e-05,0.0011423763390263776,0.0,5.863495509098512e-05,0.0,7.435866537686973e-05,2.0152001527454337e-05,1.9236795720507257e-05,2.905785181576705e-06,4.243518743738345e-06,2.1665214732971513e-05,0.0,9.72573506884192e-06,0.0006915917148043383,0.0008999674796945655
0.09507480335399815,0.004914458914136122,0.014329247306904245,0.05090801777269699,0.008732121784767335,0.0002259364818365917,0.06377920333577643,0.12213194173499407,0.00305417752126752,0.0001559220965053162,0.09109831408729722,0.02257518362815586,0.1007659733508989,0.0014928413581664756,0.008128420392864176,0.032124426333017125,0.08957960305553747,0.002138792696538493,0.0001502093205962393,0.004592729953015785,0.01625186071985951,0.005627534162717615,0.011975601539975855,0.02141734444592952,0.0,0.0018381703343934408,0.00045230379630187615,0.02350183053212764,0.004332703504030734,0.00041699634490943146,0.008189090213304582,0.0005136755134415872,0.0,0.0,0.006257845215044223,0.0025853408582427015,0.0003515260888574329,0.0006437930337288735,0.01653542021998453,0.00012772490009181907,0.0,0.00825590765253773,2.145589036049611e-05,0.012835975116109077,3.4446205388988e-05,0.0023311650066930533,0.005458778900316255,0.0005048849178811676,0.0001403054345073776,0.0030987631568939887,7.8802370580277e-05,3.13078855728643e-05,2.7257699398479225e-05,0.00011055797560095222,0.004389551945217022,1.2376268432877265e-05,0.005158881592270126,0.04603587448571479,0.00024689057446098046,0.00019048086975136612,0.0010089877339635926,0.0002303255819500267,0.0,0.00018860549953355035,0.0,2.8928491927431805e-05,4.3105574469667265e-05,9.634757148558641e-05,7.267006367015547e-05,0.0,0.0,0.0009478358079618337,0.0028709011110300783,0.0011828722728842425,0.00010125066233308655,0.0,0.014933175489663126,2.647341201077693e-05,1.4006974817699131e-05,0.00022766533921185137,0.0,0.0019309842587734575,0.0,2.561803009379511e-05,2.759920906620191e-05,2.183154780501552e-06,0.000688675690712681,0.0024013532766799114,1.601784425964352e-05,0.00078989470119698,5.79404044496523e-05,7.696535298273818e-05,0.0,0.0,0.0016023891578313728,0.0011022348242115585,0.0,0.005456800313426834,0.0019533309744135144,8.2972014958903e-05,0.0,9.687399401006449e-05,2.405463948436332e-05,0.0,5.6434604747303675e-05,1.082522302880791e-05,0.00032517425137181617,0.0,0.0031517710862642555,0.0,0.0024173012003212762,4.105790182413963e-05,2.0954776190577198e-05,0.003853909042507486,6.324636460021032e-06,0.0,0.0035101309704142444,0.0019857263682210376,2.3983419178905126e-05,2.1462563789338025e-05,6.413456407418625e-05,0.0013363478513672689,0.0008116995220197401,9.28451168723257e-05,5.395000753121228e-05,1.5176705127763118e-05,0.0,0.0,0.0,5.514295995182845e-05,9.372770654644884e-06,0.0,1.5761206169872092e-05,0.00485260474144917,8.113236517582806e-05,2.731934476448116e-06,0.0012807838583916245,0.0,1.1962229658301e-05,9.44296488168322e-05,1.3164312700350983e-05,0.0008219274512930786,0.0,1.2864599003651586e-05,2.1067841683824248e-05,1.0666734106631147e-05,0.0,0.007217994634850684,0.0002931516217009923,0.0,1.9870007689201338e-05,9.56342455596123e-06,2.5308693608006265e-05,3.9429410193768165e-05,2.735493532164619e-05,2.5924589478015893e-07,3.193858201798508e-05,1.0628400626207478e-05,1.9149627360162987e-05,2.1740301288791277e-05,1.2141167235148236e-05,0.0011423763390263776,0.0,5.863495509098512e-05,0.0,7.435866537686973e-05,2.0152001527454337e-05,1.9236795720507257e-05,2.905785181576705e-06,4.243518743738345e-06,2.1665214732971513e-05,0.0,9.72573506884192e-06,0.0006915917148043383,0.0008999674796945655
0.12404921740130043,0.004298187075404567,0.019031207017988435,0.03260384925649465,0.014526356651569958,0.00022482762638933236,0.08741620016012058,0.11607798749320276,0.0007581488630438127,0.0001551568590162105,0.07992386784597179,0.012693175823998547,0.08547567563713712,7.231192472682051e-05,0.0072243436330057436,0.04092572118171413,0.06485737968877651,0.001836709249007039,0.00014947212037953096,0.0038931587963662046,0.012057616039693199,0.0007365476427301627,0.00011315228693479219,0.03041709817259987,0.0,0.0006533738198952218,0.005346947600820574,0.0233810752399482,0.0006763156406806305,0.0004149498021608617,0.017640476354151724,0.0037270601624742866,0.0,0.0,0.01822212700400319,0.0009073671684461665,0.0003498008623012133,0.03167080618759468,0.012162785612691396,0.00012709804935011416,0.0,0.01775480305957219,2.1350588725679817e-05,0.0,3.427714963414705e-05,0.00039876548771082174,0.006041922407973862,0.0004685886514529513,0.00013961684077488728,0.005079640596675292,7.841562277768846e-05,3.1154232124879966e-05,2.712392353274887e-05,0.00011001537702419052,0.0016384339980941788,1.231552794264309e-05,0.010650913330887104,0.015198492957510046,0.002052277061893635,0.003064856466195064,0.000562599043138528,0.00013822119941304608,0.0,0.0006888982812792404,0.0,2.8786516113725324e-05,4.289402009531659e-05,9.587471500573174e-05,7.231341212234738e-05,0.0,0.0,0.0006517823502149879,0.004932142039747881,0.010238322291341882,0.00010075374236888238,0.0,0.0,2.634348528589803e-05,1.3938231115044404e-05,0.0001766679794388713,0.0,0.00455608294350512,0.0,2.549230142887723e-05,2.7463757132701235e-05,2.1724402511307698e-06,4.08219257590263e-05,0.005026553839580428,1.5939231572943802e-05,7.505774393649594e-05,5.765604340902642e-05,7.658762093074106e-05,0.0,0.0,0.001055482334258731,0.0037913950543898675,0.0,0.007910338692350626,0.00010694830214747285,8.2564803294769e-05,0.0,9.639855394353501e-05,2.393658365819804e-05,0.0,5.6157633899659724e-05,1.0772094789288043e-05,0.0005842927286648345,0.0,0.006468219891621924,0.0,0.0017350772685076192,4.085639705731024e-05,2.0851933933602397e-05,0.0037163669350189143,6.293596286545633e-06,0.0,0.0007129836407680661,0.007270460382105769,2.3865712889136184e-05,2.135722940253824e-05,6.381980321682857e-05,0.0017169066062595166,1.9156573303609986e-05,9.238944980714688e-05,5.368523063797052e-05,1.5102220600007481e-05,0.0,0.0,0.0,0.0004748720776725819,9.326770789055087e-06,0.0,1.5683853016566466e-05,0.0010114302352617738,8.073418218057671e-05,2.718526635442802e-06,0.0029744882925863037,0.0,1.1903521195594356e-05,0.0034269084467709156,1.3099704631177955e-05,4.6599423459673636e-05,0.0,1.280146187517172e-05,2.0964444521828954e-05,1.0614383702117195e-05,0.0,0.0060241546920573735,0.001623716415256577,0.0,1.9772489280115057e-05,9.516488995457102e-06,2.518448311069246e-05,3.9235897769744484e-05,2.7220682239566372e-05,2.579735627500687e-07,3.178183322575596e-05,1.057623835549217e-05,0.0008847940476173136,2.1633603816505372e-05,1.2081580579131713e-05,0.0009939967407479686,0.0,5.834718532125193e-05,0.0,7.399372647685752e-05,2.005309914353983e-05,1.914238500140114e-05,2.8915241127091855e-06,4.222692320151098e-06,2.155888577194045e-05,0.0,9.678002917654907e-06,0.00045830652561003283,0.0005261774428173989
