P02768,P01834,P04004,P02647,P02649,P01008,P01857,P02656,P10909,P00734,P02675,P04196,P02679,P02652,P01042,P01024,P02671,P01871,P01009,P04003,P0DOY2,P02655,P02766,P19823,P0DOY3,P01876,P35542,P01859,P06727,P68871,P0C0L5,P02654,Q14520,P02743,P01619,B9A064,P69905,P19827,P04114,P03951,P00742,P0C0L4,P55056,P01860,P02776,P02787,P02749,Q14624,P07225,P02760,P0DOX7,P0DJI8,P04264,P27169,P03952,P05154,P00747,P01861,P00738,P02746,P01764,P00739,P60709,P06396,P10720,P02788,P13645,P06702,P02747,P00740,P01023,P01766,P08603,P01593,P02775,P07737,P06312,P04070,P05090,O14791,P05155,P02765,P24844,P35908,P08697,Q06033,P05546,P02748,P22891,P04433,Q03591,O43866,P35527,Q92954,P02790,P00748,P81605,P00751,P02745,P18065,P01615,P49908,Q13790,P02774,P12259,Q13103,P15169,P20851,P07358,P01011,P02751,P07996,P02763,P09871,O75636,P01591,P00736,P07360,P02741,Q9UK55,P18428,Q5TB80,O95445,P17936,P08727,P00746,P67936,P04406,P01700,P05452,P61626,P62805,P27918,P01031,Q9Y490,P61224,P13671,P80748,P09211,P01599,P07355,P01877,P08514,Q9BXR6,P63104,P04217,P01019,P36955,P35858,P05109,Q6Q788,P35442,P02730,P35579,P60660,P08709,P63261,P23528,Q96IY4,P49747,P27105,P07357,P01880,P06733,P19652,P62937,P02533,P05106,P18206,P08519,P26038,P48740,P51884,P10643,OTHER
0.9751221,0.90737,0.93530756,0.9724329,0.9147133,0.68510646,0.8501325,0.9444458,0.79627174,0.80202615,0.97165596,0.9333639,0.97016686,0.9009099,0.6306029,0.9977424,0.7626032,0.9808837,0.8644055,0.9206534,0.5350626,0.73606867,0.74018604,0.96629333,0.77539885,0.90472114,0.34459844,0.88540393,0.9033814,0.3502918,0.9097893,0.56802106,0.601532,0.7950012,0.2550174,0.73289645,0.5837584,0.62085646,0.96675795,0.9014973,0.10603847,0.98379505,0.5847458,0.939668,0.7923851,0.92563623,0.053824652,0.9420564,0.789217,0.4749752,0.010553741,0.08707638,0.8035632,0.5738705,0.76456624,0.57228255,0.721045,0.9243798,0.74838,0.23231442,0.15920421,0.87283105,0.5268996,0.7040624,0.22308151,0.003366035,0.8804437,0.008848154,0.7687154,0.14054078,0.913703,0.1383794,0.71408725,0.0059191915,0.10742739,0.017599212,0.7321177,0.110444516,0.5321931,0.41682705,0.9604531,0.6470839,0.008371483,0.90382123,0.8760859,0.11753937,0.8989172,0.5421044,0.033958614,0.5336122,0.2035655,0.9168477,0.8616519,0.44726548,0.7459322,0.7738155,0.120095454,0.79085714,0.078783914,0.03305056,0.46492848,0.061880413,0.008846678,0.9393475,0.7837317,0.3524483,0.12821338,0.021600997,0.7584988,0.82775855,0.95516145,0.039887447,0.1517424,0.30859464,0.08158655,0.18280123,0.42529342,0.25836942,0.0074359323,0.33886668,0.5554369,0.03492804,0.7491941,0.007993377,0.0028860166,0.07632139,0.0021468205,0.7943443,0.006674047,0.2034849,0.7680423,0.79291564,0.4866883,0.86551666,0.52449775,0.24296743,0.5845224,0.123817414,0.012714152,0.04851754,0.14517286,0.9517803,0.86056095,0.07457272,0.825183,0.6981353,0.9460246,0.06270379,0.68352973,0.5028565,0.6746738,0.03520307,0.49949536,0.006369824,0.0008268081,0.02170074,0.48794773,0.0034519993,0.867078,0.37835348,0.16621788,0.6937781,0.11221906,0.021566508,0.5955762,0.034534335,0.7041975,0.50481063,0.0078026694,0.6051775,0.7351442,0.0063630277,0.00095962983,0.78331643,0.7076334
0.9949962,0.7147931,0.6651007,0.9125559,0.9595644,0.9050348,0.8992539,0.27349144,0.83400714,0.89640796,0.98185045,0.99414814,0.9817616,0.7072953,0.9815794,0.9864544,0.98699147,0.9727165,0.56394756,0.2662651,0.50920784,0.21591729,0.5911143,0.13754943,0.66834074,0.92383045,0.2356279,0.35112166,0.9007621,0.7990093,0.29027498,0.6088431,0.48320684,0.23551343,0.88178384,0.211626,0.7646522,0.17291848,0.5758645,0.9278862,0.31031471,0.7313492,0.3175586,0.3998176,0.3232282,0.34400475,0.21508226,0.6508431,0.10582283,0.11107363,0.054207545,0.32198918,0.46748385,0.6452818,0.96113265,0.9427187,0.9447357,0.078789465,0.8086086,0.67394614,0.121063404,0.16338181,0.74050623,0.96944964,0.4757025,0.239037,0.44783568,0.064919226,0.33567145,0.23393291,0.8158685,0.1948614,0.95402074,0.08043136,0.34998673,0.3019877,0.4245918,0.17773768,0.7321177,0.49340382,0.43068868,0.6310418,0.001285106,0.51156056,0.31954893,0.0145356,0.72143394,0.08669761,0.0033282356,0.61032605,0.46316454,0.17442767,0.08242962,0.2961357,0.5614645,0.6696684,0.21238735,0.8131182,0.20925331,0.25407884,0.074684784,0.97278625,0.06220523,0.5216408,0.50344545,0.030685741,0.87038314,0.009592929,0.52677286,0.25047168,0.36427844,0.560656,0.046862215,0.1601293,0.8153946,0.41332847,0.16403347,0.0114355385,0.013605808,0.2277511,0.31327775,0.00066704233,0.4278902,0.1984975,0.0013162293,0.45398217,0.0010789437,0.47550738,0.024036393,0.79977596,0.7528659,0.7439623,0.0051970542,0.29295468,0.44699782,0.35337344,0.88970417,0.16757159,0.07945729,0.0023344208,0.03664429,0.06661562,0.14768185,0.19160494,0.27330825,0.47763303,0.29425827,0.6413409,0.56182134,0.17082845,0.6602946,0.0562864,0.077267595,0.14169419,0.044765066,0.000508455,0.039550517,0.018042088,0.5066543,0.02869286,0.19988371,0.26113814,0.05841559,0.71560705,0.15682897,0.2580212,0.03259809,0.18074924,0.8501341,0.95346653,0.7031963,0.017567903,0.00059686584,0.047679156,0.98832023
0.9994141,0.014988277,0.14460552,0.9630975,0.9658143,0.017169716,0.05768975,0.097211644,0.064209074,0.0950963,0.096738786,0.042228475,0.10741014,0.14548886,0.012431792,0.027647808,0.11881621,0.9849877,0.9073928,0.019291552,0.034479875,0.06066821,0.025335921,0.032837212,0.0027472943,0.04591135,0.009961725,0.036022123,0.050733164,0.10481734,0.05843258,0.031536452,0.008370311,0.019314226,0.038102623,0.013819786,0.05301955,0.02565,0.028941935,0.0067309416,0.0075498163,0.016568491,0.023715012,0.048175544,0.0058965497,0.08413362,0.03367094,0.027117284,0.03596747,0.035626587,0.84849304,0.010264619,0.012389957,0.036997307,0.016929207,0.008633866,0.01654291,0.029618632,0.13101865,0.79370487,0.02028369,0.7140306,0.030963052,0.08178719,0.0012855503,0.011766609,0.059930753,0.02762044,0.76432794,0.0059446017,0.05417539,0.02813673,0.16372684,0.014288776,0.020749012,0.020701172,0.069733426,0.0031146028,0.0029560118,0.034558102,0.03915012,0.035716016,0.00011742527,0.03619449,0.02252249,0.004680445,0.020827657,0.03379241,0.00086507585,0.025523162,0.03216338,0.7862129,0.0020391284,0.012355333,0.051578607,0.030361354,0.010218681,0.036293633,0.01701374,0.021608295,0.0025743123,0.06588805,0.0023786805,0.0062755346,0.04708894,0.038355228,0.0037286298,0.0058812215,0.014044452,0.020577068,0.016319554,0.014012293,0.015206976,0.043609,0.9080613,0.014277169,0.057752717,0.00813139,0.0010320338,0.013797459,0.016915254,0.06146137,0.02435025,0.001360426,0.0010649886,0.0024371848,0.00041868072,0.01070362,0.009693071,0.012211278,0.0006846648,0.0011361965,0.0027748724,0.012681871,0.019695757,0.00830154,0.016547993,0.039501827,0.002124012,0.0033568512,0.0024780217,0.001511061,0.006699232,0.04081467,0.0053534685,0.028464623,0.029755538,0.017729905,0.022077713,0.0013535287,0.019963717,0.0006071635,0.6348217,0.009591616,0.0007157049,0.00048265187,0.0005057469,0.0025103947,0.012335589,0.0042936252,0.7848138,0.009533074,0.00028283137,0.0029226716,0.008565264,0.0070602642,0.0028145232,0.0009992656,0.0035131406,0.008069721,0.0011622455,0.005372275,0.0003248701,0.0069137183,0.91112167
0.99939036,0.10873441,0.016775105,0.96433574,0.9674086,0.0039404705,0.1254358,0.096249364,0.020627286,0.015733335,0.013750336,0.007928499,0.042117044,0.061873812,0.009694665,0.032701403,0.058763143,0.9525805,0.8810884,0.07130574,0.08583394,0.027048947,0.022773398,0.04060396,0.006709489,0.011973277,0.045360427,0.07673914,0.016096951,0.046577834,0.06824667,0.021148259,0.030226199,0.0069813863,0.022530163,0.007824739,0.022458792,0.050408218,0.0068123527,0.003044788,0.0029739577,0.01519851,0.013322884,0.14536086,0.0045296336,0.09469679,0.072578296,0.012514897,0.05695181,0.06513039,0.9170239,0.025062451,0.07582486,0.07190827,0.011213895,0.0075291507,0.011136156,0.026828274,0.12734033,0.63068,0.015557847,0.6026269,0.03177807,0.018875306,0.00057369674,0.004698243,0.036015805,0.025407476,0.59144,0.01026774,0.02016851,0.0448061,0.03130987,0.004974999,0.023494143,0.0149835665,0.007317592,0.0044397363,0.0044763735,0.013772113,0.019323718,0.073604465,0.00016292551,0.010596189,0.028679999,0.007839835,0.014444946,0.027971145,0.0014943,0.00898311,0.012341162,0.6507276,0.0024045007,0.009547632,0.020324286,0.022359537,0.014916548,0.020330861,0.006621406,0.001084215,0.003039602,0.010365965,0.0004419673,0.005125584,0.010715951,0.017501963,0.0027500272,0.038174327,0.010224397,0.042529922,0.025886292,0.0045038965,0.013327806,0.004792171,0.96835357,0.020238671,0.015129287,0.0065087113,0.0005030456,0.00720032,0.013723404,0.034527473,0.0033394801,0.0023074688,0.001480434,0.0021560078,0.0003149645,0.0174892,0.0018061978,0.027698025,0.0008340445,0.00072906964,0.0068270997,0.0043209814,0.006660774,0.0028849423,0.012539776,0.0046540494,0.0040768427,0.003142461,0.0027881227,0.0015976424,0.0015618845,0.02048452,0.0036686882,0.011669965,0.021101575,0.0066820593,0.003652825,0.008165322,0.0029318277,0.0006071635,0.62890136,0.0076757153,0.0016158151,0.00041431177,0.0004935114,0.0063007628,0.0042776153,0.0024333608,0.8171535,0.005110843,0.0006148756,0.0052239206,0.0016832815,0.008501491,0.0014629017,0.00034371723,0.0009421406,0.0010017304,0.002058106,0.0006839367,0.0002417527,0.005594767,0.7795273
0.9975305,0.94739795,0.9718758,0.9969626,0.99917585,0.6520798,0.9653305,0.49859348,0.974427,0.13119668,0.9865574,0.9793591,0.9907895,0.5675748,0.9684424,0.9990125,0.9498781,0.99498785,0.9951265,0.5701687,0.067180686,0.6722252,0.5464693,0.23621777,0.24334288,0.9117279,0.7644293,0.9871414,0.9847935,0.59634197,0.729559,0.27082852,0.029907016,0.6360888,0.22189365,0.31952438,0.80466807,0.13213739,0.5600562,0.8565738,0.2779801,0.6897581,0.14097966,0.7300826,0.47307417,0.8713588,0.9633557,0.17689694,0.1316156,0.015812542,0.012523337,0.050861526,0.78748953,0.083055496,0.93935823,0.0059707593,0.34116274,0.35798067,0.90580326,0.26704353,0.04179444,0.17774568,0.27086812,0.5765299,0.0017807081,0.021406492,0.57103735,0.010255927,0.6269477,0.06685167,0.72477335,0.095063,0.32549542,0.013514267,0.4883072,0.0362437,0.22093531,0.007033682,0.75750875,0.6049972,0.8798368,0.7918686,0.011879376,0.14479755,0.05246798,0.021873904,0.34220183,0.862397,0.004695481,0.017729122,0.044304192,0.36142266,0.0033075756,0.09118137,0.1674871,0.20870543,0.3096767,0.38676262,0.3056711,0.0036745337,0.04400935,0.03713046,0.007681899,0.106540285,0.65823275,0.07917816,0.116443366,0.008674935,0.4195133,0.09901288,0.42948762,0.10816013,0.18381043,0.41554308,0.01747368,0.19924147,0.21886192,0.33836263,0.005892588,0.046011325,0.09049925,0.0657875,0.33688265,0.010871329,0.02850611,0.0093887355,0.028288007,0.10936344,0.07862082,0.066827625,0.43019703,0.011789964,0.73829776,0.0787985,0.28018853,0.29005706,0.15921164,0.042558152,0.0022615336,0.007721953,0.018199794,0.6628024,0.42661685,0.044078823,0.43119416,0.10698811,0.11113994,0.16800535,0.3245516,0.031937074,0.30359337,0.0014707994,0.014708223,0.16316143,0.028056707,0.009523489,0.9776649,0.012480176,0.04584662,0.06015696,0.14710326,0.11126223,0.15244289,0.027521228,0.012292227,0.022567313,0.0619469,0.343571,0.21605566,0.026684936,0.008926258,0.067533165,0.00600363,0.17196664,0.97088796
0.99875283,0.8428475,0.91236514,0.94814,0.9728318,0.95989436,0.962373,0.73165596,0.84844726,0.6143569,0.9565222,0.9789402,0.787946,0.859587,0.8193123,0.9949999,0.98466563,0.953391,0.9858073,0.7590445,0.6227737,0.7952035,0.69716763,0.48238868,0.050791077,0.9767969,0.66359496,0.898755,0.6078805,0.8736309,0.9396899,0.7976338,0.76287204,0.2941259,0.4732405,0.787188,0.8396266,0.8405813,0.7469178,0.7808977,0.61296266,0.7526522,0.80896735,0.81055146,0.27836168,0.8838451,0.3981341,0.8147056,0.7680518,0.7551748,0.40651768,0.5782621,0.9421312,0.88252246,0.94587904,0.9254121,0.94170284,0.7255576,0.98715407,0.85343516,0.12465577,0.8772952,0.6682408,0.97062665,0.013019192,0.28357977,0.80338514,0.8677806,0.9608136,0.258537,0.97154737,0.3646365,0.9857269,0.73000634,0.93273914,0.14262024,0.47453904,0.18457556,0.8338483,0.6723696,0.92170733,0.8170091,0.0011236758,0.5423607,0.8408473,0.41474247,0.7975576,0.77525544,0.023370858,0.16821712,0.60796744,0.49699932,0.05351182,0.5803615,0.8666117,0.4178238,0.63416827,0.7058645,0.7240218,0.13176389,0.0625057,0.74361384,0.07177683,0.66498554,0.9099214,0.6672006,0.6568744,0.036900245,0.9433773,0.93143606,0.7527753,0.70458305,0.5296343,0.86226714,0.49705014,0.7635909,0.6576183,0.9339154,0.012623838,0.37482837,0.8956093,0.023288844,0.3720202,0.76520383,0.05808282,0.12450082,0.0056815282,0.6482847,0.6146072,0.6459305,0.83565366,0.21164806,0.052055433,0.8881406,0.252739,0.289462,0.7877134,0.8570866,0.04849718,0.06635732,0.21439135,0.032874238,0.04660578,0.85325027,0.60156006,0.61090636,0.86771584,0.3778145,0.8429097,0.6268942,0.07264981,0.013191593,0.61740583,0.21540375,0.07757992,0.024588207,0.05158478,0.019837985,0.60166883,0.116008066,0.5307741,0.8270426,0.14145996,0.20543566,0.48393396,0.14533553,0.5069108,0.13526532,0.023126908,0.2774327,0.15133749,0.12425547,0.33397263,0.6529627,0.9861858
0.9989241,0.72410095,0.34313643,0.99760264,0.9987386,0.3886718,0.16411042,0.9745258,0.19856699,0.22723822,0.9948697,0.373769,0.99370766,0.98940533,0.26498666,0.13571474,0.932496,0.755872,0.9769408,0.16406542,0.16931562,0.20602117,0.12149029,0.17649177,0.66656667,0.4028209,0.10922307,0.3188134,0.14997363,0.91709214,0.17024985,0.73992467,0.10709296,0.07293209,0.19241802,0.078609616,0.9849926,0.18840033,0.17697683,0.03234363,0.06299829,0.014601763,0.09349358,0.09069449,0.048790656,0.9319642,0.16433255,0.21396995,0.18724498,0.16803087,0.8523282,0.1076173,0.98178184,0.2794951,0.07206283,0.060528345,0.19343175,0.085971974,0.95605016,0.14279036,0.048555072,0.2594962,0.08903415,0.5521367,0.0009957307,0.036866166,0.9970843,0.27769455,0.42481047,0.11284022,0.3075305,0.023883104,0.4312682,0.016333055,0.18111248,0.40361118,0.306752,0.09265075,0.08048814,0.41533864,0.1295312,0.0907041,0.061082553,0.76532316,0.12722413,0.066663474,0.20147128,0.33874506,0.07618919,0.039014492,0.1448127,0.06554193,0.036565125,0.025949232,0.40060255,0.2971475,0.048870977,0.27310872,0.028718872,0.08928926,0.010407602,0.26676688,0.4042552,0.26872066,0.2970728,0.27418548,0.019434232,0.0691688,0.062393714,0.27392468,0.11384846,0.2533375,0.08260376,0.12623614,0.86119545,0.0751893,0.044523824,0.08149628,0.11922686,0.24479233,0.28723076,0.012953811,0.09937052,0.010273644,0.8996046,0.006163402,0.09178606,0.18836063,0.019205118,0.07646737,0.0020055806,0.00043779655,0.011325745,0.23885813,0.4650393,0.27736375,0.2879219,0.13799165,0.004430954,0.0127064325,0.006025569,0.0024979704,0.31004843,0.117770284,0.18748169,0.68864655,0.15424144,0.020187836,0.028916618,0.008530442,0.07979222,0.00082307705,0.34776875,0.2619774,0.01794908,0.01994163,0.11780988,0.085173175,0.06412517,0.08133278,0.041826487,0.07160657,0.0036490664,0.17311431,0.09513354,0.18785779,0.085467085,0.3966747,0.44885156,0.35097143,0.011418749,0.026842114,0.019472606,0.11099488,0.97677475
0.9988832,0.9802868,0.8390277,0.9912247,0.9941602,0.8536495,0.9152612,0.94307035,0.7493633,0.8300516,0.9914255,0.9126953,0.9493944,0.9788442,0.90402704,0.94802105,0.9261484,0.9226006,0.84710234,0.5948683,0.18331166,0.9229746,0.11181657,0.9182023,0.0022360277,0.5774942,0.77573663,0.82761663,0.8914851,0.9260392,0.9437158,0.8671879,0.90583706,0.18866536,0.77027106,0.80573463,0.94831115,0.92401516,0.9011891,0.0063187615,0.15368381,0.07191034,0.83899444,0.08472006,0.24041477,0.9082475,0.09158272,0.63669086,0.8917748,0.8839479,0.017334865,0.8719706,0.98732656,0.877182,0.076052055,0.017243318,0.89861125,0.05159332,0.948708,0.4329319,0.06849501,0.7562785,0.96471757,0.915851,0.00035769504,0.009933572,0.97465456,0.041667875,0.8677756,0.8085098,0.941783,0.011353917,0.8808287,0.03075302,0.82829696,0.94166523,0.24718219,0.61667377,0.8401254,0.92692786,0.12095964,0.079648525,0.4779423,0.9263897,0.19640048,0.8626517,0.5536892,0.9138389,0.8649435,0.046448145,0.075991325,0.09577206,0.03297515,0.04192273,0.90088755,0.019775739,0.27071556,0.90827805,0.7195721,0.0016677196,0.045470443,0.05006223,0.9362474,0.8209891,0.6964516,0.08552558,0.054211736,0.4798294,0.8370866,0.93817455,0.13260071,0.9766718,0.86207163,0.37547398,0.0019449234,0.19931783,0.44543284,0.8913758,0.8183491,0.94988346,0.93641657,0.09405704,0.43375054,0.007162521,0.892933,0.02718098,0.95296806,0.8647899,0.104566164,0.014566061,0.002434382,0.0033209613,0.07423823,0.8892928,0.90046984,0.7431034,0.8448219,0.043748546,0.0027816894,0.022604197,0.0037891744,0.013801016,0.9012046,0.031973045,0.23393704,0.8709728,0.84921753,0.10695893,0.09039365,0.0074284533,0.06140829,0.00064152275,0.69088066,0.8953324,0.66800934,0.40945348,0.011909449,0.7478226,0.008201788,0.49439916,0.6260118,0.9169107,0.0034705685,0.68092746,0.5111643,0.82487196,0.07827221,0.91607374,0.87829447,0.8332507,0.20480718,0.17288175,0.009712603,0.80160314,0.87186664
0.9899816,0.9689279,0.9984664,0.9918256,0.95002514,0.05233233,0.9984705,0.1393497,0.9969043,0.41219428,0.9929763,0.9586635,0.9885798,0.33677834,0.34148484,0.98910195,0.98195446,0.9979025,0.9899554,0.97949123,0.18366326,0.10063031,0.240352,0.2801548,0.05788877,0.99761546,0.02160064,0.91495425,0.9947249,0.18922237,0.9704751,0.036026437,0.08522915,0.025995657,0.040228605,0.16352952,0.08559906,0.21598761,0.31399384,0.13920467,0.37778157,0.19044544,0.0277264,0.059851307,0.072056055,0.99037325,0.73496115,0.22477484,0.4734266,0.26762462,0.019023374,0.04130801,0.97619706,0.08088175,0.22254449,0.26196474,0.89472437,0.17421414,0.9764722,0.022682292,0.08030248,0.04109644,0.9868624,0.88385296,0.0068443874,0.019870184,0.7343622,0.06926562,0.11894325,0.11932829,0.9251101,0.13270989,0.113328055,0.024485279,0.06827289,0.7366569,0.11321981,0.16420312,0.04280494,0.064234905,0.08927263,0.23199841,0.6086269,0.9852814,0.16976032,0.07270152,0.03474254,0.91562825,0.038329557,0.19692697,0.14016083,0.060229026,0.77709186,0.024308404,0.8490027,0.1300924,0.032276526,0.043546505,0.022830054,0.032410584,0.027004639,0.103339635,0.030403635,0.052860748,0.95126635,0.46883428,0.10045757,0.022550559,0.111433566,0.04284578,0.04897591,0.80105156,0.014577686,0.117923714,0.015706819,0.06506862,0.07631533,0.013318825,0.121291704,0.28349477,0.06863343,0.03708617,0.04464091,0.0557396,0.021584164,0.057975978,0.12038522,0.88364124,0.006021504,0.013236435,0.055206772,0.03822687,0.0060085002,0.10052549,0.8761743,0.8703887,0.041597813,0.0637537,0.007857394,0.004257293,0.033322405,0.060116995,0.982919,0.056767143,0.6438184,0.053835325,0.08505827,0.04583932,0.07630992,0.024597913,0.07062071,0.010044102,0.009483249,0.033567797,0.49215028,0.041938405,0.02665242,0.5310763,0.020580148,0.033788394,0.570446,0.05079516,0.028904585,0.863651,0.010424348,0.018896533,0.043846156,0.9473821,0.9375033,0.10559091,0.011185359,0.010211815,0.009645283,0.029294306,0.98179644
0.99790406,0.8320224,0.9232804,0.8498406,0.8876674,0.057263486,0.77882534,0.15272117,0.9577857,0.7707071,0.9730014,0.9262314,0.96709836,0.060779173,0.90423405,0.9322518,0.3577207,0.8359306,0.024235763,0.809119,0.1038777,0.18597102,0.028118916,0.032511443,0.0023295027,0.7704478,0.05499844,0.6609043,0.8271687,0.3457737,0.14399393,0.11906728,0.059459303,0.015884858,0.1949391,0.06412175,0.14745478,0.026289195,0.046905033,0.015887555,0.09030857,0.8056508,0.06159955,0.35991365,0.01756257,0.027334856,0.5732239,0.73449826,0.5014799,0.0871039,0.010205124,0.050287098,0.02182873,0.79002833,0.64227474,0.29320213,0.83621633,0.014654756,0.03166067,0.87307674,0.16154407,0.021418339,0.2671644,0.8258367,0.0032867624,0.010127055,0.018880602,0.06932045,0.658039,0.10000352,0.02687064,0.18147382,0.90580183,0.27393994,0.0060271686,0.2119603,0.31293795,0.09875952,0.15841725,0.05469943,0.04759686,0.80082834,0.0009881406,0.035753693,0.55196524,0.042890713,0.026667304,0.01908813,0.029632213,0.042360403,0.003867456,0.014016246,0.017739564,0.005729565,0.67561847,0.46327543,0.12340523,0.7569465,0.7598429,0.017943365,0.01641613,0.7636006,0.007016638,0.6057345,0.04172434,0.007276381,0.038656138,0.017681612,0.7163748,0.107996866,0.73271495,0.03282122,0.20612998,0.082420886,0.00663809,0.2806228,0.8862071,0.063152924,0.021447677,0.006455478,0.021147149,0.013152669,0.026404625,0.0053473986,0.016918497,0.0044815103,0.011445175,0.14189792,0.025091229,0.003016951,0.026826939,0.14162259,0.007039662,0.010596808,0.054003637,0.15532449,0.75173193,0.16834949,0.12348021,0.011802187,0.0796041,0.0017029664,0.01606785,0.009840012,0.17708445,0.09670902,0.021957954,0.010552645,0.0144322235,0.071583845,0.08405234,0.0006125085,0.040891923,0.24371667,0.22736354,0.01618899,0.001230173,0.0066375807,0.008862718,0.022941537,0.0354824,0.024582183,0.0015958156,0.19412448,0.0031447352,0.08455651,0.04116625,0.0058866525,0.06211751,0.6414081,0.1926161,0.06991382,0.003599751,0.6817921,0.8828505
0.9979411,0.97987443,0.9161733,0.9390631,0.85879874,0.21916452,0.9857202,0.08657818,0.9050381,0.072896264,0.9068509,0.9614856,0.943048,0.036268733,0.8680375,0.99640673,0.20511845,0.9538026,0.3043821,0.7921019,0.19215688,0.17456666,0.1422201,0.19558497,0.025373487,0.93141544,0.12599063,0.8285909,0.7354067,0.33219486,0.43019998,0.18957722,0.049204167,0.09830943,0.28907865,0.08179676,0.2745437,0.06446034,0.8982406,0.8450827,0.17666301,0.8246193,0.1438504,0.93102163,0.008134964,0.19721344,0.6739769,0.6822084,0.21658674,0.04235314,0.01938608,0.04205209,0.06919368,0.8213604,0.81699914,0.83354944,0.81192756,0.19808243,0.24637467,0.82985026,0.054299437,0.26626074,0.28526628,0.94517714,0.0077816485,0.07230538,0.12302211,0.7809593,0.8418077,0.097016536,0.3104478,0.37833813,0.88724214,0.05280583,0.031012356,0.054886162,0.24275286,0.06297547,0.31881464,0.02203191,0.7449831,0.89895743,0.00024913583,0.1459016,0.87297237,0.053032275,0.16767885,0.04840105,0.0038974837,0.124371484,0.034525685,0.109610066,0.07610536,0.03898285,0.9274345,0.885222,0.1753554,0.19629739,0.03822082,0.063289165,0.056844227,0.8405854,0.004540552,0.933971,0.029865611,0.016818464,0.024319004,0.0041671665,0.11734417,0.2864993,0.8524478,0.43961355,0.119503714,0.05484281,0.043240614,0.19128391,0.08431284,0.11737606,0.0020360867,0.01741238,0.091024615,0.023894323,0.077003054,0.05806006,0.004526534,0.037844226,0.0022754797,0.12656192,0.078212045,0.13785942,0.22824018,0.31701386,0.033471294,0.06915762,0.08210765,0.06222014,0.13987389,0.16916256,0.09728855,0.0110909045,0.28935832,0.010039091,0.004806255,0.047433563,0.11741607,0.15698045,0.19949757,0.06412653,0.8437778,0.14902852,0.005754302,0.011513092,0.044549815,0.09842182,0.026375573,0.0010891296,0.012136618,0.0005866616,0.1467729,0.06773118,0.094639,0.06312197,0.0062992764,0.04180965,0.049069643,0.032786723,0.113586,0.007464355,0.0052034557,0.83551234,0.20293275,0.009414689,0.0016349208,0.091899246,0.94989866
0.9989429,0.67455643,0.9743401,0.94976044,0.9042843,0.5650094,0.9705758,0.091104604,0.9858357,0.5223692,0.9848881,0.9637533,0.9760743,0.857557,0.3462404,0.99802434,0.9974969,0.9691798,0.8934643,0.85447043,0.14275618,0.48928437,0.7669432,0.8126837,0.011581429,0.8539724,0.083321504,0.5740788,0.86503506,0.7379937,0.9646479,0.52962273,0.19556223,0.013222424,0.8776658,0.015357611,0.7001507,0.4885997,0.93457055,0.19554652,0.2617327,0.14153911,0.03170456,0.3986596,0.7561584,0.7419811,0.61829066,0.19551654,0.5815371,0.07664222,0.06446316,0.032040425,0.80861497,0.047118068,0.32025132,0.27141637,0.3783768,0.12952814,0.97015554,0.30382505,0.3257542,0.13253292,0.6777467,0.98035586,0.01877853,0.29046917,0.5684163,0.7808415,0.20946273,0.11884647,0.9452103,0.061706044,0.6910145,0.0875125,0.43609044,0.057798896,0.34825444,0.00898525,0.35512707,0.8385496,0.35755122,0.5040551,0.1778425,0.75477237,0.19122912,0.034306023,0.37428886,0.9174945,0.0016499716,0.048793502,0.16727231,0.2849704,0.0050891214,0.074124515,0.83209634,0.30168375,0.012907143,0.792392,0.23894691,0.011023678,0.0050395024,0.05014255,0.020952793,0.07515618,0.5388897,0.4865713,0.7110661,0.0034761007,0.43887043,0.5597261,0.5335094,0.862903,0.23535559,0.617703,0.004002091,0.5253934,0.2140717,0.46867728,0.022424156,0.028404994,0.09597399,0.0020407022,0.2903834,0.044499576,0.018365351,0.014959188,0.0042676264,0.71331906,0.19891661,0.11313003,0.78516066,0.3722832,0.022098089,0.16270082,0.76163113,0.23560625,0.7092327,0.056791943,0.24708323,0.010275583,0.26972318,0.14719991,0.052149046,0.1565957,0.5510104,0.0836277,0.12752815,0.5167988,0.29785454,0.1804628,0.28119794,0.2770427,0.00262435,0.74264497,0.16048227,0.0012877384,0.0045571,0.15573956,0.023375543,0.0048069917,0.28496942,0.075940184,0.02406391,0.7993614,0.013621995,0.5467395,0.068121575,0.010970882,0.2514468,0.2893729,0.22437511,0.008780076,0.03996925,0.031471584,0.9581501
0.9994462,0.4036135,0.9767868,0.94730294,0.5344312,0.70699096,0.9774694,0.68149954,0.98191893,0.8111283,0.9766514,0.9349768,0.44813716,0.42558953,0.14051747,0.9949175,0.92703927,0.9448934,0.97924966,0.9382485,0.029059337,0.492512,0.6285965,0.30666515,0.005260216,0.57213205,0.15562478,0.2509104,0.3116359,0.35374022,0.8741093,0.43481228,0.47723323,0.067224935,0.6002187,0.030657707,0.498991,0.85798216,0.8011928,0.4220916,0.6338554,0.04547208,0.03121694,0.27388674,0.5628244,0.4577701,0.5860074,0.5109066,0.46585622,0.16247809,0.055873364,0.00579297,0.38763466,0.040918,0.7497819,0.25443444,0.39812517,0.36715052,0.98445064,0.48141587,0.245112,0.04455298,0.2684923,0.94582886,0.0009554893,0.113908954,0.761005,0.72212434,0.5076114,0.07235334,0.9601302,0.2389272,0.2576307,0.62564534,0.6542849,0.06580237,0.20140712,0.0769095,0.12837344,0.50953466,0.42100158,0.43798694,0.019176815,0.6203211,0.40235624,0.057812337,0.6824919,0.80389136,0.004237599,0.0110757165,0.55026037,0.44223943,0.006682167,0.5921414,0.35208133,0.57375723,0.11573168,0.4932122,0.29982308,0.05377876,0.004606646,0.17090455,0.020993724,0.10111302,0.60086375,0.6146037,0.19695772,0.012024015,0.45825967,0.30957443,0.1858982,0.49282438,0.17190574,0.7143719,0.015636543,0.562027,0.14733088,0.57244366,0.012036388,0.050394077,0.26666644,0.015514103,0.07312558,0.008076445,0.28214905,0.006107042,0.0034267171,0.22090289,0.12770468,0.116258964,0.9563269,0.34446022,0.6288458,0.4365886,0.40900838,0.06200183,0.34303808,0.32019004,0.16364844,0.007659921,0.27385798,0.08643607,0.11313059,0.49486464,0.24108616,0.32899374,0.22337869,0.82727385,0.07044143,0.0967495,0.07038865,0.0062344456,0.0033741228,0.3979154,0.15472543,0.002210308,0.00929141,0.001102661,0.010362958,0.14681946,0.27266225,0.03715633,0.025827276,0.354373,0.020468788,0.044790745,0.044902686,0.021207308,0.06683878,0.17074779,0.087670304,0.013166044,0.0062879594,0.025847517,0.98492116
0.99827707,0.038084883,0.9909593,0.8963559,0.9671212,0.94670784,0.9776808,0.029782765,0.98229295,0.9413877,0.992759,0.98399323,0.99327457,0.98639464,0.93109125,0.99802434,0.9985252,0.9723876,0.90265274,0.97519636,0.15533982,0.07099502,0.97521573,0.97672826,0.036120974,0.96334857,0.783315,0.9705338,0.9804026,0.94452095,0.9827305,0.10320437,0.8633373,0.8015141,0.95342004,0.027506988,0.8902836,0.9546287,0.9869283,0.9552729,0.09757039,0.95667076,0.94667184,0.97290075,0.9526268,0.9528218,0.88948166,0.9693739,0.045852963,0.9501942,0.97487044,0.056916773,0.9762066,0.96045166,0.9445151,0.96410567,0.9781847,0.9670546,0.974853,0.95978796,0.9074943,0.9762176,0.94342005,0.9904169,0.9477504,0.71705854,0.9853365,0.9200082,0.9776979,0.057767462,0.9738922,0.020765191,0.96374255,0.17298305,0.9221321,0.017413137,0.033206694,0.034659047,0.94088733,0.9673487,0.9631309,0.93802965,0.8822168,0.9853976,0.9419849,0.034090217,0.97567165,0.9763642,0.002465037,0.97704583,0.9384386,0.9091036,0.94246864,0.83498645,0.9390168,0.9677266,0.018478172,0.93213904,0.93546546,0.005041174,0.021184318,0.948164,0.042299993,0.9348022,0.9797101,0.03587131,0.98846495,0.0029776716,0.9689302,0.8934782,0.9800448,0.98183477,0.8188335,0.9652879,0.1302058,0.9079107,0.9110509,0.966339,0.76680946,0.92351276,0.9474096,0.0023146372,0.97638124,0.9581756,0.01539416,0.8902392,0.009286022,0.9242587,0.020307459,0.94356,0.9747517,0.9707117,0.0058136503,0.06507442,0.94467485,0.039678756,0.97048956,0.023319721,0.74258673,0.037232734,0.8571027,0.9013599,0.041134953,0.9214814,0.9200853,0.87762773,0.93032134,0.96277934,0.9802988,0.8468417,0.94276214,0.9664463,0.032577526,0.9170113,0.016863246,0.0017517587,0.10054783,0.9515037,0.9568483,0.006026123,0.056093313,0.10320969,0.8801288,0.90277094,0.9105025,0.9205452,0.9533121,0.051200364,0.040408514,0.957099,0.92927283,0.011002897,0.01658735,0.021503782,0.96262634
0.9981964,0.037667956,0.9930137,0.98437077,0.97718096,0.97095776,0.9878087,0.051006835,0.9861178,0.97787434,0.9976367,0.9945608,0.99678135,0.99180675,0.99389714,0.9984615,0.99935955,0.99053895,0.9376739,0.97154367,0.1471259,0.0717753,0.9879672,0.9850728,0.023765583,0.9878543,0.91566503,0.9769841,0.98676157,0.9834884,0.98832035,0.07380816,0.97289306,0.8358459,0.9851854,0.03697281,0.98589873,0.96138036,0.9787118,0.9891872,0.034174614,0.981157,0.9546012,0.9738766,0.9779324,0.9856764,0.97302634,0.9900018,0.026216025,0.9425243,0.94283396,0.040770106,0.9909286,0.98748463,0.9911437,0.977415,0.9948789,0.97094166,0.972475,0.9829842,0.9758144,0.97355515,0.9713471,0.99521375,0.8599726,0.943512,0.9941855,0.9663843,0.97064376,0.02833697,0.9795624,0.012801368,0.9879959,0.055216935,0.9731866,0.01837518,0.06373391,0.029651571,0.9277881,0.9872922,0.9856052,0.94734883,0.9222401,0.9909061,0.9358804,0.04441032,0.98515457,0.98556846,0.0032440356,0.9839842,0.91634524,0.9358083,0.96912855,0.97556645,0.970317,0.98289746,0.010909045,0.9805588,0.97101015,0.07939415,0.08128313,0.98037523,0.026538279,0.94971603,0.98226744,0.016798006,0.9934643,0.004793454,0.9860282,0.9522499,0.9843008,0.9941255,0.80151576,0.96118945,0.06853235,0.92635214,0.9661212,0.94802547,0.8813318,0.977276,0.9572309,0.0051241787,0.9348128,0.9800286,0.015313924,0.9629875,0.0481415,0.9377979,0.028354231,0.9497567,0.96473897,0.9532923,0.0045279656,0.069873445,0.96099454,0.03168487,0.9844825,0.0156843,0.885306,0.08015564,0.8877482,0.93492174,0.039366174,0.94419616,0.9476335,0.9205598,0.9563278,0.9509212,0.986611,0.9179457,0.95365644,0.96226525,0.03743872,0.95521945,0.019807097,0.004427224,0.033077147,0.96317005,0.93981487,0.02205417,0.027462373,0.06992439,0.9211579,0.9253229,0.8944516,0.9359561,0.9869996,0.04202445,0.08239729,0.9626622,0.9475729,0.033781163,0.013633636,0.045208853,0.993374
0.99834394,0.046270527,0.9963245,0.98968506,0.9979917,0.93823594,0.9974164,0.028710283,0.99352515,0.97355914,0.9961177,0.9687589,0.9960049,0.9856784,0.9892651,0.99070084,0.9959221,0.99153227,0.98728716,0.9932962,0.045145005,0.03409299,0.9741154,0.98791355,0.020479446,0.984736,0.93811315,0.984395,0.9871646,0.9708454,0.9906571,0.05005795,0.9764766,0.920869,0.98435944,0.016504118,0.9771488,0.9875404,0.9876159,0.9839176,0.027979482,0.97043467,0.9466366,0.9658761,0.9690222,0.99167633,0.9778295,0.97054964,0.04625222,0.9803781,0.95335776,0.0250747,0.96838534,0.97902864,0.9771249,0.94747347,0.973203,0.9758902,0.9883745,0.96460927,0.9587281,0.9892775,0.9563566,0.9818142,0.9540042,0.9695468,0.9931021,0.9735781,0.98266083,0.034894172,0.97333074,0.005843428,0.948301,0.6621045,0.9907905,0.027233412,0.03497115,0.048118692,0.9754454,0.97800577,0.9885002,0.9757791,0.9842927,0.99689937,0.97869146,0.047264956,0.98176193,0.98784304,0.012419637,0.96570635,0.97574973,0.9186118,0.9597889,0.9656993,0.9722148,0.99047685,0.027044328,0.94592005,0.95804584,0.010305144,0.019927219,0.9686701,0.014893037,0.9570099,0.985933,0.044532333,0.9886669,0.0011788012,0.9317452,0.9682496,0.98769903,0.99374276,0.96818674,0.95678735,0.04918641,0.93519795,0.90943307,0.9528138,0.9663852,0.9849546,0.9777739,0.008469031,0.97941566,0.9744915,0.08260011,0.9789007,0.022983793,0.96718377,0.0043981415,0.9793742,0.982856,0.96159303,0.007789763,0.027342489,0.9910864,0.04334528,0.9658968,0.009809178,0.9881412,0.020665083,0.9025414,0.9639409,0.043520704,0.96446043,0.97467303,0.98159236,0.9711358,0.9872939,0.972528,0.95967054,0.97346187,0.9711383,0.07055248,0.96959734,0.040107172,0.004465369,0.03504143,0.98636335,0.94903034,0.033383045,0.08062028,0.011530372,0.94909626,0.9693149,0.9844558,0.9766703,0.98303425,0.037992466,0.049268216,0.96858,0.98764557,0.008966197,0.023762895,0.01544429,0.9958746
0.9945418,0.06530093,0.999151,0.9693368,0.97163874,0.9237422,0.9514653,0.046892393,0.99628687,0.98060155,0.9524039,0.8335274,0.9929391,0.98589516,0.80728173,0.9990772,0.96976566,0.9495143,0.9546592,0.94407016,0.019912167,0.048503682,0.9456183,0.9136111,0.0196748,0.9522288,0.92072767,0.9657118,0.99846715,0.8520542,0.96361107,0.020072103,0.95476615,0.9500247,0.9253842,0.03901881,0.90357465,0.8826026,0.99648654,0.83728343,0.0153032355,0.9733185,0.95618534,0.9081918,0.9049165,0.97714,0.8422187,0.93429875,0.0462709,0.9163199,0.8299898,0.009596314,0.98477525,0.93302596,0.8706954,0.8761748,0.9364656,0.9055169,0.9890736,0.8406651,0.82660246,0.9576782,0.913239,0.9389529,0.8631976,0.8649679,0.9826042,0.8858748,0.9622295,0.050372258,0.96929884,0.042780682,0.9106565,0.02996543,0.91083807,0.01902643,0.077380374,0.02992172,0.957117,0.9662752,0.8513241,0.8983517,0.90920204,0.9766679,0.9615978,0.0114454925,0.9617587,0.9753574,0.020610541,0.953127,0.8822491,0.9455443,0.98020416,0.92920387,0.9314479,0.8398975,0.017537955,0.92946506,0.9496742,0.008921586,0.055342674,0.91378576,0.013074002,0.91775215,0.90246046,0.021282142,0.8831706,0.007198977,0.97074336,0.92899424,0.9604464,0.9494253,0.90268564,0.9161879,0.03527503,0.8955095,0.8845233,0.9149741,0.90166813,0.88683903,0.9402181,0.0058524404,0.93534666,0.88046145,0.011746339,0.90801406,0.017429741,0.9667249,0.007630582,0.88271624,0.966334,0.9541666,0.033740714,0.0999121,0.85196203,0.01777646,0.9740098,0.010053133,0.85086155,0.017989533,0.89373,0.88704246,0.038671263,0.8510342,0.8975979,0.9131102,0.8981731,0.8783433,0.9518493,0.9483265,0.932658,0.9499397,0.06306416,0.739689,0.0065823495,0.051750872,0.022461092,0.810494,0.92200136,0.049063906,0.017784346,0.09938723,0.84424555,0.90839833,0.95254135,0.9438818,0.9817109,0.006481296,0.009734275,0.9320074,0.9407202,0.008762237,0.022077218,0.046528615,0.8932296
0.9970776,0.96503997,0.99731976,0.9967865,0.9886403,0.014335406,0.9921588,0.9651641,0.99686414,0.9268159,0.98697484,0.027703092,0.99236757,0.97984934,0.9371364,0.98909855,0.98378146,0.9973124,0.9967476,0.9645841,0.0073730075,0.91419244,0.9734663,0.9683832,0.020691363,0.98991007,0.012810361,0.97857875,0.991778,0.008758076,0.96682525,0.011171224,0.9289498,0.9453689,0.97169435,0.056383662,0.008705704,0.9688431,0.98031974,0.008435666,0.005142672,0.9621551,0.9459976,0.92483157,0.016116215,0.991217,0.95559645,0.03139107,0.0076326295,0.973293,0.018633883,0.9429023,0.97857976,0.94993436,0.015641188,0.0068384353,0.03125341,0.9432884,0.97721875,0.036984537,0.91796166,0.9611564,0.02121403,0.978909,0.0035496964,0.0028465686,0.96473086,0.017664773,0.033670228,0.9405025,0.93984985,0.9921761,0.945729,0.005098456,0.015609037,0.002842669,0.057011895,0.929443,0.97783697,0.9711812,0.073552616,0.9431146,0.030167188,0.90346634,0.9470906,0.94784194,0.076398686,0.9662325,0.007396353,0.00829352,0.021166809,0.9577176,0.005084319,0.0036190832,0.9695507,0.029422477,0.044245005,0.93107206,0.024233202,0.0051540313,0.024943775,0.014563624,0.00194024,0.9760273,0.014333036,0.914329,0.0034389924,0.019810533,0.011356804,0.9517463,0.91585237,0.9698402,0.95711005,0.94672453,0.0007926139,0.9695454,0.9403528,0.025172418,0.00495664,0.0077717025,0.725618,0.004949181,0.9789661,0.0043898267,0.95344883,0.0076759397,0.0011266366,0.97481185,0.0027713503,0.004866505,0.009199455,0.0056882366,0.98268133,0.0033811228,0.02043229,0.008485801,0.038953394,0.015634965,0.017495027,0.00049527176,0.01845817,0.9315784,0.005428946,0.0056319903,0.014160818,0.9482201,0.96136385,0.017695855,0.97648245,0.005057836,0.94415814,0.8432389,0.0041842205,0.0130653605,0.012113383,0.004720495,0.0015846535,0.013400942,0.007779921,0.94467914,0.0064516407,0.0096030645,0.0019894172,0.028372921,0.96928936,0.014870152,0.96045005,0.0032658565,0.0066096163,0.953135,0.0155823445,0.007945053,0.950994,0.022075849,0.98635685
0.48609188,0.99937856,0.6708039,0.83594,0.94384825,0.524695,0.99602026,0.81153893,0.98507774,0.7434709,0.005448404,0.9638813,0.27956653,0.2646739,0.085266076,0.9990374,0.28511962,0.9753248,0.9948532,0.5292048,0.6669113,0.24942435,0.49223056,0.22282563,0.883099,0.9879439,0.006462066,0.55743223,0.32826573,0.1757974,0.602651,0.028121607,0.15808778,0.44914052,0.2209171,0.98976505,0.043123677,0.37198934,0.9515702,0.049262017,0.31767523,0.84335905,0.110603906,0.8031586,0.009974869,0.9688995,0.060911804,0.040245254,0.2514472,0.7867897,0.0011466182,0.12939207,0.00114193,0.028665015,0.03986407,0.3280516,0.06490264,0.28628325,0.050833937,0.11604278,0.11045035,0.6478558,0.0058217673,0.33146992,0.04031103,0.0578567,0.0007948156,0.10692742,0.033766497,0.49502128,0.69533247,0.99242157,0.5418061,0.08386109,0.008604457,0.12575275,0.23450026,0.56885237,0.026856983,0.0443082,0.24300936,0.13812564,0.00020477598,0.0014648688,0.5368663,0.28969738,0.11398563,0.07060038,0.09304526,0.0026822279,0.034183357,0.089549825,0.00095545384,0.0330333,0.49493617,0.07338703,0.22487521,0.49415493,0.013242734,0.044195153,0.0010659558,0.07379019,0.0023540077,0.32170603,0.3868154,0.6248455,0.0173918,0.40709698,0.00369593,0.5068615,0.13114028,0.12756217,0.2484004,0.2788959,0.0006996915,0.5465954,0.5160212,0.0015594246,0.01491203,0.098570794,0.040739793,0.21427353,0.015531087,0.0038435278,0.00026391633,0.009016452,0.00049204164,0.22514081,0.16371138,0.045708515,0.053787544,0.04470139,0.024735494,0.0053783786,0.092957884,0.0049035484,0.066089354,0.9668513,0.008237371,0.0016396646,0.018704893,0.3472094,0.0020455674,0.012124275,0.13345253,0.042558316,0.463352,0.00661258,0.06661891,0.04783072,0.020861803,0.0005388755,0.0006934696,0.113044046,0.0071670185,0.1328393,0.0014666965,0.0036625876,0.033703793,0.026146444,0.040856965,0.018087883,0.00021701242,0.0052053067,0.030109921,0.05994545,0.0015377941,0.00086140033,0.001166948,0.015591667,0.028943263,0.005419271,0.00020955336,0.033222627,0.43258712
0.99721485,0.79759514,0.9992111,0.9985073,0.8059963,0.98120433,0.99396247,0.88571626,0.99888617,0.98232955,0.47147098,0.6803157,0.9510113,0.7327611,0.75752765,0.9618259,0.99060655,0.9979996,0.9966216,0.9759069,0.33409664,0.20749508,0.9823521,0.8134543,0.030598313,0.9801673,0.10948405,0.9869582,0.9967495,0.08713993,0.95267475,0.03951102,0.62989795,0.76789194,0.11571263,0.82270294,0.018053822,0.34123018,0.75686055,0.012470213,0.087975614,0.6726073,0.21124814,0.9452402,0.14739364,0.9763935,0.9915337,0.98357105,0.22582681,0.59004146,0.011158589,0.9482859,0.73886335,0.907122,0.23578757,0.026609417,0.7553257,0.91906625,0.9599426,0.19957256,0.3576834,0.80377173,0.12301114,0.93356,0.0073358333,0.0007263903,0.12048557,0.008855467,0.7316922,0.5262054,0.97050077,0.4091194,0.9703733,0.38897195,0.042382263,0.017223686,0.19867812,0.5361496,0.10215668,0.13329305,0.9555981,0.86478096,0.001279564,0.27589026,0.657233,0.041750487,0.7786681,0.7061949,0.13088888,0.2511373,0.09092359,0.825454,0.17502798,0.062366117,0.9792883,0.019190282,0.008025478,0.65903443,0.17865023,0.0020835933,0.055637337,0.01824981,0.062287357,0.9823068,0.12697752,0.5849102,0.089827605,0.13201271,0.023021413,0.6612477,0.93477446,0.051027305,0.7803139,0.12619336,0.05362664,0.9313408,0.6196012,0.71635973,0.073290445,0.061553057,0.47172242,0.38655162,0.09569149,0.0006841156,0.02828212,0.0011318529,0.014447004,0.4864057,0.025843812,0.0030538016,0.030486476,0.00054885366,0.8965501,0.34771988,0.058041263,0.029848516,0.4938147,0.11425483,0.0007318771,0.005970485,0.0014839612,0.8112562,0.12049434,0.15191637,0.006930078,0.32299304,0.7599528,0.0155732855,0.19527973,0.013329142,0.10766705,0.0025398375,0.005530733,0.025154024,0.0010331554,0.07302634,0.17318049,0.014854422,0.28217426,0.18718456,0.003963021,0.09415659,0.062167,0.010659785,0.79413307,0.010457124,0.016778802,0.098850206,0.01718518,0.025625758,0.001006953,0.07387407,0.32650334,0.5406199,0.97388
0.9975756,0.15070507,0.9954406,0.9988493,0.9674915,0.75462407,0.983312,0.90297717,0.99224937,0.07600606,0.84943527,0.7237608,0.9331927,0.97930783,0.29600665,0.96129566,0.9428128,0.99519217,0.99362284,0.9386569,0.069731705,0.5890763,0.92389834,0.56405777,0.020085938,0.96730363,0.32519796,0.9831004,0.9968652,0.06399702,0.9035212,0.036953848,0.24597837,0.7944131,0.19227351,0.5478147,0.013951649,0.103200644,0.9537544,0.005859755,0.050622385,0.7670517,0.45158574,0.81553286,0.013991372,0.7507148,0.9608038,0.92698663,0.032057866,0.0657907,0.0148760555,0.89000344,0.96472543,0.58249265,0.009331156,0.07884285,0.2036982,0.11874147,0.4176344,0.88803035,0.0374794,0.9234306,0.03552564,0.20950963,0.0017516428,0.0011880713,0.90513915,0.027038626,0.9635007,0.3038296,0.7521947,0.8422695,0.79128015,0.087007634,0.01768669,0.00993966,0.16603923,0.08673032,0.86396265,0.25947726,0.95846945,0.14770024,0.0034400616,0.42160836,0.17031324,0.0858207,0.590639,0.9230555,0.04731422,0.12260387,0.008394902,0.8155356,0.06822858,0.0076713325,0.12969674,0.009393198,0.24825536,0.040351145,0.88336855,0.0010743196,0.12105757,0.008698694,0.006730237,0.3023955,0.061351683,0.14223087,0.038785692,0.020060828,0.06604375,0.20780045,0.8737168,0.081370324,0.12028342,0.45838046,0.014918174,0.1810142,0.68333375,0.38251048,0.038403332,0.02420426,0.07730512,0.16106129,0.21915674,0.0018372848,0.7443221,0.0028731562,0.016783632,0.08806386,0.09216348,0.003173597,0.008201661,0.00049085694,0.94155157,0.0076319138,0.031065455,0.011366536,0.15404296,0.06405073,0.0006959079,0.02211416,0.0012113804,0.23582894,0.025161276,0.09622852,0.02434761,0.07428769,0.05013956,0.033167437,0.6665083,0.006357501,0.08318834,0.0032968412,0.004470544,0.04584199,0.0022435947,0.1198347,0.57482284,0.012921629,0.010045444,0.08045344,0.0025296092,0.026024554,0.06429849,0.03920175,0.056287754,0.015760083,0.070312284,0.015491577,0.017202778,0.037473217,0.0016527788,0.07317353,0.48696336,0.15185657,0.9779196
0.998415,0.80543786,0.997566,0.9688803,0.9590081,0.12605277,0.73691815,0.70949835,0.99675375,0.9917876,0.770672,0.07332436,0.40212718,0.98462117,0.07230294,0.9971207,0.94957435,0.34118584,0.113468096,0.7336928,0.50197774,0.4131833,0.32414812,0.12394849,0.0041421386,0.07420743,0.018919189,0.44869447,0.9965553,0.10519097,0.45375684,0.1517344,0.556179,0.03134256,0.26124236,0.027775683,0.05915882,0.35888922,0.34283522,0.0045015435,0.022846425,0.60640687,0.07460491,0.06810803,0.004514998,0.025089024,0.066949375,0.06831723,0.40872324,0.5329012,0.01946541,0.056783706,0.08601712,0.658726,0.024107622,0.0022562107,0.057752457,0.06293154,0.041830216,0.43563625,0.16117357,0.10528723,0.031025643,0.05937821,0.0009758585,0.00049947505,0.025910158,0.0014151515,0.077278644,0.43397975,0.05739316,0.033191252,0.02154204,0.041438665,0.003873352,0.0019077084,0.20480683,0.05705954,0.09472821,0.23057793,0.13772368,0.05098031,0.000763468,0.04345205,0.03352871,0.09984286,0.2034683,0.22504336,0.019319376,0.07687122,0.20398104,0.14653358,0.3388262,0.016107952,0.069781356,0.012060784,0.029228201,0.3402886,0.011505112,0.00036771272,0.09899398,0.00832097,0.010397103,0.05614442,0.015693776,0.014990543,0.012533556,0.35531175,0.08959411,0.02150929,0.054213032,0.026901491,0.05437689,0.06513478,0.0030095535,0.015669545,0.14569257,0.04283738,0.007816983,0.034336656,0.043074384,0.037086308,0.07670897,0.00082078297,0.0026228465,0.0032069036,0.051421836,0.029466128,0.0029409202,0.003086043,0.0031119226,0.0012317325,0.024839483,0.10126223,0.028652158,0.003395539,0.18719977,0.01864606,0.0004488837,0.0035452752,0.0034046052,0.050691467,0.013331531,0.038327053,0.004867669,0.057342645,0.023347165,0.009314782,0.048592865,0.0044795237,0.04370405,0.0012093046,0.0029671874,0.011479613,0.00025848308,0.0074861273,0.014881512,0.0022719102,0.0028226757,0.021693198,0.0034403722,0.056896057,0.005535582,0.0071723643,0.04462191,0.004915154,0.05577641,0.004066878,0.0063496474,0.01507284,0.00073370355,0.025255898,0.002266013,0.10571561,0.6293537
0.99945325,0.79822797,0.9599329,0.9891468,0.96523505,0.26881713,0.8949293,0.40590665,0.8957598,0.95043266,0.94458276,0.26738063,0.8775297,0.89538485,0.33721867,0.97958297,0.5812987,0.46132123,0.053347975,0.39924377,0.20209372,0.13767293,0.08572711,0.096768185,0.0014571935,0.25740907,0.06262201,0.56292075,0.8337848,0.08820973,0.8225489,0.42941183,0.5752821,0.04532608,0.28647116,0.10214872,0.30816713,0.120827354,0.113691926,0.17160492,0.032034785,0.83964175,0.21545492,0.41633016,0.84389955,0.24757823,0.05315145,0.14194806,0.8443751,0.73429865,0.012200958,0.06627231,0.067640364,0.11534733,0.31679118,0.0043685976,0.33923233,0.090362765,0.26345077,0.72595936,0.055509876,0.06413307,0.06367505,0.21982963,0.0029206823,0.011295761,0.120283864,0.0073778704,0.22433092,0.4494174,0.06614198,0.004093208,0.66922426,0.010995174,0.024233507,0.012861605,0.028285855,0.025033647,0.06935105,0.24132825,0.15739919,0.18722887,0.0036078244,0.13606319,0.3155761,0.02599541,0.22871366,0.2466991,0.012506825,0.012727255,0.13387199,0.2277683,0.020933384,0.05205494,0.16977094,0.16322428,0.01967569,0.1203391,0.3955867,0.0034477403,0.032894194,0.09658987,0.0075544273,0.04678255,0.1699178,0.07383798,0.09801546,0.19654241,0.16790469,0.065755546,0.13071147,0.033414572,0.05705889,0.066856086,0.004724033,0.16162014,0.09882011,0.20300145,0.007178095,0.04128427,0.098484434,0.03367296,0.122866,0.0039157476,0.014050205,0.04669177,0.011161689,0.10137209,0.004547003,0.0035819735,0.01250533,0.0014391827,0.09323771,0.049221095,0.06616964,0.013897118,0.021381373,0.020262996,0.0011593506,0.010536744,0.008289591,0.042852324,0.015158295,0.083424784,0.019592965,0.06072237,0.021826657,0.11499261,0.06746226,0.0006819711,0.08811963,0.0019447134,0.009412038,0.026188413,0.0014613242,0.024724443,0.04216447,0.008881712,0.022082921,0.0701894,0.03638365,0.015780479,0.07236419,0.018426193,0.01145732,0.009148431,0.092750795,0.019960847,0.02282698,0.020177154,0.009711635,0.065559894,0.00059874495,0.040979054,0.5175779
0.99210656,0.9539305,0.9879903,0.9804683,0.97123116,0.010955738,0.046263292,0.048035648,0.40429893,0.061096597,0.97894216,0.94326866,0.98472613,0.0514716,0.9487244,0.8910249,0.9818494,0.98334366,0.018733226,0.9297761,0.044962738,0.010139845,0.027063709,0.019317782,0.027648339,0.3857552,0.0011967962,0.054115612,0.091323026,0.039409302,0.031598426,0.012759614,0.007981453,0.010437154,0.8577014,0.05788395,0.006520417,0.021547118,0.9383197,0.89880717,0.006002378,0.96549046,0.018606741,0.0472373,0.009633625,0.046702504,0.038612533,0.96365464,0.060851727,0.33501446,0.017389242,0.024586217,0.9402547,0.016019179,0.93364066,0.94758457,0.94813925,0.041410908,0.0610086,0.90419585,0.49106586,0.012392581,0.93971735,0.04142012,0.03727668,0.027634114,0.92083216,0.0044877795,0.90955496,0.008268254,0.03418898,0.9369073,0.9668687,0.24060841,0.007333615,0.026512876,0.8887822,0.01166831,0.012461959,0.008951668,0.30894032,0.037859872,0.001372455,0.88998556,0.03810572,0.015729224,0.005060937,0.029518737,0.01423235,0.85902643,0.014982125,0.029492099,0.9639707,0.005737837,0.06104395,0.049706962,0.015727608,0.026226472,0.05859174,0.034345523,0.012437911,0.9082936,0.0013178713,0.038778342,0.011349781,0.015585834,0.004748687,0.012021773,0.020416515,0.051190708,0.9392811,0.016666478,0.012030741,0.022106856,0.019529179,0.58775556,0.04646239,0.0018676788,0.004489802,0.013992155,0.006543293,0.036385752,0.005345996,0.0027513287,0.0016026931,0.026034478,0.0020042716,0.026734112,0.015945543,0.007971801,0.0024406756,0.013221348,0.013501197,0.021482732,0.016070066,0.028125525,0.02192978,0.02815781,0.025683323,0.010630055,0.0073172315,0.0062717595,0.58267117,0.008442577,0.030625194,0.017849248,0.011417957,0.0024227144,0.027310649,0.01780269,0.014593224,0.001252496,0.012136475,0.5910741,0.015776845,0.0018083095,0.003051384,0.01823144,0.0111430045,0.006284939,0.008763794,0.036968607,0.0005078735,0.017106207,0.011252929,0.019566506,0.9269766,0.0042821327,0.037521187,0.90864784,0.025316011,0.015977606,0.0028431977,0.04313429,0.65828276
0.9959527,0.49174976,0.8955548,0.97413313,0.876375,0.013877169,0.2749957,0.06445548,0.12872548,0.017606962,0.9753347,0.89872324,0.9831701,0.029309055,0.87295437,0.33639905,0.917361,0.8880796,0.030772604,0.72050756,0.062390454,0.011859958,0.015627299,0.017116545,0.007750009,0.11408182,0.014713032,0.12646598,0.11145351,0.025282295,0.0425403,0.028493693,0.011310447,0.0025778227,0.43839923,0.01907857,0.008885726,0.02321676,0.07008662,0.4318555,0.0036544742,0.7731785,0.006881349,0.062116824,0.0066809994,0.0719576,0.110895574,0.8248517,0.063758016,0.21412326,0.04082784,0.028824825,0.9488449,0.042457253,0.47259828,0.7845098,0.6651854,0.012414363,0.15943973,0.56222564,0.17343786,0.009104013,0.71406835,0.043558385,0.009529689,0.016055973,0.8596965,0.011358196,0.8171152,0.01005635,0.013257216,0.21886729,0.7588876,0.040444754,0.0070910146,0.01062223,0.21573313,0.0052044652,0.0060624764,0.005523725,0.044502966,0.047618862,0.00060601276,0.8505886,0.05140071,0.0055322754,0.0045736143,0.020206135,0.017097397,0.4970353,0.0040396177,0.026554136,0.9270525,0.006135856,0.064563006,0.11878801,0.020844428,0.012076059,0.03610926,0.016476326,0.038721576,0.6172598,0.00073879067,0.028449235,0.0048305904,0.004320953,0.004645229,0.007510848,0.02466626,0.031722654,0.6574324,0.0073514376,0.0037684985,0.0034690169,0.02614897,0.2178301,0.0088485,0.0019675123,0.0028369562,0.0063532675,0.007182263,0.005095337,0.0013437868,0.004443131,0.002249453,0.018623162,0.0023816843,0.033627488,0.0054849107,0.01283955,0.0029075546,0.009800419,0.012750097,0.005977411,0.005337681,0.017076207,0.0105109885,0.002349373,0.02322823,0.012257573,0.0076505756,0.0023402215,0.2231465,0.0024485388,0.02462636,0.005795711,0.011023921,0.0023182495,0.0064405464,0.042071976,0.010060486,0.001252496,0.030620575,0.08856298,0.011867332,0.0015502786,0.0026615278,0.009419012,0.016682075,0.006022423,0.010079756,0.004103831,0.0010085785,0.016115647,0.0018074224,0.0111876745,0.34078905,0.0029156029,0.020517943,0.45099857,0.01921803,0.0039027634,0.0019385953,0.023141831,0.21854822
0.996825,0.56627727,0.903557,0.9282971,0.88158536,0.011774774,0.45099247,0.10047755,0.33304217,0.02229651,0.95295465,0.54292995,0.9844259,0.058271255,0.75641096,0.40045294,0.68531334,0.9097673,0.022577044,0.8415835,0.0983234,0.005614515,0.013009122,0.011281971,0.0073111686,0.102582835,0.010389,0.1522508,0.08057129,0.015759652,0.08096619,0.012002294,0.008179577,0.0027539793,0.09747133,0.016348483,0.005954221,0.021962302,0.036845844,0.031716283,0.005409824,0.84553283,0.0035192005,0.060996987,0.0046244035,0.012413849,0.15800402,0.4230897,0.054478195,0.28028783,0.033386815,0.04436375,0.78703517,0.04479354,0.09494793,0.18270868,0.2629025,0.010553715,0.08640798,0.10836679,0.01813188,0.003616522,0.7398288,0.05174247,0.004133044,0.011341652,0.8426209,0.0096056415,0.68385726,0.0334639,0.0077187307,0.19900441,0.45253593,0.028397039,0.0023304936,0.03587339,0.040035874,0.0056288373,0.021007573,0.0037381575,0.020568723,0.06000672,0.00060601276,0.87921923,0.056086157,0.007140801,0.003077015,0.015024955,0.015866797,0.033294924,0.0029247664,0.07709495,0.8293308,0.0017509309,0.08723472,0.058326535,0.033734486,0.010210374,0.011099353,0.014805731,0.022520263,0.21436451,0.00050042744,0.043177444,0.0042426526,0.0054352502,0.0031723164,0.028915355,0.017122617,0.05949378,0.42713758,0.0026270607,0.008493612,0.002439401,0.009384382,0.16322389,0.0038623067,0.0026815364,0.0029423593,0.010424244,0.003977873,0.0018919782,0.001216575,0.0028646132,0.0019909865,0.00929148,0.0027118241,0.07693574,0.004097508,0.015988173,0.003122439,0.0150086,0.011394793,0.0028316139,0.009909417,0.05689264,0.003673844,0.0030850118,0.02361185,0.010455037,0.0077514574,0.003658322,0.24334127,0.0013113748,0.035912983,0.013172396,0.0077267666,0.0019562356,0.005286727,0.056891013,0.003656963,0.001252496,0.05139255,0.1887931,0.014747503,0.0025985157,0.0051984102,0.0027069526,0.019180644,0.0048005334,0.01278385,0.003034719,0.0012552734,0.031520262,0.0014248271,0.015291197,0.23197863,0.0031843856,0.026660794,0.25629318,0.02813007,0.004475772,0.0020254268,0.021233886,0.20409878
0.98991805,0.5006697,0.9608484,0.5215152,0.93310964,0.12408405,0.8618588,0.026666772,0.18584011,0.03419774,0.9606662,0.5506734,0.9961952,0.86234,0.20635557,0.998178,0.99843675,0.5357692,0.022619504,0.48577234,0.48275423,0.023162639,0.3079439,0.25405043,0.010996169,0.5268644,0.02675063,0.43620738,0.4973624,0.029793171,0.5406176,0.108209796,0.010198696,0.0081798285,0.54063684,0.45016554,0.028403543,0.2688487,0.944777,0.02771132,0.007069704,0.50660866,0.018576872,0.8260794,0.016908897,0.30462208,0.4784784,0.1548202,0.020978153,0.03557653,0.012442743,0.016813291,0.022253497,0.023492796,0.07555141,0.016559457,0.474918,0.29902247,0.2059429,0.2585438,0.5314583,0.15816134,0.013632603,0.96532303,0.004051139,0.016380874,0.026425745,0.021124447,0.088304974,0.015228842,0.2626245,0.49584192,0.5391515,0.4851878,0.026967391,0.009695836,0.10763618,0.009749556,0.015526423,0.0367849,0.03133952,0.030722518,0.00820194,0.020083327,0.024207763,0.022924202,0.031966478,0.46330297,0.0065307394,0.3214337,0.07654315,0.021153131,0.028982079,0.017070614,0.034156818,0.028248519,0.009805562,0.48410633,0.021698395,0.0074867015,0.31622666,0.020655628,0.006102523,0.016653199,0.042073235,0.019482432,0.022723973,0.002184304,0.081022374,0.024327587,0.5456411,0.017448222,0.009632711,0.2912341,0.00957999,0.2346696,0.037152532,0.07971776,0.018762672,0.021801725,0.026639773,0.02352774,0.023434864,0.014538789,0.0029176567,0.011931752,0.007918904,0.02960691,0.48178813,0.022717798,0.013973773,0.0075345407,0.0029752052,0.09270459,0.0188407,0.018148046,0.027826473,0.19965322,0.011083794,0.3991717,0.01961611,0.04700694,0.009827331,0.008691958,0.021202903,0.017417593,0.02297524,0.013196995,0.48862314,0.010620076,0.016357902,0.0015108471,0.016098047,0.026934411,0.005716885,0.008712035,0.008680314,0.018575799,0.0139760785,0.012622394,0.008261981,0.2245239,0.009345603,0.010955221,0.0050605,0.011252909,0.0145088285,0.009692577,0.012789995,0.007602793,0.010519856,0.019126797,0.023493147,0.016316906,0.44442004
0.9983518,0.99385,0.9917613,0.9869371,0.98909134,0.17372045,0.98276377,0.97881955,0.9945127,0.98967886,0.99620324,0.8625452,0.98988086,0.98699445,0.045225527,0.99729025,0.99129325,0.975848,0.9836458,0.9719445,0.9681511,0.98240745,0.2784667,0.9872803,0.004511161,0.97632265,0.46765497,0.95695585,0.9622304,0.97122633,0.9773492,0.9689404,0.99106663,0.008548574,0.45581084,0.011119254,0.9836195,0.9909917,0.97016543,0.004441585,0.9074356,0.0064460197,0.3827079,0.9504598,0.9120527,0.9759043,0.9512549,0.15179974,0.9698454,0.97713256,0.015105964,0.36829138,0.9679152,0.9942531,0.012180023,0.02810104,0.21578981,0.09427955,0.92690367,0.042146254,0.54297245,0.13265301,0.9286897,0.98871243,0.0012112164,0.0031846447,0.9688947,0.04954204,0.5225666,0.9685154,0.91781723,0.92703295,0.9691929,0.037267152,0.94487745,0.98259497,0.31522802,0.988796,0.9602316,0.90055215,0.12903291,0.8636359,0.00093605183,0.95498323,0.2596458,0.98782325,0.18277371,0.9694018,0.98433924,0.0458695,0.02217707,0.48749778,0.9856279,0.027145125,0.9483503,0.025887866,0.07087044,0.98323834,0.08631101,0.002256273,0.023607112,0.03907788,0.99084103,0.9855019,0.020212667,0.9798973,0.012144951,0.97904944,0.39926094,0.21957357,0.17369035,0.985688,0.20821583,0.0370291,0.010561526,0.0736797,0.039427068,0.96521574,0.98564965,0.3532755,0.9785241,0.16180179,0.63296145,0.0029578044,0.0053230375,0.0007011079,0.97800714,0.9566756,0.002260871,0.004846546,0.009579727,0.006408893,0.9295361,0.97975016,0.98449546,0.9345512,0.98846185,0.022124747,0.0033863955,0.0076757474,0.01016901,0.0032385406,0.9532991,0.21628931,0.8504962,0.85040075,0.8761565,0.02410617,0.011648936,0.01156645,0.012011062,0.0014282627,0.0012702353,0.97759914,0.004428439,0.0010015965,0.0011468759,0.7755265,0.018546503,0.9658044,0.00847137,0.9411357,0.00069340284,0.6833849,0.26919532,0.8465432,0.80351496,0.96813554,0.9763691,0.9849219,0.0031904047,0.010103751,0.0014453935,0.96894383,0.98775256
0.9983518,0.99385,0.9917613,0.9869371,0.98909134,0.17372045,0.98276377,0.97881955,0.9945127,0.98967886,0.99620324,0.8625452,0.98988086,0.98699445,0.045225527,0.99729025,0.99129325,0.975848,0.9836458,0.9719445,0.9681511,0.98240745,0.2784667,0.9872803,0.004511161,0.97632265,0.46765497,0.95695585,0.9622304,0.97122633,0.9773492,0.9689404,0.99106663,0.008548574,0.45581084,0.011119254,0.9836195,0.9909917,0.97016543,0.004441585,0.9074356,0.0064460197,0.3827079,0.9504598,0.9120527,0.9759043,0.9512549,0.15179974,0.9698454,0.97713256,0.015105964,0.36829138,0.9679152,0.9942531,0.012180023,0.02810104,0.21578981,0.09427955,0.92690367,0.042146254,0.54297245,0.13265301,0.9286897,0.98871243,0.0012112164,0.0031846447,0.9688947,0.04954204,0.5225666,0.9685154,0.91781723,0.92703295,0.9691929,0.037267152,0.94487745,0.98259497,0.31522802,0.988796,0.9602316,0.90055215,0.12903291,0.8636359,0.00093605183,0.95498323,0.2596458,0.98782325,0.18277371,0.9694018,0.98433924,0.0458695,0.02217707,0.48749778,0.9856279,0.027145125,0.9483503,0.025887866,0.07087044,0.98323834,0.08631101,0.002256273,0.023607112,0.03907788,0.99084103,0.9855019,0.020212667,0.9798973,0.012144951,0.97904944,0.39926094,0.21957357,0.17369035,0.985688,0.20821583,0.0370291,0.010561526,0.0736797,0.039427068,0.96521574,0.98564965,0.3532755,0.9785241,0.16180179,0.63296145,0.0029578044,0.0053230375,0.0007011079,0.97800714,0.9566756,0.002260871,0.004846546,0.009579727,0.006408893,0.9295361,0.97975016,0.98449546,0.9345512,0.98846185,0.022124747,0.0033863955,0.0076757474,0.01016901,0.0032385406,0.9532991,0.21628931,0.8504962,0.85040075,0.8761565,0.02410617,0.011648936,0.01156645,0.012011062,0.0014282627,0.0012702353,0.97759914,0.004428439,0.0010015965,0.0011468759,0.7755265,0.018546503,0.9658044,0.00847137,0.9411357,0.00069340284,0.6833849,0.26919532,0.8465432,0.80351496,0.96813554,0.9763691,0.9849219,0.0031904047,0.010103751,0.0014453935,0.96894383,0.98775256
0.99822444,0.99317026,0.988811,0.9869371,0.98909134,0.1211778,0.978811,0.93564004,0.9802492,0.98671514,0.9941016,0.2823026,0.9831345,0.96484894,0.12815939,0.9975431,0.9906142,0.9526037,0.98793334,0.9868608,0.94804466,0.96449983,0.17905025,0.984582,0.00606033,0.9127205,0.8629094,0.93864036,0.9193215,0.97047114,0.9719244,0.92127806,0.98878354,0.006631729,0.63105804,0.00835312,0.9665081,0.99132854,0.89669436,0.0024469283,0.12385891,0.006688411,0.89924306,0.94851536,0.9159299,0.9776659,0.94132715,0.8466211,0.97320336,0.97157615,0.019031897,0.88295496,0.9656005,0.9902198,0.0037190435,0.019516753,0.23359759,0.037293267,0.96817166,0.026559621,0.081631,0.1655718,0.95745754,0.9543912,0.0011531322,0.0017701573,0.95644337,0.018425422,0.033463545,0.9432756,0.9388458,0.90519357,0.88670963,0.025417715,0.95870835,0.96702266,0.08656931,0.95958483,0.9480655,0.44226786,0.08174948,0.8214224,0.00093605183,0.9337668,0.77606225,0.9891545,0.0847181,0.92514306,0.9703452,0.023278937,0.01508192,0.40165114,0.97797424,0.022835018,0.5809128,0.017290775,0.24138618,0.9644912,0.10015879,0.0006537551,0.023597607,0.009898872,0.9353057,0.97577703,0.013363715,0.95301896,0.0067430986,0.97783947,0.8904234,0.22250298,0.09715533,0.9741925,0.6236578,0.018864188,0.007256836,0.17368847,0.03482877,0.95364743,0.9576276,0.6141737,0.97208655,0.14218739,0.84302706,0.0016670838,0.0063316487,0.00071014906,0.9746868,0.9104364,0.0023005786,0.0032744778,0.013288554,0.0062972503,0.9195719,0.9472195,0.9601122,0.9469059,0.96239287,0.0071347863,0.0032879764,0.0047112093,0.01016901,0.0024447818,0.94561857,0.48431692,0.83416086,0.13907906,0.8522645,0.009747502,0.004673555,0.011623414,0.006526502,0.0014282627,0.0009172859,0.96770257,0.004428439,0.0011940628,0.0010928691,0.92865866,0.0073775,0.94814557,0.0060630366,0.9177923,0.0015391338,0.37020433,0.1696347,0.62229234,0.22347702,0.9578011,0.96153307,0.9205929,0.002642236,0.014423768,0.0014453935,0.9559505,0.97484493
0.9946801,0.99496174,0.99094534,0.9853967,0.9968681,0.9968394,0.99778867,0.050029468,0.9979267,0.99731344,0.9791212,0.9905811,0.985824,0.99239653,0.99424595,0.998418,0.99167365,0.99552083,0.99476963,0.02795858,0.9919419,0.83381844,0.9924396,0.98820996,0.0063532344,0.99906856,0.908639,0.9479709,0.970042,0.9733968,0.98523974,0.76360285,0.046966016,0.0072619873,0.9797298,0.99751556,0.98700094,0.15490612,0.981814,0.9925991,0.007908354,0.97028536,0.7385403,0.98081964,0.9578931,0.98376423,0.97381276,0.993111,0.89981693,0.1670632,0.0018964236,0.00847389,0.89012337,0.9459664,0.99477816,0.99629384,0.99590045,0.08987642,0.13914487,0.9856743,0.93628144,0.96110755,0.016629234,0.9893399,0.01219905,0.9882912,0.024292842,0.96900296,0.29753768,0.008980632,0.982627,0.043889735,0.98725545,0.014576291,0.98601806,0.01581909,0.8879752,0.009310844,0.020768689,0.9725266,0.97750187,0.8664892,0.0005030562,0.0026210868,0.76947296,0.10805411,0.99082816,0.9743138,0.0055087935,0.89285874,0.08254518,0.024509955,0.1501268,0.99032754,0.9873647,0.98678607,0.005211696,0.95567477,0.26347318,0.9229071,0.7845638,0.9911644,0.0040104743,0.025976062,0.960726,0.012511979,0.97382814,0.031142643,0.91078156,0.14011693,0.9613582,0.9746835,0.0039561153,0.21295165,0.002072058,0.011765401,0.89370793,0.0028781306,0.0029682908,0.06543836,0.78208417,0.12151108,0.0040798,0.9859936,0.000887659,0.9550136,0.008017897,0.106197685,0.02091892,0.058313288,0.0016197838,0.0010737,0.009675396,0.16919334,0.1717218,0.0029700806,0.9962657,0.13630103,0.0022005006,0.016236136,0.0042820065,0.010020715,0.0010255353,0.7429805,0.01016986,0.04752434,0.018390715,0.0019175886,0.07835501,0.0016510936,0.32990953,0.00077849324,0.000420375,0.111934,0.0018726296,0.005860583,0.00017126082,0.110387124,0.010199566,0.014512674,0.0013724674,0.09943299,0.00036011817,0.010186779,0.0022118336,0.013398376,0.017756207,0.0006623167,0.04525914,0.0072032614,0.0013373278,0.11628493,0.00085634564,0.22815526,0.99674666
0.98986584,0.9970361,0.9946398,0.98855025,0.9993261,0.99791306,0.99838376,0.19868007,0.99718046,0.9947147,0.9873453,0.9922873,0.9950153,0.9669026,0.9903904,0.9975138,0.98749614,0.9942391,0.9993259,0.059338648,0.9814004,0.991281,0.9854155,0.9754528,0.036806937,0.99865216,0.98223925,0.9912059,0.99150425,0.98522896,0.9817312,0.98569494,0.015843466,0.006339841,0.9617609,0.9964498,0.9813984,0.20965193,0.9949136,0.9679326,0.039716866,0.30539373,0.21740288,0.9939699,0.94549996,0.99150336,0.98293847,0.99425066,0.9241357,0.17896514,0.006174178,0.013512793,0.15310551,0.9758188,0.98070127,0.9746833,0.98184764,0.13848117,0.32887185,0.9824117,0.8537288,0.9911479,0.008563292,0.9814454,0.0008567942,0.94532514,0.049829286,0.9893255,0.9804457,0.012743628,0.98784024,0.0709488,0.96864945,0.015729262,0.98595804,0.09601895,0.9466376,0.012856774,0.009146846,0.99604344,0.9958046,0.99196625,0.004395307,0.046797153,0.18937163,0.16217548,0.98133963,0.98561865,0.012458961,0.8763915,0.13479805,0.02902307,0.012130211,0.9152501,0.9835085,0.97954476,0.054177318,0.33874214,0.07995235,0.97985065,0.07161524,0.9848962,0.01082219,0.021774065,0.9846674,0.09505402,0.9441997,0.01243982,0.2390804,0.12803657,0.9872728,0.988335,0.009758616,0.23328018,0.012400551,0.017678646,0.44297242,0.044078343,0.0023975668,0.09265231,0.2952693,0.14949308,0.014868517,0.96222055,0.0107429335,0.14642783,0.0025604153,0.051750183,0.019379925,0.026586615,0.0009705178,0.0006701643,0.014657291,0.015560411,0.08293977,0.020335242,0.96295,0.18134306,0.0018755641,0.006987865,0.0023017994,0.009769579,0.022723565,0.93554026,0.055967085,0.17418589,0.051409934,0.00875035,0.023245377,0.0012456831,0.14545944,0.0010238055,0.0074049626,0.050789956,0.007229056,0.012172211,0.015285505,0.12886803,0.007675806,0.0147842895,0.0044977968,0.05073768,0.0035525581,0.006420217,0.0062930207,0.03202497,0.0057360493,0.025872359,0.015540475,0.0106663555,0.0019202535,0.1272331,0.009024462,0.07115563,0.9973598
0.99443674,0.98707795,0.9957728,0.99588025,0.9949812,0.99150753,0.9974752,0.008587519,0.99324423,0.9949031,0.9903008,0.9911442,0.9882195,0.99669755,0.9893986,0.9983708,0.99717736,0.99570054,0.9914976,0.023592424,0.9832302,0.95215374,0.9900372,0.9953235,0.003145577,0.9936638,0.9941275,0.98399067,0.9837504,0.9853066,0.99426234,0.91849035,0.05628313,0.0077124923,0.98525375,0.96793896,0.99422836,0.030619435,0.97958356,0.99474007,0.0024220669,0.7708575,0.6004776,0.98609656,0.972259,0.9948638,0.995304,0.993002,0.83256567,0.09800863,0.008671185,0.0018893076,0.8812481,0.97408164,0.9885034,0.98954284,0.99223095,0.043591436,0.14697097,0.9944983,0.9944818,0.9825811,0.089549705,0.9896213,0.030230967,0.9932811,0.023734791,0.99516845,0.661363,0.002745227,0.9912936,0.009912111,0.9908433,0.0076201605,0.98919415,0.010103908,0.9880754,0.002895558,0.0636471,0.98858136,0.9901811,0.96780485,0.015166668,0.009305695,0.5971656,0.0053702015,0.99395436,0.99089515,0.0036745565,0.98962736,0.11024702,0.032186333,0.28936526,0.9931473,0.9912435,0.99139446,0.005137817,0.95175385,0.11103131,0.9831145,0.91761,0.99148047,0.005987381,0.024896223,0.9901044,0.0027273498,0.98723745,0.0053905593,0.9548064,0.041768394,0.9765738,0.9899386,0.032486346,0.021441672,0.0006369132,0.01698918,0.64596224,0.0146049475,0.019790104,0.037769873,0.9145963,0.013073565,0.003901579,0.99033606,0.0043742075,0.9591722,0.038936958,0.026645087,0.012780739,0.04861819,0.018369535,0.018506074,0.0013650963,0.039338294,0.11077578,0.0059606195,0.9970644,0.0104363365,0.051149346,0.02727203,0.098485045,0.023260681,0.0009910653,0.89171714,0.015843153,0.08597344,0.018236289,0.0029071593,0.043780804,0.049117103,0.5910806,0.002935665,0.00056916906,0.027263196,0.008875771,0.012844749,0.00020176552,0.0214302,0.027492758,0.011841336,0.0026778243,0.02597542,0.0014407143,0.053298824,0.0020469842,0.014697362,0.023294285,0.00045736236,0.0150576485,0.0110875685,0.008937422,0.019355247,0.0014157324,0.02637134,0.9975424
0.9319316,0.9980584,0.9987846,0.9909452,0.99633956,0.9867295,0.9983113,0.018422196,0.9949437,0.99703,0.899684,0.99174327,0.865853,0.99652904,0.99245936,0.99951434,0.9841388,0.9927953,0.99647105,0.3153712,0.82467777,0.93375975,0.99230534,0.98302746,0.00572284,0.990419,0.98484355,0.9868514,0.9895997,0.9756688,0.9827069,0.9520786,0.14324509,0.3612105,0.93461096,0.9857619,0.94459623,0.072249904,0.9873584,0.9805747,0.006183697,0.97489196,0.9634747,0.97517073,0.9721919,0.99137163,0.9962722,0.99424237,0.7911483,0.1752905,0.0066352393,0.030477012,0.92233557,0.96822995,0.99220496,0.99107146,0.9722311,0.02986287,0.31388268,0.9716647,0.9635537,0.9207191,0.046116404,0.9931636,0.44174525,0.9848733,0.0068027033,0.9869708,0.7306496,0.015422031,0.96428406,0.023273382,0.9926496,0.015129826,0.98537713,0.0075320695,0.9636128,0.020193644,0.10089396,0.9772694,0.8957168,0.92682433,0.011893937,0.0064531667,0.924479,0.0019625898,0.9975188,0.9939261,0.03292899,0.9416922,0.7307201,0.04159228,0.66003853,0.99740523,0.9756865,0.9872404,0.007805449,0.98814696,0.6375646,0.9421696,0.8487515,0.99747187,0.018034859,0.051274184,0.99129045,0.0043005273,0.9887727,0.009052346,0.9647115,0.058304165,0.95750934,0.98004293,0.026455807,0.070788,0.00025635204,0.03609085,0.7961246,0.020995934,0.05277004,0.027944379,0.98441064,0.007902239,0.010389035,0.9901777,0.001385317,0.9715726,0.012852521,0.0940751,0.021802628,0.11132931,0.01782816,0.012306732,0.008387684,0.025362115,0.04526832,0.0043213977,0.9940764,0.012016138,0.014513398,0.017961271,0.037181493,0.39954874,0.0022899625,0.8329042,0.0049506044,0.021406254,0.029899424,0.017466536,0.033199057,0.013784223,0.81637293,0.0033681039,0.0008152786,0.033823755,0.0106019685,0.01505671,0.00068482006,0.13813905,0.60450876,0.014700671,0.0031836033,0.01302223,0.0018619214,0.049513735,0.0064144917,0.011824253,0.010064524,0.00064834266,0.006221912,0.010692674,0.0057643466,0.01711851,0.001317683,0.03275289,0.99485165
0.99406344,0.991871,0.99373007,0.9924859,0.99913234,0.9946641,0.9977277,0.36774102,0.9629015,0.95548934,0.99199486,0.9926602,0.99807644,0.98318243,0.97431153,0.99732935,0.99752074,0.99306434,0.9964217,0.8118071,0.9614719,0.97696656,0.9759065,0.9466865,0.01139222,0.9891567,0.93153846,0.9887455,0.98771995,0.9889958,0.98741406,0.9768345,0.392902,0.003938169,0.97527903,0.9674519,0.9811638,0.7916863,0.9947442,0.8550599,0.013485311,0.8684948,0.7561998,0.9818139,0.94989973,0.9928404,0.98789376,0.96740115,0.9739853,0.8542969,0.01666043,0.009504207,0.86100876,0.9784461,0.94036114,0.9364878,0.94153404,0.77491784,0.95391303,0.9821898,0.93552005,0.9913407,0.0040613585,0.9774269,0.0032218625,0.9101213,0.9494581,0.9938399,0.9790366,0.044913433,0.9873821,0.031718392,0.9754031,0.1609779,0.9586834,0.11714432,0.9786471,0.01781893,0.0074455915,0.98396575,0.9921991,0.95923436,0.052861843,0.9305973,0.9164271,0.36387134,0.97238624,0.9853137,0.02926128,0.13568535,0.62851393,0.3494491,0.89978844,0.894581,0.8971828,0.94139755,0.004543368,0.7946464,0.90720874,0.8551335,0.03460477,0.98037785,0.0063979807,0.020938346,0.98192316,0.7839325,0.9664062,0.001403707,0.7951759,0.8710815,0.9893623,0.98610514,0.027090168,0.9355356,0.003946008,0.0366173,0.8538239,0.19031255,0.12787533,0.88456756,0.7976915,0.7436263,0.003876923,0.96038204,0.010279997,0.4206622,0.6941279,0.77541834,0.6197718,0.21035995,0.012076156,0.0049252347,0.004031281,0.39729622,0.5512173,0.015968477,0.63297415,0.5078179,0.019330857,0.38546863,0.010345309,0.010566769,0.008775209,0.9117087,0.5331766,0.60895,0.3780901,0.006090457,0.18256927,0.013447523,0.8973066,0.0013734087,0.014325075,0.7723587,0.03672837,0.062034156,0.021956315,0.197216,0.007935096,0.31336436,0.033433273,0.16996941,0.010873636,0.008101065,0.005486927,0.14842202,0.051712617,0.011154307,0.0059644687,0.016487425,0.02673063,0.53165334,0.019127963,0.4660265,0.98969716
0.99020493,0.99770606,0.99510807,0.98080635,0.991631,0.98526335,0.9977985,0.09158153,0.96887624,0.96129817,0.9938659,0.993272,0.99784267,0.981429,0.985033,0.9985812,0.99898523,0.99472743,0.95306766,0.508178,0.9715362,0.93329746,0.9823669,0.9484672,0.00924762,0.9960461,0.809581,0.99056834,0.9806824,0.9727237,0.9704114,0.9631151,0.13621606,0.0051128464,0.9783448,0.9944786,0.9851335,0.42466506,0.9792573,0.97312397,0.0051720133,0.9908653,0.9636634,0.9811391,0.95314306,0.99534696,0.95945764,0.9936427,0.8865027,0.8131677,0.010405608,0.018963473,0.9851833,0.9401172,0.99182385,0.96822023,0.9927287,0.5165833,0.8442111,0.9788325,0.9634032,0.9730175,0.011673782,0.99218047,0.038193528,0.8918046,0.7726004,0.8732512,0.78691167,0.05494264,0.97883224,0.059590217,0.99054444,0.07436436,0.9443687,0.06576226,0.9500842,0.010606712,0.0111159,0.9765227,0.9792708,0.85756534,0.0119204065,0.43223217,0.9333962,0.20748441,0.98146224,0.97951484,0.014568394,0.7211654,0.65390617,0.12867224,0.95901,0.9178668,0.98039925,0.9796132,0.0035530122,0.9827571,0.85339844,0.576083,0.47717583,0.9909183,0.013497458,0.027231043,0.9708101,0.23701389,0.9856726,0.0034585865,0.9782024,0.40389824,0.9897333,0.9774449,0.006134085,0.55445105,0.0028316234,0.08253446,0.91319793,0.047277164,0.051968735,0.28048506,0.9015455,0.13425049,0.004030967,0.97656494,0.0029471994,0.94859225,0.71202546,0.66594565,0.4991898,0.10965278,0.013311037,0.004164834,0.0012615698,0.4755409,0.35046306,0.019794516,0.9356542,0.38431805,0.005095393,0.15765628,0.00924796,0.009171759,0.009644573,0.386237,0.23126447,0.18648861,0.18914483,0.0019397562,0.50763136,0.007003407,0.88315284,0.0010692776,0.012571375,0.6767013,0.029259376,0.038553387,0.004620233,0.21951501,0.020564133,0.12208164,0.027471328,0.518231,0.010344146,0.024977528,0.0032907028,0.04277499,0.12806487,0.018361986,0.028800808,0.01130096,0.012949282,0.28522956,0.025293812,0.47915134,0.9929651
0.99908197,0.9770205,0.97403425,0.9906819,0.9891727,0.9724132,0.9926966,0.8169738,0.98106956,0.93753046,0.9958619,0.9899446,0.99070287,0.9788669,0.9900411,0.997156,0.961317,0.98597324,0.97895974,0.8248245,0.95991665,0.9580539,0.88230616,0.9289024,0.0026844672,0.9885777,0.9699158,0.97042465,0.9382927,0.9696983,0.9875771,0.9094504,0.78416455,0.008423876,0.9262506,0.97466743,0.97402805,0.89971423,0.9309136,0.5750227,0.3785292,0.8817934,0.94308466,0.9129038,0.86510205,0.95217854,0.932354,0.9725719,0.97620934,0.89474154,0.0041243955,0.015956433,0.95757073,0.9351693,0.95427513,0.9481263,0.97757477,0.82992375,0.94663084,0.9803797,0.3829223,0.9470835,0.12259335,0.9891782,0.00047584207,0.66839147,0.9676099,0.982942,0.98552215,0.47553983,0.97069305,0.47647348,0.96181047,0.45268196,0.94952273,0.3915867,0.8620545,0.28066573,0.12079918,0.9660206,0.9532726,0.91937244,0.018382343,0.8992839,0.9359668,0.82744414,0.9495534,0.971722,0.5104555,0.05747034,0.07247085,0.56128615,0.8885424,0.9177064,0.9479781,0.46570048,0.0306323,0.94027585,0.94741267,0.24969918,0.025340496,0.94335955,0.008038019,0.10465653,0.9673459,0.74700886,0.96299225,0.014756811,0.969722,0.93174726,0.92972535,0.9722368,0.07173222,0.75851953,0.0045811385,0.05860665,0.80510616,0.783493,0.6381292,0.92247564,0.9067038,0.8617898,0.0078588845,0.9337012,0.03007081,0.3064383,0.82651293,0.91747373,0.76005316,0.022698408,0.06012319,0.03589864,0.021538885,0.8692934,0.63743323,0.030801762,0.90014297,0.9099103,0.022590997,0.033670276,0.06902069,0.006776054,0.049241498,0.34399986,0.93822473,0.45411056,0.57226926,0.015992464,0.096746124,0.08337763,0.8755364,0.00066430675,0.038360476,0.95035815,0.07147328,0.5776936,0.0037227713,0.08338031,0.0068767136,0.4555062,0.039783854,0.7946477,0.004598176,0.06379694,0.0048997505,0.29892564,0.7169148,0.029501365,0.09408312,0.11220763,0.04649121,0.8628961,0.0027782721,0.82316273,0.9772743
0.9985442,0.9960454,0.9904613,0.99632,0.9859947,0.8552537,0.9815916,0.96015286,0.9774031,0.9892674,0.98375213,0.87638825,0.9904648,0.95950097,0.8380035,0.9991277,0.94080174,0.962972,0.8678292,0.88803464,0.57790977,0.92224896,0.7408414,0.82929474,0.038694724,0.81673586,0.35489127,0.92702556,0.9502382,0.61214,0.9672463,0.88496506,0.3339718,0.52146125,0.84323245,0.4373668,0.75980985,0.92463857,0.9810586,0.07082489,0.66679573,0.46819967,0.48536557,0.8732533,0.025448758,0.82829523,0.2482563,0.7474655,0.43929377,0.8412567,0.0042820126,0.21338573,0.13713033,0.833199,0.25396156,0.003699415,0.3796138,0.3699473,0.80796564,0.90145695,0.85054576,0.60207194,0.8232318,0.80292886,0.0013134793,0.0005736486,0.92160845,0.0062692487,0.56488955,0.86124456,0.7237944,0.0066544698,0.2978546,0.07990374,0.011893288,0.06298845,0.7665586,0.845894,0.48230803,0.95730126,0.6925195,0.67652565,0.0029282281,0.8767902,0.52136606,0.8542312,0.7894816,0.97496176,0.07591822,0.7262378,0.89153177,0.281769,0.7879395,0.25273225,0.79934657,0.5932013,0.22879738,0.8986582,0.21951674,0.00072126853,0.4877441,0.2721997,0.93498176,0.77436924,0.70011365,0.42327297,0.021132696,0.56322277,0.9000514,0.71067744,0.1877348,0.7701368,0.75241715,0.9576082,0.0035032355,0.06872389,0.7382028,0.43135703,0.6185982,0.7980624,0.7057344,0.65394133,0.94799405,0.0035936367,0.016559357,0.009501717,0.84315956,0.31344938,0.08285008,0.021519639,0.039568696,0.0042430013,0.4909464,0.96342933,0.839226,0.1161074,0.86153257,0.4681075,0.00074044743,0.08413676,0.005866334,0.09645155,0.9135118,0.21302916,0.7004098,0.73933965,0.72108704,0.28442624,0.72240824,0.0028742356,0.7864929,0.0013500314,0.0072412565,0.45363155,0.0015528005,0.061088476,0.07486494,0.0065219835,0.048095755,0.7810536,0.073864035,0.96194226,0.00923587,0.019988827,0.72304225,0.011470522,0.49003315,0.9184705,0.58337957,0.3023335,0.003355875,0.7368035,0.0057857595,0.5404345,0.8674096
0.9985442,0.9794348,0.98933744,0.977407,0.98644817,0.8808148,0.96051997,0.99049675,0.9778636,0.9934906,0.9809006,0.8866078,0.96945155,0.98451775,0.8108145,0.9991277,0.8152467,0.9031653,0.8558482,0.84500414,0.25758508,0.95053715,0.6411213,0.81649816,0.051454853,0.8327322,0.5008347,0.9443521,0.96895707,0.6320018,0.93102336,0.80494076,0.44358554,0.43493333,0.8114793,0.6348582,0.7946272,0.92438275,0.9892245,0.015180606,0.5280281,0.19751619,0.43187225,0.76936746,0.021483993,0.8527016,0.20931323,0.84495753,0.32568434,0.8436657,0.004368691,0.43452433,0.106870666,0.914149,0.16960612,0.009741659,0.48773456,0.27080405,0.7866476,0.9029958,0.843687,0.64226615,0.61669004,0.82710725,0.0013134793,0.0007023909,0.87603,0.009099042,0.6100078,0.81878316,0.77135223,0.012860272,0.36612463,0.34967446,0.070696674,0.48631608,0.78954667,0.82625,0.49470395,0.9751922,0.49726218,0.5657007,0.0060254033,0.79901624,0.5599486,0.6171416,0.8196765,0.96828073,0.13718109,0.2694755,0.77479273,0.1895072,0.35175157,0.23640643,0.8171001,0.45795503,0.23333815,0.90868616,0.2536861,0.0007357225,0.16963957,0.5799395,0.9425222,0.8331472,0.78256094,0.39987963,0.025038257,0.6369707,0.8794331,0.6860802,0.10805131,0.7200489,0.6765824,0.96733284,0.0033447647,0.052785594,0.81812847,0.2347454,0.6333673,0.7121825,0.68610036,0.24584396,0.9607735,0.0061661215,0.044384293,0.008061073,0.86084515,0.28857568,0.035906397,0.033302944,0.039267987,0.017706035,0.2302769,0.96048915,0.7852842,0.36510256,0.85843265,0.6258108,0.0021752052,0.06868114,0.005722577,0.09339592,0.8671032,0.11371358,0.4802389,0.88002694,0.6787186,0.17982304,0.5500488,0.010797772,0.7825909,0.0013500314,0.039233282,0.39277747,0.046731673,0.048180137,0.089912914,0.06318926,0.04606683,0.69203824,0.1043403,0.95734334,0.00923587,0.11632042,0.67049974,0.057149727,0.16590884,0.8568168,0.8176022,0.35271162,0.041090354,0.6209599,0.0061031827,0.6195558,0.89336735
0.9872939,0.984038,0.794021,0.9924694,0.98162395,0.12174973,0.44055834,0.9494173,0.32970592,0.44085327,0.9809183,0.23818968,0.8730138,0.9873389,0.2112283,0.9509731,0.8049925,0.9755274,0.033558276,0.14430624,0.95356244,0.90922374,0.09054422,0.4621581,0.010248447,0.12142601,0.10621058,0.26640093,0.9155681,0.66813344,0.92677504,0.70051694,0.18648697,0.04539367,0.74069023,0.067817375,0.42422834,0.07281399,0.8666046,0.004392966,0.14658068,0.015734635,0.33505845,0.29359388,0.01948764,0.12942627,0.08139137,0.08955335,0.21565259,0.15720847,0.0008004398,0.44394082,0.86227185,0.20093733,0.009407625,0.05357476,0.11049784,0.028700098,0.36211923,0.43522194,0.029577848,0.12506028,0.08219722,0.2141248,0.008492475,0.0049431706,0.9809971,0.056458108,0.826935,0.118434556,0.3085035,0.30481115,0.24615327,0.009441702,0.031851746,0.44274276,0.25268868,0.23538314,0.08179758,0.5825497,0.058407713,0.32228532,0.0009428271,0.8966548,0.016698565,0.06451008,0.04020407,0.166279,0.110446885,0.11596665,0.10189871,0.013904549,0.7803648,0.003987819,0.13343589,0.053534262,0.23649089,0.08028389,0.35639024,0.011453616,0.021965826,0.016057367,0.13978657,0.18659675,0.0152129335,0.034028698,0.008941098,0.025412552,0.05986671,0.83132523,0.05956948,0.068101,0.05358051,0.13589016,0.008227428,0.2667487,0.09815317,0.011486845,0.1055942,0.07511726,0.0708307,0.11452085,0.08588636,0.003951573,0.020724393,0.0025574141,0.020145696,0.05427884,0.014159254,0.0075066015,0.0005199433,0.0009783901,0.14866778,0.06731012,0.035872407,0.04500132,0.4281105,0.021260623,0.0031319521,0.090083696,0.0024462186,0.0047843815,0.019377315,0.118963696,0.12280999,0.13269971,0.058285497,0.0660576,0.0061939,0.0011171311,0.012736929,0.0009918177,0.0020634837,0.018729737,0.0024493833,0.004260692,0.002109752,0.0044964757,0.0054002674,0.043208186,0.0016438726,0.095418416,0.00033073648,0.10213855,0.0065302844,0.086547434,0.02904886,0.028495362,0.049381647,0.12997402,0.0049394197,0.007776245,0.0042952504,0.025986604,0.3689512
0.9946003,0.9896694,0.07126877,0.88942415,0.9963291,0.15791218,0.9649961,0.70087737,0.05918594,0.048541572,0.8890191,0.07579337,0.73220146,0.5665831,0.02102717,0.9616583,0.11856655,0.6070135,0.15909822,0.07806272,0.62022275,0.23116857,0.053856935,0.19911925,0.004066025,0.0069532124,0.15004404,0.6711396,0.42466,0.54480094,0.5629425,0.08470737,0.027807679,0.06104525,0.2065647,0.033988737,0.3430459,0.104179375,0.23448907,0.001477281,0.04863265,0.037521247,0.03842613,0.8499041,0.006838626,0.20703137,0.06483016,0.010502745,0.051830124,0.23063672,0.0019314776,0.23452656,0.48568007,0.18351164,0.009533132,0.00200443,0.017275192,0.019579107,0.20805062,0.05135169,0.011854779,0.23532264,0.17316566,0.015186287,0.0005765142,0.00199344,0.7464076,0.009761565,0.04487096,0.0575298,0.13120279,0.19324167,0.06004385,0.00494122,0.012202205,0.19600534,0.02154729,0.10885777,0.20723285,0.03380258,0.031869005,0.09577268,0.0005383911,0.38034645,0.101599544,0.033305984,0.03140322,0.024825476,0.17725544,0.007777794,0.009504002,0.056123998,0.37920478,0.013870129,0.049902644,0.016716588,0.045919422,0.032379713,0.0259916,0.0013781985,0.03668728,0.012546533,0.0061798324,0.042750806,0.05442394,0.008952916,0.0022407274,0.29860386,0.021093702,0.25796434,0.034239665,0.0136819985,0.073930554,0.005419824,0.001573519,0.072855,0.06732141,0.0037108227,0.0064012883,0.10847125,0.026794164,0.038688853,0.012012828,0.0008151372,0.00057964155,0.0019811068,0.016401686,0.07486193,0.011296944,0.02542647,0.00021543691,0.0011427129,0.02864397,0.009121551,0.019531937,0.0554246,0.012106709,0.00945622,0.0015456878,0.004796956,0.0008596977,0.0076530334,0.023875374,0.0029378792,0.013270958,0.06239379,0.064968966,0.007073042,0.009730612,0.001667471,0.0031686348,0.0004631379,0.011815376,0.028736256,0.0036870488,0.0261258,0.0038309817,0.0015817946,0.0032153914,0.02767773,0.031616207,0.0074402196,0.00054749026,0.035280768,0.015254078,0.0070293704,0.007129461,0.013261596,0.027024625,0.0153581435,0.018014485,0.0032322726,0.00017607013,0.011091584,0.06615902
0.9994778,0.98227453,0.84414005,0.9784848,0.97941476,0.81755716,0.936749,0.96318376,0.71543586,0.8705425,0.983238,0.73574495,0.91871274,0.9354181,0.5567133,0.9968869,0.66638505,0.7264279,0.6746303,0.15292086,0.33438137,0.91134727,0.34564313,0.81654614,0.0009559965,0.088640474,0.6243235,0.93719995,0.87401634,0.8521951,0.91306335,0.7458381,0.7365882,0.31219584,0.49244988,0.66188824,0.7301837,0.85694367,0.8963003,0.0075069885,0.3397104,0.436788,0.53333634,0.70282716,0.040261585,0.8517572,0.2233794,0.13489418,0.6583865,0.8198077,0.004714651,0.8897041,0.8445206,0.84400916,0.16604409,0.0109094,0.56355596,0.20663644,0.74509877,0.75913954,0.18116045,0.65056837,0.67502105,0.66823256,0.00029384703,0.0036562956,0.7305524,0.18872246,0.54327697,0.5468215,0.8359041,0.015184193,0.77718043,0.029209374,0.11638398,0.5012593,0.27790686,0.50033534,0.7363739,0.78026825,0.28355616,0.24509564,0.0042786207,0.67095923,0.36785206,0.59534764,0.531918,0.7824607,0.77273124,0.24501763,0.21259709,0.23829816,0.2570699,0.3206857,0.5499676,0.013082077,0.26394275,0.5729571,0.8838496,0.00093083165,0.032685418,0.06927421,0.8315442,0.5018053,0.682353,0.40993348,0.045321345,0.39395696,0.6611618,0.77164143,0.18834522,0.7489908,0.6757624,0.39991114,0.0049145687,0.21852882,0.5447358,0.52441454,0.5687334,0.61582476,0.72923934,0.36298797,0.49336046,0.0056477888,0.018377267,0.010982544,0.7571132,0.41018397,0.36815274,0.01698804,0.004233131,0.0065470636,0.14552873,0.84344625,0.5114948,0.08403568,0.65264857,0.043466985,0.002555471,0.13879083,0.009094774,0.0048804614,0.5943057,0.19870266,0.2825411,0.56531763,0.64327675,0.28961456,0.1936423,0.004547091,0.02856601,0.0005649363,0.044396643,0.07719565,0.034322966,0.54927534,0.011332609,0.05882684,0.009268775,0.3618234,0.03953314,0.82206494,0.0054661892,0.03766448,0.5453249,0.051383104,0.14262542,0.66066444,0.120133035,0.51931316,0.029408026,0.30638075,0.0037644014,0.49655396,0.64640915
0.9994778,0.9412,0.46031135,0.9888204,0.98963445,0.010047453,0.36121666,0.92667514,0.4992737,0.09032751,0.9759176,0.0359035,0.9697287,0.9440711,0.019356325,0.9232255,0.68674403,0.62162626,0.1399376,0.037441023,0.9526024,0.10008358,0.07983967,0.25702998,0.0013893606,0.004424528,0.033785902,0.12122465,0.5040128,0.2698438,0.39046803,0.06907422,0.019704612,0.0049554924,0.01653302,0.004722908,0.0975523,0.04471678,0.020102,0.003207163,0.005889427,0.06592373,0.010234232,0.42754748,0.0041410155,0.04794222,0.18634476,0.0035679177,0.056433223,0.087912045,0.07305084,0.09477699,0.84460616,0.3887302,0.033087473,0.0059701456,0.025480542,0.020221684,0.030307144,0.15049742,0.036373038,0.0725757,0.081945956,0.075089626,0.00030580896,0.0041915267,0.8821936,0.04577919,0.064247645,0.024462733,0.029690437,0.019186364,0.07031944,0.0045057014,0.01882971,0.0036017166,0.03685014,0.0072676754,0.016833626,0.021350551,0.02425377,0.146435,0.0003585055,0.5612968,0.032150086,0.014822009,0.035903666,0.031239819,0.0075703207,0.006064376,0.015893573,0.08152231,0.876916,0.011350316,0.01613546,0.025923435,0.013573987,0.042770118,0.019410701,0.006641109,0.017082315,0.026634168,0.0019106552,0.012293604,0.027144961,0.015368429,0.0075604822,0.057920024,0.025120627,0.026258983,0.02831634,0.005002624,0.0029594037,0.014227561,0.11956781,0.011351601,0.013982764,0.008400501,0.003153014,0.017348802,0.031028323,0.026667304,0.004329179,0.0024384279,0.0023643472,0.00925334,0.027187858,0.024894033,0.013739129,0.010214052,0.00075936085,0.00068061595,0.005324702,0.02104052,0.0130106155,0.026576806,0.011338759,0.0037809396,0.002025026,0.016163273,0.024734505,0.00137227,0.012170824,0.018980624,0.015358987,0.019583108,0.051641636,0.0069573354,0.007132246,0.017866075,0.005507171,0.0006071635,0.06281027,0.022770735,0.0011795925,0.009062665,0.0007326765,0.001232226,0.0030884775,0.005860872,0.1166654,0.02379171,0.00093415007,0.016194467,0.0017187985,0.0051239817,0.013277136,0.0071828947,0.015393328,0.005573975,0.001457442,0.009673496,0.00025885945,0.021476056,0.24137634
0.99950457,0.97658825,0.84581184,0.99621934,0.99410075,0.107679926,0.3821087,0.88018894,0.3959867,0.40302294,0.9955035,0.41091645,0.99220383,0.981645,0.58741415,0.97926897,0.5450924,0.7884931,0.113911815,0.05818254,0.9610859,0.8115354,0.3897175,0.67912674,0.0010400614,0.05265104,0.286379,0.34276408,0.9211589,0.72774744,0.78663737,0.589176,0.08354774,0.008988011,0.3672247,0.14607188,0.69246465,0.06417265,0.25574577,0.04510727,0.07218214,0.0404754,0.07670563,0.3158738,0.10570613,0.13306683,0.36813292,0.1539267,0.4672074,0.051509023,0.027330874,0.049422737,0.94742733,0.5730596,0.349346,0.12897635,0.44972947,0.01822508,0.07497302,0.5651966,0.09539612,0.07012571,0.29353464,0.32466435,0.0003271277,0.008146781,0.9447728,0.1928519,0.71435034,0.019589366,0.06875809,0.005301822,0.50444484,0.00471332,0.094372064,0.014732129,0.20699477,0.019584032,0.023963796,0.187512,0.41154218,0.6161194,0.003581344,0.7656642,0.1781206,0.06794351,0.32881552,0.104180366,0.08855903,0.016126402,0.015840901,0.08915136,0.46019614,0.022258798,0.12242711,0.566384,0.013681605,0.07989411,0.4887599,0.015638355,0.021867754,0.62027484,0.010678942,0.022469047,0.12900934,0.054988015,0.0830764,0.010395474,0.13746879,0.09965559,0.5186101,0.14295252,0.014262191,0.12637138,0.013658063,0.028310066,0.043281212,0.032566465,0.053974144,0.04435905,0.10230616,0.08845038,0.0130709885,0.0071756584,0.10139957,0.046795405,0.16096872,0.05382368,0.045887206,0.012409653,0.0013833907,0.00067255663,0.012600079,0.034597434,0.022943642,0.010453448,0.09018339,0.0063601793,0.0033364058,0.026541611,0.008760249,0.0014744975,0.01376966,0.073776126,0.037443988,0.08480934,0.051352177,0.033817314,0.040524576,0.0038461285,0.10578135,0.00082307705,0.03273116,0.17298882,0.0025537128,0.118878916,0.0016109416,0.0064228424,0.0032897806,0.04789529,0.0065914043,0.03038639,0.0022629707,0.012571896,0.0034354043,0.046851452,0.03718207,0.008872068,0.018006507,0.035603277,0.0075652204,0.19498909,0.00056407624,0.060180202,0.209953
0.9994778,0.9868749,0.971356,0.74455094,0.70106995,0.16391233,0.92311317,0.854898,0.8469637,0.83338505,0.9914057,0.6536468,0.9941168,0.73283964,0.7096091,0.9944174,0.795681,0.90173197,0.043602664,0.62184554,0.9042037,0.46337882,0.7125534,0.83033,0.0009679635,0.15320367,0.0475508,0.3252006,0.8114549,0.5669043,0.9062029,0.27667734,0.3090142,0.024561757,0.4873524,0.07888528,0.28172505,0.5453937,0.50606954,0.017937014,0.254897,0.62808454,0.09385988,0.849686,0.0043627196,0.23903017,0.28601488,0.15161416,0.27080452,0.66083115,0.011618922,0.15287055,0.5597773,0.8466999,0.1372248,0.018464282,0.2575681,0.39756572,0.1401835,0.32650763,0.40880513,0.09336463,0.7480604,0.49845648,0.00030580896,0.0010142477,0.67119306,0.102045275,0.09515709,0.3075608,0.07637816,0.044674937,0.44993576,0.025715044,0.011381957,0.005974907,0.11915942,0.38542962,0.291856,0.091063365,0.15236688,0.27236995,0.00085065607,0.6301667,0.22144543,0.57408637,0.13193157,0.10670241,0.038936403,0.21066149,0.055412296,0.13055494,0.63881844,0.04901838,0.21149634,0.08676884,0.058542956,0.2248739,0.13342743,0.0007715564,0.053122006,0.10506094,0.065439925,0.2732651,0.08265827,0.10992381,0.008063277,0.07458105,0.37918872,0.19950946,0.17237441,0.24148552,0.094781205,0.35934737,0.011352756,0.09712533,0.3140615,0.21927199,0.14364234,0.07984277,0.15285009,0.28425902,0.06287824,0.002609707,0.016529169,0.0038919083,0.4032556,0.09064071,0.114878096,0.0077891955,0.0061389767,0.0012932498,0.03808739,0.2400024,0.044192545,0.011021005,0.55014706,0.026769033,0.001390897,0.03455097,0.032277852,0.0028092272,0.13755098,0.022663897,0.19709575,0.04248576,0.17461221,0.063868046,0.19134738,0.0069270562,0.022678355,0.00062583084,0.00487307,0.07885262,0.001223006,0.06294012,0.0010990006,0.0025333408,0.0068028127,0.11914832,0.006321999,0.3108788,0.0020704446,0.0074231257,0.059751283,0.0037301357,0.25109282,0.104831666,0.026585184,0.43590772,0.0014802832,0.18207844,0.0063974527,0.19428815,0.09281112
0.9994462,0.6789616,0.8125124,0.84424686,0.5514273,0.6285434,0.9705648,0.7320421,0.9806938,0.9070845,0.89426535,0.805116,0.37070513,0.43639868,0.113149196,0.99329054,0.89785796,0.9165102,0.9580617,0.9029507,0.019523542,0.6141306,0.4885941,0.2882017,0.0044395425,0.5010088,0.1606768,0.38474008,0.5048868,0.28710163,0.36098176,0.4273578,0.41282937,0.083620295,0.7497528,0.07583963,0.54181856,0.91501075,0.827234,0.34322688,0.5449574,0.04784036,0.044227403,0.21854335,0.5199614,0.6067007,0.6954742,0.5796559,0.3817113,0.2159128,0.040189154,0.01698977,0.18958418,0.071933545,0.7383574,0.08258971,0.49877137,0.5239552,0.97651994,0.5920297,0.28703675,0.035609923,0.5407002,0.9396691,0.0009554893,0.09138497,0.2304546,0.6467237,0.35581708,0.13765582,0.8995597,0.25616762,0.17709625,0.7617849,0.8123878,0.19295946,0.21165852,0.053527594,0.20959415,0.5663743,0.3621992,0.47252032,0.039209582,0.37535536,0.4385112,0.030737842,0.71568424,0.8182729,0.016638594,0.012263504,0.47716656,0.41914362,0.007900173,0.7246244,0.4135175,0.33691496,0.3596356,0.5594689,0.3028912,0.004524646,0.007230816,0.22906168,0.024393812,0.1773642,0.6334227,0.5984172,0.160535,0.012162061,0.26807058,0.58060527,0.19534737,0.30648902,0.39892447,0.6593785,0.004190894,0.69476086,0.18189006,0.5024303,0.01583635,0.063720785,0.22539648,0.016751489,0.16498306,0.011067927,0.4177161,0.007727201,0.0030727906,0.26819456,0.034470517,0.16455019,0.95965594,0.5402542,0.5344018,0.25916266,0.47331494,0.0869033,0.21177268,0.42816052,0.39796206,0.007659921,0.40870935,0.13981381,0.09606673,0.4067181,0.36717287,0.4197769,0.08588022,0.90183824,0.07045232,0.31612903,0.0754941,0.0062344456,0.006823053,0.41986173,0.46697432,0.0017325314,0.009554787,0.009396584,0.015061151,0.13111724,0.36714178,0.021033635,0.026127908,0.68979484,0.046601385,0.09620721,0.059894834,0.012857894,0.08215778,0.18703319,0.51288646,0.010172053,0.0063744523,0.017993063,0.98058426
0.0052340007,0.99966097,0.99536467,0.99750084,0.9988708,0.9975515,0.9987344,0.63490313,0.9989311,0.99882084,0.0010094484,0.9896237,0.0030562747,0.99301964,0.9912314,0.99910295,0.017306006,0.98922104,0.9928844,0.77121633,0.34362987,0.04132776,0.99438876,0.5783244,0.9113103,0.9988116,0.7931075,0.57871306,0.106955566,0.14879361,0.9719678,0.43071276,0.22308177,0.98516536,0.027524622,0.9985732,0.04364928,0.07286422,0.95002276,0.9391482,0.15208621,0.9973713,0.68186724,0.9687167,0.9109606,0.10889247,0.20302154,0.9953412,0.4842625,0.054163188,0.00030987491,0.15534368,0.0009804668,0.031373315,0.9123929,0.9883492,0.9006897,0.029222885,0.01688644,0.16438001,0.14565672,0.6175143,0.004246639,0.952079,0.9094621,0.93167055,0.00028756246,0.025177766,0.23125054,0.11212254,0.9826654,0.92052054,0.89031667,0.016394088,0.007876054,0.017894704,0.0066872966,0.09715672,0.01784827,0.58971024,0.45613375,0.09870943,0.00029795276,0.00033635244,0.75040996,0.06547799,0.940241,0.58843386,0.099077135,0.023398692,0.88880104,0.24771942,0.001331017,0.9678192,0.042185284,0.62098956,0.16658364,0.078050934,0.0654842,0.19201191,0.018951226,0.944074,0.013450819,0.11976023,0.84191114,0.07894427,0.5954412,0.11910436,0.008550809,0.04880164,0.22526439,0.542978,0.033355977,0.20733915,0.0002940917,0.031791784,0.20073092,0.001261878,0.007893179,0.025871571,0.2780176,0.03963237,0.014319568,0.21559168,0.00016374254,0.018815167,0.0029770061,0.8012648,0.0014525993,0.013828313,0.0026794549,0.0019857972,0.45250782,0.0011836495,0.6298815,0.0077709043,0.037966248,0.18421924,0.0009869002,0.0057280166,0.00041685833,0.7203854,0.00082384556,0.3366984,0.0021386906,0.036812,0.028538603,0.0009733573,0.0026622012,0.0023613225,0.0058712997,0.00034479503,0.00068497314,0.16442636,0.0020920737,0.05860894,0.00095938484,0.14321953,0.67661464,0.11718099,0.002540236,0.003448707,0.00021960803,0.015788583,0.0017478499,0.0044704275,0.0004666516,0.001392146,0.01563156,0.00984195,0.0017776331,0.004466643,8.509271e-05,0.07145138,0.9540189
0.0045564426,0.99966097,0.99509406,0.9975764,0.9988708,0.99729365,0.9987344,0.11908975,0.9989311,0.9964748,0.0009828167,0.9877032,0.0027082157,0.99529773,0.9873382,0.99910295,0.0045122723,0.99211097,0.99626994,0.49854976,0.55420166,0.03697933,0.9935568,0.12697929,0.9484288,0.9987871,0.63114506,0.71659076,0.061514273,0.06569909,0.9878703,0.21792512,0.025965955,0.9904113,0.0225259,0.9985732,0.034310397,0.016230227,0.9965294,0.9078025,0.33194268,0.9975454,0.4195389,0.7718647,0.9432187,0.090853326,0.389958,0.98727745,0.5538822,0.13573276,0.00030987491,0.29828638,0.001042309,0.02197015,0.88079494,0.97324365,0.74043274,0.042117834,0.016353086,0.08643825,0.2769738,0.6370666,0.0041066967,0.7461854,0.97541624,0.69559354,0.00028756246,0.05639016,0.12921287,0.34736165,0.92771184,0.852688,0.7492279,0.013193885,0.0043894597,0.020781297,0.020186309,0.3729039,0.021678124,0.121992156,0.40046024,0.0310019,0.00029795276,0.00033635244,0.8929479,0.006198401,0.81534255,0.5462684,0.44140598,0.017993817,0.6058344,0.12025189,0.0013852707,0.8725493,0.014617243,0.25241473,0.04247357,0.17986067,0.0453362,0.13569441,0.014016859,0.83829564,0.006556946,0.021552216,0.7637284,0.2958551,0.43338236,0.22352421,0.008550809,0.021491695,0.04443636,0.18685247,0.03996218,0.056691226,0.0003022905,0.06136111,0.03584375,0.001261878,0.008269482,0.33510038,0.31573567,0.035092115,0.010454351,0.077673115,0.00016374254,0.06283812,0.003780776,0.7892521,0.0013322852,0.029370498,0.0026794549,0.0019857972,0.117908835,0.001219313,0.4372996,0.010247005,0.009928396,0.19235127,0.0009869002,0.0068686097,0.00041685833,0.31274202,0.0018044758,0.693138,0.0021952384,0.039365724,0.010277926,0.0022390054,0.0076038577,0.0024181136,0.00929202,0.00034479503,0.00068497314,0.1794727,0.0020920737,0.4489456,0.0010250459,0.059281785,0.61099774,0.0112843765,0.0026096213,0.003448707,0.00021960803,0.019921264,0.0017478499,0.0049884976,0.0004666516,0.0014510191,0.0164686,0.009862872,0.0017776331,0.0031549328,8.509271e-05,0.021965632,0.5070906
0.0045564426,0.99966097,0.99455994,0.9975764,0.9988708,0.996994,0.99859136,0.10695515,0.9987509,0.9961359,0.0016182007,0.98805076,0.0026745852,0.9954352,0.98622364,0.99910295,0.0048102182,0.9933648,0.99647754,0.7164096,0.7373079,0.037581436,0.99373156,0.2038658,0.90176076,0.99873406,0.5971076,0.76087266,0.08333696,0.20220043,0.9922058,0.29793403,0.10631921,0.9827931,0.023065817,0.998418,0.02320817,0.015850738,0.99774915,0.9233149,0.5582059,0.99806255,0.7016213,0.6269503,0.956314,0.2042041,0.52450126,0.9870366,0.7191588,0.31592375,0.00043431905,0.19968738,0.001042309,0.021565774,0.89366496,0.97743464,0.6435842,0.034063883,0.008895878,0.06743337,0.25702563,0.5204016,0.0033967511,0.88669735,0.97681105,0.853377,0.00030303118,0.7484454,0.042513944,0.3687851,0.9716812,0.88842326,0.6514327,0.015363083,0.0040512565,0.0075500566,0.029328123,0.38068014,0.019283574,0.03271511,0.3749834,0.025646191,0.00029795276,0.00031894378,0.92762005,0.0064144796,0.94337165,0.60003793,0.42599893,0.010435677,0.53247744,0.46741202,0.0012302042,0.9152788,0.013689954,0.593336,0.11208524,0.13456263,0.04131222,0.1059729,0.005235041,0.92563826,0.0054773157,0.017819447,0.88425773,0.328202,0.51931846,0.18321624,0.008042453,0.022743126,0.025399998,0.17319092,0.03996218,0.049650446,0.00031792588,0.062238377,0.029584507,0.0011868152,0.025871607,0.36939397,0.35507095,0.034533054,0.0056692413,0.31166857,0.00015513969,0.15203796,0.0017349898,0.8532059,0.0013322852,0.026658185,0.0027297956,0.0018596859,0.034758247,0.0008481175,0.6205975,0.0056777014,0.009928396,0.071914084,0.0009869002,0.0052951924,0.00041685833,0.4474498,0.0015355789,0.61695606,0.0021093425,0.024062824,0.01090603,0.0017212393,0.014453951,0.0021292241,0.008599146,0.00035756003,0.00046866233,0.22201048,0.0015309441,0.25148788,0.0007735655,0.19645794,0.7617808,0.009176033,0.0012653924,0.0024065718,0.00022725498,0.005834316,0.0017461965,0.0033313357,0.0004517167,0.000893306,0.0059238314,0.008482255,0.0016145079,0.004266743,8.509271e-05,0.013067592,0.74571437
0.058762062,0.9966073,0.9927133,0.99616075,0.99623567,0.8898572,0.9955707,0.7339437,0.9814321,0.99807405,0.08340238,0.9957968,0.13784274,0.97101045,0.92385834,0.9886536,0.60507804,0.99820435,0.98781186,0.61551,0.90646136,0.77927166,0.9641275,0.21357936,0.6534575,0.98992455,0.4925132,0.96436524,0.9031718,0.21486112,0.92476344,0.5108025,0.012942067,0.23014562,0.31347635,0.9915371,0.11214021,0.06068956,0.8829251,0.5864793,0.26790556,0.8729958,0.8997839,0.7516372,0.18136859,0.72756314,0.7169647,0.9965797,0.10109289,0.17522474,0.00067508774,0.65563136,0.028971357,0.1359968,0.5828596,0.29834917,0.13394283,0.04306542,0.19868599,0.5379614,0.75917023,0.82774526,0.0019210213,0.8020155,0.63488513,0.19340298,0.0050253207,0.44244254,0.6867501,0.18670389,0.9249737,0.79747415,0.39833695,0.012615009,0.2103879,0.0030399098,0.37017342,0.08528569,0.00460229,0.7561884,0.5353543,0.77234775,0.00042988796,0.0035804997,0.085940845,0.054108888,0.21377845,0.17562959,0.047482967,0.18803163,0.10701652,0.1492351,0.0022029653,0.72569996,0.6562815,0.5774925,0.25429878,0.21218078,0.011047289,0.7502993,0.025165584,0.550483,0.02141542,0.03615624,0.87860495,0.016064353,0.1936535,0.047712415,0.027898472,0.31368393,0.38069394,0.256249,0.023609146,0.11224104,0.00057461415,0.11621853,0.83999544,0.0056583495,0.049741242,0.092128254,0.18846995,0.027252227,0.0099695865,0.038473167,0.00032432762,0.2348147,0.00042271093,0.034291144,0.0017140401,0.014174471,0.0011462577,0.00080635364,0.007778711,0.0003945557,0.06993955,0.0019222897,0.2578895,0.038315333,0.0007855462,0.002103398,0.001147278,0.023903755,0.05425304,0.07272174,0.006216789,0.008901673,0.049706016,0.051892605,0.008007004,0.00094554963,0.072654806,0.00073052285,0.0005537537,0.034457292,0.00122074,0.1019917,0.0014468686,0.0431029,0.027869986,0.005825671,0.0011995232,0.002823461,0.00020880483,0.004122101,0.0018473617,0.0012721465,0.0006446369,0.005599183,0.0037891096,0.061531905,0.0011934732,0.006572451,0.00016890655,0.020426808,0.9588649
0.0026829755,0.999524,0.99460065,0.97545093,0.9959698,0.98363173,0.9976859,0.82260126,0.9982905,0.99509335,0.0014114891,0.894311,0.003627844,0.9881373,0.42189315,0.9990344,0.082223766,0.9963463,0.99759126,0.9867286,0.91709197,0.6362424,0.9871358,0.8285693,0.95372874,0.9978371,0.2648458,0.87541205,0.96593565,0.6570532,0.9453111,0.2152425,0.44278875,0.30522254,0.00993815,0.99832565,0.41777992,0.4084393,0.9978522,0.03818349,0.6414164,0.9968876,0.44253805,0.9500036,0.054085538,0.8357931,0.14493659,0.98627394,0.2983057,0.38308585,0.00045016667,0.20806211,0.0013540289,0.5784182,0.049219444,0.6041521,0.03034176,0.5694107,0.5936596,0.04156166,0.93620294,0.82232285,0.0019777864,0.531875,0.11883753,0.017515989,0.0005612936,0.39336538,0.6514265,0.50038224,0.89388764,0.9577082,0.11647131,0.043797445,0.05542464,0.0026365973,0.5161545,0.4174618,0.78417504,0.5382999,0.42654666,0.2589252,0.000292627,0.000579441,0.64517707,0.34857348,0.12796704,0.61046,0.2762008,0.0022425896,0.08379347,0.7754495,0.00104268,0.49244076,0.16648896,0.11835197,0.039762203,0.056617662,0.013976119,0.06449911,0.0007827165,0.12508702,0.8344042,0.43738657,0.6481329,0.7497866,0.02020176,0.23966515,0.0030398273,0.68794143,0.028452432,0.014228504,0.19253562,0.64526254,0.0003711637,0.41957667,0.16979697,0.0016844166,0.0690331,0.9643671,0.046264607,0.34005383,0.063385375,0.001722418,0.00015722698,0.008917442,0.00077418203,0.105409406,0.0139482785,0.02901647,0.0027365724,0.0021224935,0.008822614,0.033221073,0.15054874,0.007687189,0.020641545,0.07927942,0.0017762257,0.0029708236,0.0022059672,0.3791486,0.3615311,0.014328859,0.0054922868,0.034449212,0.5622532,0.005824569,0.2284326,0.0024472266,0.012101395,0.0008982701,0.00045620478,0.52199763,0.0019982052,0.08378818,0.00087738,0.047859,0.06512962,0.018977296,0.0035156154,0.0029305373,0.0002325032,0.0038972157,0.043753043,0.005981645,0.00048620882,0.0023615404,0.002411691,0.7169734,0.003215202,0.0015206533,0.00044178005,0.022171756,0.9310156
0.012632678,0.9990409,0.99506676,0.99730766,0.99787223,0.98157364,0.998558,0.9580706,0.99826306,0.9985013,0.007685549,0.95223254,0.01983094,0.9945304,0.5415523,0.9959337,0.4313898,0.9987293,0.98957753,0.97880846,0.87748706,0.6593364,0.9909956,0.92127717,0.9607142,0.99797314,0.6068213,0.95654535,0.97780263,0.43522325,0.97170264,0.45813763,0.46700317,0.67767394,0.01862202,0.99853504,0.558009,0.31679338,0.969897,0.50571114,0.7911323,0.9811349,0.61429745,0.96444994,0.23065001,0.9276625,0.53489155,0.9973949,0.6235012,0.6821543,0.0007424852,0.39512938,0.002546575,0.59747326,0.77074885,0.4769846,0.3894105,0.7176914,0.71061575,0.042388525,0.78228843,0.9224984,0.0028386319,0.85644734,0.78822106,0.08373733,0.0018393954,0.7988728,0.22281626,0.4297617,0.98842645,0.93252945,0.5217688,0.008803058,0.16436382,0.003742989,0.5266364,0.4696036,0.008400233,0.7626282,0.72856814,0.16383892,0.00013115643,0.0014353811,0.83274066,0.14173196,0.7712471,0.6784209,0.42190343,0.03242629,0.42374864,0.8213473,0.001272639,0.88797593,0.27581966,0.3394594,0.06300845,0.17818862,0.005532677,0.49184147,0.003529707,0.789146,0.484105,0.8298521,0.98818725,0.42799535,0.41363007,0.45679554,0.0029762506,0.273148,0.32383314,0.74183005,0.18531701,0.2614656,0.0020833206,0.5092372,0.61728936,0.000967721,0.10100951,0.86809146,0.15265974,0.23407117,0.15675902,0.0066285133,0.00013798357,0.15282603,0.0004613329,0.13520077,0.0008527564,0.016613055,0.0020963317,0.001257434,0.0054298267,0.008331621,0.27036214,0.005763079,0.19456302,0.055442207,0.0007823459,0.0010119163,0.0013700404,0.27452746,0.34049445,0.064061545,0.0015566258,0.055357512,0.874252,0.005204917,0.36121467,0.0017376528,0.3128909,0.0005388755,0.0005952873,0.030685153,0.00073444407,0.63522655,0.0008657112,0.042211764,0.3108025,0.018280484,0.001501198,0.0018003877,0.00020880483,0.0033621055,0.050879627,0.0038334087,0.00014680332,0.009255727,0.004238525,0.27210876,0.001196437,0.002378082,0.00012493266,0.10243344,0.75165164
0.012058812,0.9987985,0.99738723,0.98235726,0.9983681,0.98917574,0.9918208,0.55519176,0.93273085,0.9975574,0.028958376,0.9726663,0.037832968,0.6100944,0.95968914,0.9989353,0.14623794,0.9739889,0.9957163,0.62984526,0.3987668,0.23215723,0.95045936,0.09257155,0.41580915,0.9754107,0.14059666,0.72994,0.5673043,0.1792046,0.9192172,0.21683827,0.012914065,0.10818872,0.02796834,0.9713453,0.062283523,0.13649945,0.5725906,0.09740368,0.20081021,0.9699341,0.66431695,0.806469,0.044560574,0.8033226,0.7513531,0.96829516,0.05367079,0.04826814,0.0007899465,0.31239718,0.015785724,0.34520116,0.15697777,0.25110358,0.044532385,0.23133108,0.7019358,0.04982336,0.38689294,0.30172476,0.0012322195,0.51479703,0.23202778,0.0871694,0.0020919254,0.25952655,0.14298217,0.06021859,0.70081615,0.3300888,0.79461306,0.10405463,0.061664786,0.007776282,0.21975593,0.014484467,0.041074313,0.15579101,0.2415769,0.5547174,0.0035406353,0.0024760491,0.13870515,0.01007596,0.110731274,0.51605123,0.009373572,0.011749942,0.35674998,0.12286415,0.0059411903,0.25050464,0.6858706,0.0459203,0.15760738,0.3747575,0.02077467,0.04500145,0.014725135,0.2650587,0.06216767,0.23782055,0.85848534,0.0038730833,0.045391407,0.0061053582,0.015123753,0.49308226,0.029971961,0.036770903,0.06299148,0.109215856,0.00037220845,0.28570917,0.5124116,0.01553267,0.001803551,0.025216362,0.21472456,0.05377972,0.010832935,0.009328631,0.0006862879,0.051415417,0.003418075,0.11364051,0.009328767,0.01054409,0.0012040432,0.0013899892,0.36232775,0.0034513893,0.009625399,0.00665755,0.063586585,0.061767794,0.0041330396,0.0018108779,0.0017934394,0.34709927,0.03026416,0.077685565,0.019685596,0.0087697655,0.09519885,0.0658204,0.011548364,0.0009827979,0.08121835,0.0013981868,0.00066874345,0.008063715,0.0031547397,0.011183266,0.0015153418,0.0032846609,0.059916005,0.004814546,0.0030836426,0.009033401,0.00036834076,0.017824138,0.005171419,0.00643552,0.0013387933,0.0028663941,0.004361765,0.04866756,0.0030047642,0.006372885,0.0007484027,0.04049117,0.9189842
0.04108686,0.99805945,0.9857599,0.99580884,0.99863297,0.91723233,0.9980586,0.7472961,0.99034274,0.9625964,0.1196243,0.9944107,0.101220444,0.99269307,0.9396279,0.9963329,0.8477701,0.99559647,0.99281657,0.6684235,0.96030104,0.4757376,0.98732996,0.5669657,0.7972269,0.99677366,0.3333354,0.8673399,0.34749556,0.13377626,0.95733404,0.66258675,0.057262443,0.20057285,0.11158153,0.99690515,0.09801769,0.09025118,0.8470832,0.9665423,0.0092678815,0.99677247,0.8225634,0.9261602,0.6444893,0.59248585,0.96540046,0.9941478,0.16642568,0.5492833,0.0008930797,0.37114355,0.1404506,0.16988732,0.7302388,0.9634517,0.53476876,0.14434911,0.13205744,0.39567932,0.87215596,0.6534642,0.0012752151,0.6080491,0.89388067,0.34841415,0.0014536558,0.18472673,0.25852394,0.019907644,0.9658631,0.4552605,0.8394726,0.014780122,0.51853997,0.0015518715,0.67123127,0.012642777,0.005698305,0.2634557,0.78509724,0.564575,0.00013115643,0.0010278084,0.8807028,0.02991093,0.8651772,0.13250285,0.005758772,0.120974414,0.49254906,0.058452167,0.008957994,0.9276108,0.43175432,0.8066107,0.059433952,0.49979183,0.16752286,0.8014729,0.17024417,0.9652604,0.0028450692,0.02400636,0.8394956,0.043339428,0.43976533,0.029874984,0.12599167,0.22171284,0.1272012,0.15221944,0.0043646297,0.028055422,0.0018366309,0.1032382,0.7120496,0.0008867097,0.007920054,0.028681204,0.6696325,0.010136988,0.0016371727,0.057758607,0.00031813662,0.7524658,0.0007184463,0.03228387,0.009103008,0.14522077,0.0032296514,0.00082659983,0.015762458,0.006505798,0.05812331,0.0015576496,0.6998464,0.017971123,0.0008554041,0.014370356,0.0015736575,0.014544242,0.0027783515,0.22705851,0.0010440273,0.0019466053,0.03311189,0.0013580266,0.0016148001,0.0031834897,0.07633975,0.0005388755,0.00065421074,0.005174349,0.00071251014,0.02153961,0.002408133,0.023342567,0.08914116,0.0014953384,0.00088250707,0.0007114479,0.0004873419,0.0033001974,0.00036065828,0.00067547616,0.00019784813,0.0015032893,0.0029780862,0.0032931876,0.0007483474,0.0026235038,0.0001270285,0.08821029,0.89202887
0.0026363465,0.99955946,0.994636,0.9858137,0.99851745,0.99512166,0.99824727,0.12002067,0.99866307,0.9969302,0.0017654913,0.99077845,0.0029723267,0.9839244,0.98070794,0.99913555,0.014340097,0.9961265,0.9969247,0.91113675,0.95896965,0.017459081,0.9926965,0.09683052,0.96652114,0.9985316,0.010155996,0.3716711,0.05155094,0.016333936,0.99251986,0.0433461,0.017943282,0.98192054,0.0798008,0.99788445,0.0090220105,0.031885162,0.99709094,0.5831691,0.9115771,0.9982786,0.16030541,0.89189196,0.9233531,0.08202536,0.09905249,0.98406255,0.8865381,0.7649795,0.00043431905,0.07155031,0.0010338726,0.006078954,0.10429744,0.94494504,0.21751128,0.3280944,0.029627537,0.060161766,0.6524699,0.3665384,0.0012886168,0.10027731,0.98474216,0.21003827,0.00034699414,0.33230218,0.027241303,0.88523096,0.95121855,0.98993605,0.35922593,0.018129377,0.010599438,0.0027494663,0.1511675,0.9333108,0.02483913,0.01540596,0.30935565,0.020891711,0.000292627,0.00054004556,0.9136956,0.023880836,0.7654258,0.25091803,0.90898836,0.00435812,0.3001198,0.7028286,0.00082993,0.70485055,0.032890365,0.41598654,0.035416316,0.06196266,0.02425098,0.017267091,0.0014646754,0.7336402,0.0016243485,0.021469163,0.3430496,0.92489684,0.023281246,0.8822575,0.003776226,0.08173636,0.017736964,0.36143,0.14512992,0.054168575,0.00032283884,0.5426011,0.06821223,0.0013526775,0.012698941,0.91954833,0.119608454,0.013943792,0.0045461203,0.008292331,0.00025506428,0.13262455,0.0007453997,0.43923387,0.0015206664,0.050803486,0.0028437183,0.0019150203,0.020306354,0.0008192167,0.57927686,0.0058064535,0.021886982,0.074876264,0.0012034023,0.005590712,0.0016926659,0.47901344,0.0039334265,0.44308236,0.0020093857,0.016938336,0.024878347,0.003088927,0.0068490175,0.0022787752,0.00594888,0.0005388755,0.00046490342,0.5955586,0.0012518085,0.90672725,0.00046446023,0.009406568,0.10327564,0.011374077,0.0009870928,0.0024230476,0.00023351538,0.0033506781,0.0030447866,0.0023255588,0.0005529931,0.0009739733,0.0030205473,0.0034780651,0.0016371297,0.006945597,0.00012493266,0.054872934,0.108963385
0.013885093,0.99922645,0.99444604,0.9960592,0.9986804,0.98798674,0.9989079,0.4535436,0.9985429,0.96995753,0.016607665,0.99322456,0.025059685,0.9928463,0.93731153,0.9964534,0.020442642,0.9987463,0.99398476,0.8327951,0.94906306,0.022092238,0.98786604,0.0771896,0.96462935,0.9985852,0.13988183,0.79309994,0.09428331,0.015353658,0.9904082,0.3846612,0.03726174,0.9181434,0.037057623,0.998168,0.028738745,0.058650628,0.93197304,0.6321813,0.8262815,0.99652964,0.25860652,0.9502195,0.9574033,0.06606074,0.47416764,0.97230995,0.73325694,0.5037742,0.0007424852,0.08709562,0.018357316,0.0483196,0.28660834,0.8584501,0.12162343,0.1425348,0.11649114,0.023840029,0.5230122,0.19167528,0.0015724592,0.42974383,0.9426346,0.24254654,0.0018259204,0.53888524,0.0486011,0.73063314,0.9208366,0.93677163,0.630878,0.0095834425,0.016468322,0.0058388202,0.07504413,0.8938166,0.0062071956,0.045624837,0.49648762,0.030429931,0.00013115643,0.0017379773,0.83968335,0.0644011,0.56798965,0.21707785,0.6159058,0.030837946,0.38836312,0.7465193,0.0016488997,0.82258725,0.18507464,0.43507057,0.06825294,0.041815013,0.008374436,0.13990434,0.0076799146,0.776794,0.006081732,0.04371004,0.07373324,0.87880164,0.14669012,0.4600841,0.008043305,0.18236487,0.011589488,0.052276336,0.023015756,0.0077067283,0.00248331,0.49165997,0.061529014,0.00077513873,0.046594903,0.84269345,0.19166191,0.012069354,0.0014824365,0.064470634,0.00025192118,0.058730606,0.0011005307,0.26272383,0.0010777402,0.11782719,0.0022388648,0.0013491348,0.028398208,0.0006549575,0.5137483,0.0059462613,0.0217871,0.012275715,0.00087894854,0.023156274,0.0015736575,0.088967666,0.0071625616,0.2686162,0.0012171343,0.028169692,0.03009633,0.0028920812,0.008871767,0.00212402,0.009875234,0.0005388755,0.0004900593,0.10774674,0.00084211334,0.037669044,0.0012227509,0.006167773,0.18369561,0.005166175,0.0013473777,0.0009839043,0.00023789077,0.004630591,0.00082722306,0.0014152149,0.0001547675,0.002987518,0.005400893,0.009376755,0.0011843177,0.003871794,0.0001270285,0.0041803955,0.11762708
0.0027051973,0.99907684,0.9980204,0.9791824,0.99796593,0.9959037,0.996411,0.045070283,0.9952024,0.98584855,0.0017080903,0.9549354,0.00368841,0.9846965,0.9873499,0.99911875,0.0062085907,0.95975107,0.9967064,0.35831836,0.3896565,0.06471713,0.992269,0.065990955,0.7129493,0.995611,0.20247419,0.03841116,0.23357905,0.12918751,0.9849319,0.51948667,0.004449383,0.91669977,0.008587223,0.99467397,0.069856435,0.01959153,0.9679433,0.04141445,0.55419683,0.997465,0.8579512,0.85956573,0.8702889,0.09730886,0.23279594,0.5983396,0.5202485,0.036919884,0.0007175909,0.15340489,0.0015576784,0.06877347,0.02073681,0.9428553,0.031563662,0.1133546,0.079292476,0.046029296,0.34177053,0.07341698,0.0017927344,0.34110248,0.9160573,0.805262,0.00054450094,0.21217576,0.051944368,0.5622666,0.5713363,0.6734378,0.34807312,0.03646566,0.005841561,0.0071765427,0.12889242,0.49302062,0.1640051,0.040532373,0.040371478,0.0062733823,0.00034446578,0.0005604393,0.8240939,0.0036760438,0.83951867,0.8942561,0.67467177,0.0032673127,0.32403928,0.5891348,0.002145886,0.9203776,0.019632552,0.06716498,0.08008808,0.039002076,0.0138963135,0.010134123,0.0014817266,0.9184117,0.047680758,0.04034227,0.123348966,0.1248002,0.018892676,0.55061567,0.0039808857,0.034578025,0.0022674613,0.029432325,0.12732114,0.01215484,0.00031369212,0.28514302,0.00927925,0.0027664695,0.0069368277,0.62081456,0.214687,0.021840772,0.012973317,0.004925443,0.00028704942,0.028835641,0.0065669613,0.29631144,0.015356088,0.022634245,0.0030395861,0.0026394867,0.101334915,0.00570038,0.08309346,0.036055584,0.0064530564,0.010721088,0.004018211,0.004036586,0.0022355258,0.5847698,0.013347836,0.72512084,0.0075648013,0.008688425,0.0408319,0.0061630574,0.11323763,0.0019451096,0.11314142,0.0010315635,0.00062417635,0.08021489,0.005109873,0.015098311,0.00047999126,0.003901907,0.17993136,0.0032987217,0.004348309,0.0030353365,0.0003251068,0.017426793,0.002258654,0.0071151564,0.00052933994,0.0010498266,0.004629303,0.005637213,0.0032051422,0.005750323,0.00047691443,0.012580595,0.33864814
0.057063248,0.9983341,0.987739,0.9948714,0.9987212,0.9753048,0.99847656,0.9360501,0.993234,0.98910296,0.021894451,0.99480826,0.02507938,0.9361867,0.97220236,0.99636996,0.5857828,0.9969568,0.99117965,0.81668425,0.9650613,0.20327894,0.98299843,0.19154018,0.9281694,0.99710673,0.75269395,0.93950224,0.21487129,0.13733289,0.9794811,0.4327902,0.24747136,0.30988422,0.2819558,0.9969699,0.09367381,0.16330807,0.72939694,0.94685286,0.046909787,0.99515224,0.75046515,0.9681971,0.78978246,0.6569156,0.9657079,0.9754792,0.26081812,0.6467896,0.0008687885,0.65484667,0.037378326,0.31514567,0.8719026,0.97783434,0.4540551,0.17576535,0.05713191,0.32097995,0.6469237,0.74030334,0.0013268795,0.8058003,0.5351805,0.48168048,0.0013010534,0.14147675,0.41225246,0.078591056,0.9590747,0.86423707,0.9758755,0.00941291,0.046728954,0.009260275,0.058784656,0.104523145,0.0049013924,0.5191306,0.7439795,0.7535633,0.00013115643,0.0019695978,0.89028686,0.040039394,0.8300307,0.08728502,0.023432158,0.14035256,0.63027894,0.12167134,0.0022524805,0.8932362,0.5011788,0.6082776,0.30863905,0.1908202,0.023814851,0.9650491,0.056784514,0.92825985,0.007126535,0.15123564,0.45524052,0.051423572,0.87803525,0.11809903,0.08423593,0.19244632,0.2346844,0.051710688,0.060380377,0.07384331,0.0020878261,0.52733845,0.76693094,0.002598328,0.0075755455,0.05981861,0.44145098,0.018449688,0.006267113,0.026527034,0.0002948205,0.25608915,0.00067726715,0.4549404,0.0029983246,0.18692206,0.0031739138,0.0011865321,0.03203836,0.00040658066,0.060546022,0.0028153316,0.098968446,0.07248423,0.0008825126,0.034995995,0.0015563879,0.11570909,0.0020829092,0.23471566,0.0038549935,0.002777843,0.10693338,0.0045097778,0.0015625703,0.0029451137,0.11917091,0.0005388755,0.00042294935,0.004918187,0.0008225823,0.01566592,0.0011398054,0.02300306,0.037628748,0.005602707,0.0011499407,0.0012906694,0.0004887706,0.0036244243,0.00036015973,0.0007895846,0.00021632819,0.0017863774,0.0024142954,0.0015039087,0.0009340411,0.11416107,0.000120970355,0.013084028,0.8860086
0.0028790226,0.9995467,0.99780804,0.99637514,0.9964617,0.9908188,0.99821424,0.83581215,0.9984108,0.9966403,0.0027335447,0.98884857,0.0036860504,0.9666853,0.9580197,0.9991443,0.03554372,0.9961265,0.99622786,0.6277829,0.8224253,0.045113698,0.9875875,0.41241112,0.8975753,0.9977932,0.69076717,0.72648036,0.3858609,0.054795384,0.9846095,0.39463383,0.06896411,0.9063338,0.045034457,0.99762934,0.05245929,0.06492794,0.9963594,0.61769885,0.16420151,0.99819356,0.7769389,0.79253584,0.78821707,0.3918084,0.21332084,0.94845927,0.30119202,0.35397592,0.00043431905,0.7507616,0.0011223343,0.07551233,0.41400152,0.9546222,0.22170971,0.40348423,0.0073630023,0.087438755,0.58074236,0.6932331,0.0014390615,0.7983614,0.6772974,0.04635692,0.00033859702,0.47839573,0.030071951,0.44139752,0.9791089,0.8633396,0.6225239,0.01638916,0.00937385,0.0015279046,0.041421007,0.065381184,0.02003789,0.103748895,0.4306617,0.047751967,0.000292627,0.00041767495,0.9292431,0.026001602,0.9195339,0.14635229,0.09337329,0.004668337,0.5121744,0.2793247,0.0010057497,0.8048921,0.05503953,0.45028403,0.068980515,0.13858274,0.024692385,0.041490678,0.002226766,0.6216981,0.0053097564,0.06414793,0.74301946,0.582725,0.026908632,0.18620498,0.003919808,0.11550163,0.025025463,0.065615155,0.048222717,0.18423286,0.00033464687,0.6070108,0.08732114,0.0013754187,0.011182122,0.19424415,0.676974,0.017618407,0.011941954,0.008292331,0.0002825985,0.027308302,0.000733598,0.8845068,0.002298768,0.21508563,0.0033180977,0.0018025493,0.1299849,0.0008382581,0.19325928,0.010186746,0.033948198,0.07393495,0.0012859924,0.012132468,0.002189117,0.37438053,0.0027629882,0.4655469,0.002104996,0.01232239,0.10700693,0.0049637076,0.014215916,0.0020204692,0.035614345,0.000590523,0.0004875912,0.02409024,0.0009625711,0.095003806,0.00046446023,0.007892481,0.6337297,0.022852803,0.0011603346,0.0024230476,0.00027084973,0.0029977316,0.0014225073,0.0017701606,0.00079114584,0.0009739733,0.0031454186,0.0041681854,0.0014616653,0.02282989,0.00019010747,0.04257989,0.4834616
0.0054199495,0.99952304,0.99779356,0.97809553,0.9919233,0.97627264,0.9969674,0.97022814,0.9949327,0.99854714,0.0035864557,0.97441614,0.005865883,0.4778469,0.6925341,0.9990441,0.8086418,0.9959561,0.995895,0.9068176,0.9185792,0.7317224,0.97420937,0.973871,0.9397598,0.9958188,0.89079165,0.87470245,0.97664773,0.83763635,0.87167174,0.7228412,0.85596555,0.15702255,0.040038366,0.99753475,0.67660314,0.6051003,0.9923792,0.43056887,0.20077577,0.9946567,0.69690686,0.95653266,0.15807593,0.9420405,0.7525371,0.9875475,0.090232186,0.38801175,0.00045016667,0.8516434,0.0025280276,0.6445124,0.3606139,0.95802075,0.21879412,0.42951924,0.33015016,0.11047401,0.7836906,0.8481639,0.001480929,0.9237246,0.12915705,0.018040415,0.0005237215,0.1065388,0.63273287,0.17458412,0.95821214,0.8906761,0.8168511,0.018660082,0.13416441,0.0038099433,0.2460605,0.009926137,0.12914352,0.7417757,0.9244663,0.9251992,0.000292627,0.0005629422,0.9338145,0.120978475,0.30118677,0.065962724,0.016260298,0.00959722,0.4133843,0.2390322,0.0019487147,0.84618896,0.32417217,0.46623862,0.0755036,0.43729776,0.0115665635,0.9474437,0.014243399,0.28586367,0.65761393,0.7249969,0.97691536,0.11858082,0.33485088,0.010397682,0.020118764,0.51973236,0.26656362,0.049137875,0.03627927,0.7115797,0.00038811791,0.33605552,0.857171,0.0039175656,0.008373553,0.33340073,0.1798021,0.28111812,0.40965998,0.0061907806,0.00031803412,0.05574846,0.00055527454,0.77018213,0.011200627,0.11094827,0.0017320638,0.0018668568,0.016826397,0.026285924,0.016545013,0.0036704873,0.059825204,0.2905527,0.0019581423,0.012548506,0.0023100455,0.5629481,0.09200095,0.022362974,0.017382773,0.012017112,0.6347645,0.0068906886,0.03367409,0.0017426244,0.092521235,0.0010006622,0.00047846828,0.0028309287,0.0011973948,0.008172532,0.0004752795,0.0022810749,0.03657135,0.0108967135,0.0020773574,0.0056623295,0.00026967603,0.004344498,0.009011486,0.0028756121,0.0009982089,0.0025849766,0.0012031604,0.17611416,0.002719323,0.07182895,0.0006400976,0.017245153,0.9356991
0.00992318,0.9995166,0.9980165,0.99786526,0.99545246,0.9855541,0.9966858,0.95935863,0.9928712,0.99929667,0.009801858,0.98540175,0.007796577,0.55539054,0.93012524,0.99906355,0.96236163,0.9959561,0.9955715,0.86477774,0.9879681,0.82723695,0.9664627,0.96993166,0.93436754,0.99136883,0.6716308,0.97719336,0.974841,0.9261387,0.9559993,0.62611675,0.7556493,0.20435926,0.16688639,0.9973603,0.30738935,0.69824386,0.9972345,0.1999307,0.36337292,0.9917127,0.5565071,0.95761514,0.29445487,0.9818174,0.71241206,0.9833552,0.5211114,0.9159164,0.00043431905,0.73348445,0.0026291094,0.5223779,0.41985008,0.97979856,0.61152506,0.5172871,0.1794425,0.09076441,0.8342849,0.97754025,0.0013650644,0.74518603,0.052174043,0.12291525,0.00032087442,0.30942756,0.25967437,0.23953332,0.9868216,0.96966785,0.8968751,0.0033067411,0.08677487,0.0032363585,0.29765493,0.053560458,0.01352392,0.87895006,0.91953695,0.95505947,0.000292627,0.0006066508,0.9200836,0.35292232,0.6909898,0.5266759,0.117355965,0.03600312,0.17203191,0.099532954,0.0036289264,0.7086498,0.54460573,0.21028197,0.08011763,0.63317037,0.018681029,0.9345258,0.03228322,0.32109702,0.19324204,0.7935463,0.9733234,0.08631744,0.29180014,0.09127233,0.060163215,0.57105637,0.8843421,0.2301149,0.022866273,0.59282315,0.00038811791,0.27539402,0.8939162,0.003323985,0.014334274,0.3440548,0.3204162,0.4569528,0.20923455,0.05281538,0.0002825985,0.15803602,0.00029623264,0.67602825,0.0019340641,0.039056428,0.0013781191,0.0013624642,0.0054338397,0.004037688,0.0072093923,0.0034143426,0.6874382,0.43820155,0.0012015644,0.00849701,0.0016646127,0.87721467,0.015470263,0.1028052,0.008059105,0.041081514,0.45058012,0.006095551,0.01511903,0.0014323572,0.094277576,0.000590523,0.000459786,0.0037574961,0.00082548556,0.103329286,0.0004752795,0.004523873,0.058584824,0.064890996,0.00086942955,0.008251751,0.00024512256,0.003516364,0.013777076,0.0030660145,0.0010402403,0.0023984702,0.001171048,0.03526017,0.001491753,0.088793896,0.00018104156,0.1040179,0.87828785
0.017338041,0.998779,0.9985617,0.977625,0.9969187,0.99426264,0.9899273,0.5718116,0.82579297,0.99851745,0.020519717,0.9834184,0.022163587,0.37309197,0.9576005,0.9989367,0.50542897,0.97303694,0.9931947,0.685918,0.76466537,0.22166125,0.8970033,0.38776913,0.8099389,0.909984,0.41688073,0.8905871,0.55660975,0.67340106,0.7969177,0.3698843,0.3906348,0.42046854,0.071142204,0.96647996,0.036284186,0.49492586,0.9274187,0.1560726,0.32579902,0.95280355,0.44810477,0.6189945,0.13644639,0.6977263,0.84960943,0.9120489,0.17053023,0.536014,0.0007899465,0.6022385,0.010693743,0.4747302,0.5538218,0.7654886,0.14228599,0.69355667,0.5140218,0.07460184,0.7515309,0.624296,0.0010663611,0.8797628,0.18254893,0.10384855,0.0020307417,0.25831297,0.06333389,0.12724064,0.49964347,0.86028033,0.8215466,0.5896455,0.22094494,0.004927647,0.14217706,0.004129636,0.009143229,0.032388777,0.42311,0.87044966,0.0036980673,0.0017274743,0.38329294,0.048319623,0.17275858,0.42690733,0.0056739445,0.01664682,0.8005231,0.3292525,0.016363781,0.22136362,0.7437744,0.047342617,0.057912443,0.5697284,0.01211004,0.37974912,0.07547593,0.3221592,0.041267008,0.5458638,0.64857477,0.0535976,0.025238113,0.0011597163,0.037209265,0.89020383,0.10552705,0.07310899,0.034020524,0.04868472,0.00038582133,0.5519646,0.4036132,0.022136716,0.012796554,0.0053577716,0.56589687,0.21604237,0.005581513,0.09023041,0.0007869401,0.15935677,0.004910529,0.20949693,0.009324268,0.07899953,0.0010580432,0.0013899892,0.13543902,0.024474781,0.0041021453,0.002588185,0.047091834,0.10636004,0.0048693507,0.009959638,0.0020084833,0.8656246,0.01003127,0.023602057,0.017380722,0.080989785,0.14316459,0.019981375,0.017222565,0.00086825306,0.15851147,0.0015320671,0.0007013719,0.0021791332,0.001589222,0.004410398,0.0008211057,0.0043997997,0.03493841,0.010910274,0.0015365859,0.012944639,0.0004489727,0.017310223,0.0007497182,0.008753755,0.0018588613,0.0028663941,0.0027563337,0.058994632,0.0025909473,0.08869302,0.001016584,0.02196306,0.94768083
0.0047783484,0.99951625,0.99779356,0.97878236,0.99186444,0.98540163,0.9971607,0.94710207,0.9968106,0.9054769,0.0016500265,0.48234862,0.004047839,0.97479373,0.093932435,0.99900633,0.07348969,0.99522096,0.9960109,0.90642697,0.8902006,0.8767234,0.8899007,0.6342798,0.96763515,0.9918503,0.90275633,0.8265722,0.98151475,0.9724963,0.8119289,0.2236222,0.10054169,0.7437083,0.01772082,0.9975197,0.46930435,0.12135828,0.99930644,0.0027343233,0.3362167,0.9914882,0.65991557,0.8285112,0.014259859,0.8450141,0.15110454,0.8614961,0.3163836,0.040034894,0.00045016667,0.44412637,0.0010424501,0.50399905,0.011447058,0.13445155,0.015106148,0.23429039,0.6531852,0.007475212,0.80070996,0.72965074,0.0020530361,0.302663,0.09310202,0.0059061283,0.00054771337,0.16857065,0.11766485,0.43764904,0.87105364,0.9099556,0.08399089,0.072951645,0.019488987,0.0014385086,0.60034317,0.04763474,0.6469854,0.90244323,0.10519395,0.25518638,0.000292627,0.00045958775,0.28702754,0.034182362,0.0288196,0.3236486,0.04347019,0.0017988733,0.037787717,0.27333882,0.0027181143,0.20020005,0.06078855,0.010734717,0.04957025,0.19898388,0.0058756294,0.013936845,0.0018474286,0.024770193,0.8129485,0.18004993,0.33657035,0.09225618,0.0013276942,0.007978912,0.0042347293,0.15395533,0.03349474,0.006821102,0.033906292,0.14752498,0.00038811791,0.2543565,0.11764304,0.001709289,0.030276502,0.5047144,0.09201148,0.08263557,0.050820008,0.0053036734,0.00031803412,0.0038407154,0.0007392129,0.32069716,0.003273474,0.04878551,0.0022092916,0.001997862,0.0051602325,0.038687337,0.07417979,0.0048121545,0.011796566,0.046733495,0.0018993339,0.018367648,0.002470353,0.07446964,0.13618809,0.0033271885,0.005844655,0.033229098,0.59170413,0.00230849,0.598105,0.002044668,0.22686283,0.0009843295,0.00047846828,0.01713641,0.0011774937,0.022208253,0.0004752795,0.0016984004,0.0115697915,0.008317781,0.0021597194,0.003261916,0.00027733945,0.0038877456,0.018004403,0.003753541,0.00073886564,0.0026719638,0.001137689,0.7298938,0.00280366,0.00747551,0.0006721356,0.0059719705,0.33795747
0.004797566,0.9995159,0.99780804,0.9955978,0.9969125,0.98318046,0.99373066,0.5010907,0.99552464,0.91415447,0.0023852638,0.74847096,0.0035973012,0.9710162,0.2945954,0.9991104,0.026615318,0.986047,0.9937211,0.23615661,0.9306589,0.10458237,0.84261245,0.06921701,0.87495476,0.9894197,0.6372296,0.74018896,0.32271752,0.42795962,0.66752553,0.016988607,0.033578325,0.8685873,0.034981053,0.99427915,0.040179618,0.022626596,0.9991762,0.028459784,0.059603445,0.99211156,0.62889785,0.31777647,0.03532688,0.3230632,0.16207708,0.27254984,0.2693427,0.10455005,0.00043431905,0.43277913,0.0008592338,0.012595144,0.0426519,0.13788469,0.062087726,0.16587988,0.031722683,0.034250744,0.2165766,0.5838387,0.0013376806,0.13173966,0.12862392,0.020469682,0.00033859702,0.23344138,0.028521346,0.113944314,0.72465134,0.95855576,0.25816515,0.24293627,0.0035023582,0.0015279046,0.096522816,0.11950377,0.025817093,0.77527434,0.041011054,0.027748724,0.000292627,0.00039898083,0.33285248,0.006511752,0.22034301,0.15141876,0.14414066,0.00290392,0.0736539,0.4149841,0.0022551334,0.08159548,0.009853908,0.025226029,0.23219508,0.10825707,0.02571648,0.0066850698,0.0023010776,0.08672842,0.0038103738,0.048745975,0.26717472,0.0727016,0.005718972,0.052776214,0.004457789,0.06559258,0.017309396,0.042757694,0.023157056,0.037187364,0.00033464687,0.277079,0.027500866,0.0043262774,0.031034216,0.10561241,0.03404636,0.017733593,0.0042390926,0.006430354,0.0002825985,0.0073430073,0.000733598,0.5284334,0.0014452677,0.031706158,0.0022388073,0.0018025493,0.070160076,0.004121838,0.09626946,0.0035952693,0.0141418995,0.09756628,0.0012859924,0.062161647,0.0020446621,0.2213862,0.0014846071,0.109687895,0.0024302157,0.008375628,0.038113866,0.0014111128,0.016690658,0.0019038734,0.10093997,0.000590523,0.0004875912,0.122669406,0.0009625711,0.24817178,0.00046446023,0.007892481,0.025105031,0.011196598,0.00084527035,0.0030843886,0.0002886067,0.0033425335,0.0007541584,0.0017701606,0.0008576031,0.0006664041,0.0014188563,0.0068512033,0.0014616653,0.11301527,0.00019010747,0.040738136,0.11321596
0.09188556,0.9985336,0.9969902,0.9762091,0.99671197,0.8923806,0.93640435,0.4822702,0.95641667,0.9820441,0.14139542,0.9160489,0.15940982,0.9612191,0.8832626,0.995628,0.582554,0.9863377,0.6213656,0.16336015,0.9607379,0.29788998,0.5477795,0.1390957,0.09085231,0.9602703,0.86666346,0.94817525,0.84110934,0.22479118,0.62917763,0.4075492,0.04137458,0.058336813,0.26140574,0.8794971,0.1466609,0.018353239,0.96478844,0.065597214,0.043960646,0.25927207,0.27957168,0.48183507,0.09176026,0.34038913,0.35699216,0.7025855,0.18890914,0.10680851,0.0008633199,0.2351853,0.033063456,0.25839773,0.14965743,0.041758716,0.1102742,0.027865708,0.28509158,0.56016314,0.33287632,0.54763937,0.0012032448,0.42417952,0.043828838,0.13167447,0.00476732,0.45958248,0.46822852,0.01390795,0.58434844,0.5528288,0.21739571,0.28871724,0.08910485,0.0017876218,0.89088947,0.026457777,0.0015619381,0.9568613,0.041373577,0.4170783,0.0004323021,0.0070294365,0.012247354,0.0059306417,0.1141181,0.45616987,0.030316,0.18733118,0.012770238,0.07098428,0.009531679,0.11063054,0.2484455,0.04497956,0.4894239,0.102625705,0.0022877923,0.21251522,0.020548042,0.17383906,0.008904075,0.04014052,0.058173683,0.0029881955,0.09111327,0.0030982224,0.015964013,0.20565109,0.061358895,0.1053725,0.0028769292,0.012269351,0.002349015,0.103839554,0.05620308,0.0032592088,0.016076522,0.012350727,0.023875097,0.09252642,0.0019034985,0.18361825,0.00067888433,0.026895251,0.00034536858,0.035890553,0.001439356,0.019411437,0.0009543907,0.00080635364,0.013620426,0.0019166534,0.011066179,0.0009608214,0.16357975,0.013805741,0.0008625893,0.0098075615,0.0013860164,0.009015537,0.007971495,0.038770158,0.010855992,0.0052230065,0.029438278,0.009710967,0.008105395,0.0008098443,0.10045052,0.0008005236,0.0007830302,0.003623949,0.00094389485,0.024795623,0.000783978,0.0013644302,0.005201767,0.004144435,0.0008114719,0.009430274,0.00028060746,0.017307067,0.0003365839,0.00094601384,0.00063180923,0.0029773049,0.0019343054,0.035273865,0.0011904944,0.008173182,0.00027345822,0.0032487265,0.5335305
0.006918867,0.9985795,0.9976987,0.9930102,0.99881905,0.9987143,0.99789137,0.051634666,0.99679035,0.9947752,0.00066968927,0.89830774,0.0019647586,0.99569416,0.9952407,0.99703276,0.0054407534,0.98274636,0.9922476,0.9514643,0.94926757,0.022504296,0.99453026,0.9424918,0.95800066,0.9962076,0.24462338,0.9617347,0.44526234,0.36504066,0.9949242,0.35079008,0.071958534,0.8382184,0.008410066,0.9943246,0.10983165,0.28380343,0.73039454,0.8575639,0.65239793,0.9939924,0.25095782,0.9787729,0.8368626,0.95881796,0.3218958,0.9756968,0.6847865,0.9024753,0.0005083845,0.031064713,0.0013360897,0.16318153,0.3989773,0.9810322,0.15438843,0.93598956,0.93511,0.06278646,0.96480054,0.94890076,0.0027056385,0.6569025,0.8973593,0.21100593,0.00046934994,0.28579092,0.11975082,0.7931351,0.9751536,0.97861975,0.7441664,0.56058866,0.0013648506,0.15281682,0.08554141,0.73497796,0.33274043,0.041973148,0.9387064,0.1006996,0.0017781418,0.00038402548,0.9388428,0.06428544,0.45572487,0.64497447,0.7967165,0.13824497,0.42601782,0.7637431,0.0023572922,0.6378089,0.6553412,0.25898144,0.04005893,0.14815155,0.004003416,0.15505739,0.4437199,0.8648202,0.059401598,0.9250449,0.77075505,0.78806466,0.14900479,0.70499027,0.06898514,0.70402974,0.0064546587,0.2839374,0.9553081,0.0026337022,0.00026132955,0.7505568,0.030356959,0.035089064,0.095138095,0.5353578,0.06550643,0.8808508,0.0024942104,0.072873466,0.00019127894,0.11092261,0.089384966,0.8359891,0.02291814,0.075345896,0.0008551751,0.0014357782,0.023505714,0.011334345,0.8562909,0.010342184,0.008329923,0.12601134,0.0035806973,0.003967665,0.0006271812,0.960705,0.0018438192,0.2112773,0.00184988,0.9537203,0.14481112,0.0018225843,0.013539992,0.00053060614,0.08801193,0.0006727743,0.0005421829,0.5670211,0.0029770473,0.7204308,0.0003462125,0.2793621,0.6531132,0.041013606,0.0031322606,0.0029501503,0.00041117572,0.15289398,0.0009618528,0.08911199,0.0005127555,0.00080684177,0.052414738,0.06571557,0.002053988,0.0500248,0.00042551247,0.053480566,0.9733574
0.998242,0.96049434,0.9979386,0.9979843,0.5142276,0.708308,0.99346405,0.49110422,0.99675435,0.7800268,0.53508186,0.4667772,0.76888347,0.06381859,0.91807145,0.96963006,0.5761674,0.9982223,0.96969134,0.8061998,0.02454155,0.03146251,0.96854603,0.76079625,0.0053032003,0.7331197,0.015599215,0.97629935,0.991439,0.0066209324,0.31283978,0.016431091,0.5627964,0.22019133,0.7039771,0.4734884,0.011284615,0.518975,0.5224704,0.0042107366,0.006815874,0.791218,0.048785016,0.5096794,0.029039614,0.51407737,0.9489104,0.9330202,0.039417118,0.51435864,0.0075254743,0.45810995,0.25776133,0.55069655,0.004812803,0.0030383712,0.44872525,0.48834622,0.54332364,0.049357053,0.47266048,0.5086151,0.020509575,0.92192006,0.004079384,0.00079026126,0.02728645,0.0016148054,0.024846656,0.051656388,0.53155315,0.49273404,0.48006392,0.42441723,0.009408185,0.0049709924,0.45564383,0.030148387,0.023776332,0.034244634,0.4775942,0.47446963,0.0009925441,0.022243472,0.46199125,0.031625863,0.69851416,0.49925378,0.010185236,0.45621705,0.008713995,0.5025117,0.21539296,0.0051401258,0.7025444,0.007294255,0.006023339,0.700946,0.010030716,0.0006418769,0.499339,0.0017699011,0.011478153,0.9348636,0.008511102,0.017217334,0.011754606,0.04545505,0.0073469672,0.4840185,0.4931157,0.024465999,0.46216118,0.014161399,0.0023877125,0.20158106,0.23823571,0.22558919,0.012785305,0.018207064,0.22770464,0.48852122,0.02543917,0.0007776135,0.011695406,0.0017477775,0.004395307,0.23110545,0.00074029044,0.0030598699,0.0029870565,0.00054885366,0.49418846,0.25817445,0.012995811,0.0041746567,0.22457877,0.008672571,0.0006693234,0.0011392599,0.00032343893,0.7026581,0.020849407,0.013471995,0.0018353629,0.46685356,0.47917673,0.0019241074,0.03396631,0.0015635005,0.02742981,0.008375387,0.0010265103,0.0077013085,0.00030205425,0.0040685106,0.003921689,0.0054622632,0.19101094,0.020993778,0.0012904376,0.018577032,0.005033548,0.005070976,0.44723624,0.006955553,0.015638826,0.00484561,0.005495726,0.015258383,0.0009271125,0.0029783398,0.025039928,0.23736182,0.5078609
0.998242,0.96049434,0.9979386,0.9979843,0.5142276,0.708308,0.99346405,0.49110422,0.99675435,0.7800268,0.53508186,0.4667772,0.76888347,0.06381859,0.91807145,0.96963006,0.5761674,0.9982223,0.96969134,0.8061998,0.02454155,0.03146251,0.96854603,0.76079625,0.0053032003,0.7331197,0.015599215,0.97629935,0.991439,0.0066209324,0.31283978,0.016431091,0.5627964,0.22019133,0.7039771,0.4734884,0.011284615,0.518975,0.5224704,0.0042107366,0.006815874,0.791218,0.048785016,0.5096794,0.029039614,0.51407737,0.9489104,0.9330202,0.039417118,0.51435864,0.0075254743,0.45810995,0.25776133,0.55069655,0.004812803,0.0030383712,0.44872525,0.48834622,0.54332364,0.049357053,0.47266048,0.5086151,0.020509575,0.92192006,0.004079384,0.00079026126,0.02728645,0.0016148054,0.024846656,0.051656388,0.53155315,0.49273404,0.48006392,0.42441723,0.009408185,0.0049709924,0.45564383,0.030148387,0.023776332,0.034244634,0.4775942,0.47446963,0.0009925441,0.022243472,0.46199125,0.031625863,0.69851416,0.49925378,0.010185236,0.45621705,0.008713995,0.5025117,0.21539296,0.0051401258,0.7025444,0.007294255,0.006023339,0.700946,0.010030716,0.0006418769,0.499339,0.0017699011,0.011478153,0.9348636,0.008511102,0.017217334,0.011754606,0.04545505,0.0073469672,0.4840185,0.4931157,0.024465999,0.46216118,0.014161399,0.0023877125,0.20158106,0.23823571,0.22558919,0.012785305,0.018207064,0.22770464,0.48852122,0.02543917,0.0007776135,0.011695406,0.0017477775,0.004395307,0.23110545,0.00074029044,0.0030598699,0.0029870565,0.00054885366,0.49418846,0.25817445,0.012995811,0.0041746567,0.22457877,0.008672571,0.0006693234,0.0011392599,0.00032343893,0.7026581,0.020849407,0.013471995,0.0018353629,0.46685356,0.47917673,0.0019241074,0.03396631,0.0015635005,0.02742981,0.008375387,0.0010265103,0.0077013085,0.00030205425,0.0040685106,0.003921689,0.0054622632,0.19101094,0.020993778,0.0012904376,0.018577032,0.005033548,0.005070976,0.44723624,0.006955553,0.015638826,0.00484561,0.005495726,0.015258383,0.0009271125,0.0029783398,0.025039928,0.23736182,0.5078609
0.98676723,0.14343631,0.9990381,0.24522948,0.32046464,0.0864991,0.09695596,0.98608994,0.99614394,0.9923225,0.96186906,0.14054601,0.053046633,0.98319364,0.11823254,0.9965988,0.14376672,0.18778908,0.22479787,0.9816425,0.115160935,0.9409534,0.1669809,0.14537166,0.028066106,0.15660048,0.10352526,0.25240976,0.15214689,0.07083757,0.16699027,0.146604,0.83211994,0.08388097,0.052266568,0.12017719,0.052072342,0.95631844,0.98072594,0.1647737,0.025990207,0.102601536,0.107365005,0.17017733,0.14708437,0.20040673,0.1846616,0.18370065,0.93593377,0.953664,0.07263663,0.13406383,0.10854234,0.9581841,0.08128594,0.12523663,0.19202682,0.1178766,0.14947334,0.12581162,0.14042303,0.0778514,0.074725114,0.1473718,0.0046163946,0.0017240109,0.07301904,0.0320351,0.22961979,0.036979407,0.28586763,0.03844969,0.20375934,0.042596735,0.03134727,0.009527132,0.09920891,0.030619888,0.093106695,0.11903044,0.09845301,0.18026696,0.023313472,0.12529376,0.22111496,0.03736237,0.1373584,0.15928821,0.015641263,0.027624609,0.13593493,0.13651593,0.115531206,0.12185472,0.18463145,0.121136844,0.07131373,0.11245664,0.07277203,0.0068569295,0.08011232,0.027715605,0.0053690225,0.14939813,0.14202417,0.11583268,0.019381987,0.08107957,0.04435052,0.118349314,0.14781062,0.037506245,0.049588438,0.07898532,0.0039086235,0.18141562,0.17742966,0.04067639,0.006134911,0.020112159,0.084506,0.007145759,0.018987188,0.005569315,0.05115218,0.0033818847,0.00447193,0.050534554,0.012486048,0.042869017,0.054416664,0.045979198,0.11124785,0.040563993,0.101165846,0.046215173,0.056722574,0.029095484,0.0044291224,0.074118614,0.040684428,0.1447785,0.065177985,0.096030585,0.017468762,0.11966141,0.09124914,0.15745637,0.019044539,0.017737089,0.030951831,0.0021751306,0.09721853,0.011722721,0.0038536792,0.019108739,0.020585675,0.009753484,0.09836327,0.032333635,0.022707134,0.040225256,0.008127553,0.027595926,0.027262107,0.010392158,0.037719887,0.03604847,0.019453747,0.041889243,0.009785641,0.008197681,0.0076620593,0.026985873,0.22637397
0.98118895,0.9515476,0.97745574,0.9639951,0.9922792,0.47500414,0.90931165,0.66754717,0.96439236,0.9440559,0.47058257,0.97331774,0.34460372,0.976773,0.9558481,0.99243003,0.9611781,0.93983215,0.2568605,0.5724872,0.7518256,0.51422685,0.934266,0.78425705,0.043759685,0.6889699,0.3007005,0.7520972,0.95631206,0.093892775,0.36338866,0.69046867,0.034588024,0.059219655,0.4038192,0.22317757,0.08002478,0.23893733,0.8998349,0.8473561,0.21112053,0.9689067,0.35700703,0.9524911,0.1507066,0.413428,0.7169803,0.9122239,0.38564628,0.41038927,0.4854488,0.21526517,0.9301446,0.7905762,0.97210294,0.82118803,0.97098476,0.16388164,0.2390497,0.43877402,0.16701025,0.758509,0.3788917,0.81957644,0.011966431,0.014834944,0.36520645,0.022611031,0.7661319,0.2823021,0.8533961,0.6716926,0.4308885,0.12955686,0.6165347,0.0054333196,0.060543396,0.062164295,0.4790101,0.086432666,0.55319005,0.9194158,0.00016499637,0.3412696,0.7199516,0.09366632,0.7746536,0.56610274,0.0017830618,0.45708153,0.17324498,0.21203117,0.54239607,0.1984148,0.79952955,0.8573697,0.053478215,0.33981583,0.051206537,0.012082717,0.3168566,0.701784,0.004878072,0.59671366,0.50857013,0.009929333,0.24527623,0.018091118,0.57910043,0.15509956,0.8963213,0.081646554,0.0032328716,0.13515703,0.120471194,0.027805373,0.34772885,0.37607732,0.0013100784,0.07942012,0.29321706,0.010065902,0.09427323,0.805696,0.0010712552,0.35231993,0.000787035,0.05095,0.0022469587,0.28554115,0.011326194,0.014847794,0.0038820435,0.3111311,0.0122173885,0.02734548,0.4864274,0.005924062,0.0006506441,0.002750659,0.0074304403,0.012783453,0.016382504,0.08365127,0.0088543445,0.11747724,0.17895734,0.33989635,0.21626331,0.025149353,0.0044090394,0.012661825,0.1771026,0.040790744,0.0033465931,0.00065470784,0.010764493,0.0030387857,0.38249326,0.016279202,0.030922856,0.3722748,0.006714442,0.030489039,0.03529934,0.004948754,0.15695989,0.002793067,0.008934179,0.5289532,0.012240209,0.0008231378,0.00070400094,0.5293881,0.87787205
0.9952604,0.988633,0.99459463,0.99756765,0.99829155,0.9939196,0.99196965,0.40041035,0.99257666,0.9879544,0.025828123,0.31528583,0.038322255,0.18941566,0.07569215,0.98549694,0.122447304,0.98731333,0.9970215,0.6450085,0.67101747,0.11375342,0.9898387,0.6464023,0.011050868,0.9934077,0.0155754,0.9849321,0.9822014,0.7460958,0.7599682,0.016392604,0.033408854,0.9702764,0.031008732,0.98966545,0.021161241,0.62351984,0.9879259,0.3393508,0.0038593176,0.38854748,0.33896646,0.95756453,0.92827296,0.9921212,0.9817622,0.9527497,0.01886102,0.89170784,0.0047555068,0.37911,0.03094931,0.1033983,0.9500106,0.4151284,0.9197914,0.9643027,0.76043034,0.46295467,0.03882194,0.80221206,0.055021416,0.4106958,0.25767416,0.29419312,0.0072761946,0.008592595,0.41779366,0.020289201,0.9910534,0.97794414,0.99171937,0.0069579715,0.31819594,0.046418786,0.020047985,0.009119168,0.09977425,0.08281472,0.9846007,0.6041122,0.0006866846,0.0041232635,0.2927267,0.028281348,0.26691148,0.41844988,0.008207783,0.011960017,0.31372437,0.356276,0.004605336,0.31527016,0.9819951,0.011722782,0.004983109,0.6489429,0.33252105,0.007898009,0.01626692,0.33138573,0.0023526833,0.672762,0.37474495,0.008049029,0.0042224736,0.006758167,0.015245437,0.69832,0.017510796,0.020032959,0.65603507,0.38391683,0.0028994814,0.28076735,0.39425462,0.35452208,0.0074152597,0.0075889286,0.8810241,0.6645658,0.09368843,0.0041479864,0.00352581,0.010741134,0.008261505,0.26194975,0.31879354,0.010428239,0.0016893061,0.00037835052,0.3387652,0.047332726,0.012047898,0.04061091,0.07321636,0.33885774,0.0013813982,0.0061994055,0.0013595135,0.6078947,0.008343116,0.35399622,0.0044720275,0.601225,0.6142219,0.0026551916,0.09723824,0.0011952212,0.054803077,0.0009946697,0.015929705,0.018069776,0.0047790967,0.012118074,0.016271789,0.2745091,0.35148686,0.005289755,0.0063202195,0.3014275,0.004853362,0.009739291,0.6857158,0.008411545,0.016587071,0.030119428,0.011077503,0.018646605,0.0019266916,0.611299,0.010982611,0.05542971,0.9876223
0.9973199,0.9906034,0.99300224,0.9983694,0.9972465,0.9902326,0.97495157,0.71423423,0.9897849,0.982258,0.0033790686,0.047976788,0.022235725,0.6764044,0.015055061,0.9824126,0.5226921,0.99311733,0.9939551,0.8843651,0.1739466,0.65583485,0.9852485,0.3309401,0.016144093,0.9854887,0.010742675,0.9850189,0.9953501,0.949017,0.9184345,0.005471908,0.03832184,0.99134946,0.007316327,0.9826779,0.018219274,0.3472529,0.9923568,0.0067871893,0.014266865,0.5629463,0.51316,0.9661063,0.9011332,0.98782665,0.95588744,0.95282483,0.032369766,0.39677536,0.0050016106,0.67211294,0.005946129,0.5599543,0.21922533,0.015586486,0.32228288,0.96865135,0.9516395,0.5325928,0.010806994,0.96373105,0.4833152,0.6478632,0.006988276,0.007862131,0.003988513,0.008589123,0.71340585,0.031733684,0.9906177,0.98967814,0.95607436,0.00323297,0.58161074,0.52562135,0.012728927,0.04337693,0.6198543,0.49261576,0.97114253,0.3580205,0.0006866846,0.0034893584,0.042247992,0.018790051,0.030250082,0.6341089,0.03851835,0.0075987317,0.53824943,0.7043498,0.0012601262,0.006297053,0.97702706,0.0045818216,0.0069866613,0.26141107,0.5135423,0.0027842592,0.0037492425,0.018785793,0.0074604107,0.942794,0.6638668,0.041159745,0.0020595384,0.025714807,0.005499955,0.8236646,0.045316745,0.017873673,0.96405864,0.67004734,0.0033613946,0.5924603,0.6617157,0.64461875,0.020608665,0.037271403,0.25721008,0.96690494,0.65187454,0.0011005239,0.0035190582,0.0038740032,0.004681767,0.03363058,0.5281586,0.005667688,0.001265636,0.00024851758,0.6874485,0.5269719,0.011110339,0.5015065,0.52720267,0.5884513,0.00059576554,0.0022314845,0.0011275138,0.87498116,0.5856923,0.4967099,0.0042993757,0.3840141,0.33247513,0.004392787,0.6780122,0.0010876325,0.5596148,0.0009946697,0.0116622625,0.0070841084,0.0052785715,0.03804216,0.017397692,0.048072632,0.6675225,0.020550868,0.008198112,0.5084965,0.004853362,0.0072276946,0.9796928,0.029895052,0.0023601009,0.51849353,0.004896462,0.016222775,0.00087925466,0.21971251,0.010436455,0.51039183,0.91756904
0.9973199,0.9877901,0.9815974,0.98674667,0.9967554,0.98359734,0.9821597,0.73724836,0.98968035,0.9714854,0.0027969915,0.1779346,0.013426776,0.89807177,0.026841907,0.9886284,0.034707926,0.97787136,0.99704045,0.2507611,0.061550613,0.7464929,0.9766026,0.1869454,0.008104046,0.98484033,0.013396548,0.986214,0.96860886,0.75124973,0.7835076,0.0047240383,0.009118914,0.9771876,0.01717452,0.9819373,0.010688331,0.21892443,0.9904688,0.007832684,0.0060623814,0.1883226,0.05891655,0.9801411,0.05750184,0.98377013,0.9594001,0.23103848,0.0105460845,0.2155783,0.012894525,0.80305684,0.0058552846,0.178884,0.06869757,0.0069044824,0.19159077,0.9777851,0.9514832,0.78127456,0.017207285,0.9621591,0.04158961,0.771168,0.003245783,0.005830478,0.0037661758,0.006139355,0.9177687,0.01677748,0.99304587,0.9889004,0.96286845,0.009672085,0.038912732,0.046396904,0.022893852,0.009999126,0.7779481,0.050085958,0.9683004,0.20465982,0.00042091854,0.005101379,0.03888216,0.02141095,0.02558462,0.7521153,0.0054352423,0.009170957,0.065672584,0.9493347,0.0012548999,0.010275356,0.9747952,0.005152943,0.013297911,0.20092604,0.063708566,0.0009310734,0.007015804,0.017993942,0.004339748,0.20895535,0.7777803,0.022941554,0.001716279,0.009013905,0.008331676,0.24113333,0.02073361,0.0087028975,0.9592509,0.78397536,0.0083320895,0.08574633,0.77437663,0.8031348,0.003579692,0.0054222383,0.08409115,0.95954114,0.76040065,0.0009882589,0.0031533977,0.0014310693,0.0031057957,0.019761031,0.07141063,0.009270347,0.0018854423,0.00053660234,0.79381436,0.03054557,0.0066400436,0.044385053,0.02971787,0.7984794,0.00038654255,0.0087456945,0.0025220022,0.0635729,0.023449747,0.055829853,0.0073076715,0.19436613,0.1869817,0.008554605,0.88236475,0.0015491106,0.015185533,0.0009946697,0.019559437,0.013926993,0.0032794303,0.008355,0.019389702,0.024632584,0.7741137,0.0042380323,0.015977073,0.0654268,0.0050139823,0.004727833,0.9530601,0.012754906,0.0074974024,0.04226274,0.0073134117,0.018855004,0.000538913,0.05314081,0.011899767,0.04329998,0.8648396
0.9973199,0.9877901,0.9815974,0.98674667,0.9967554,0.98359734,0.9821597,0.73724836,0.98968035,0.9714854,0.0027969915,0.1779346,0.013426776,0.89807177,0.026841907,0.9886284,0.034707926,0.97787136,0.99704045,0.2507611,0.061550613,0.7464929,0.9766026,0.1869454,0.008104046,0.98484033,0.013396548,0.986214,0.96860886,0.75124973,0.7835076,0.0047240383,0.009118914,0.9771876,0.01717452,0.9819373,0.010688331,0.21892443,0.9904688,0.007832684,0.0060623814,0.1883226,0.05891655,0.9801411,0.05750184,0.98377013,0.9594001,0.23103848,0.0105460845,0.2155783,0.012894525,0.80305684,0.0058552846,0.178884,0.06869757,0.0069044824,0.19159077,0.9777851,0.9514832,0.78127456,0.017207285,0.9621591,0.04158961,0.771168,0.003245783,0.005830478,0.0037661758,0.006139355,0.9177687,0.01677748,0.99304587,0.9889004,0.96286845,0.009672085,0.038912732,0.046396904,0.022893852,0.009999126,0.7779481,0.050085958,0.9683004,0.20465982,0.00042091854,0.005101379,0.03888216,0.02141095,0.02558462,0.7521153,0.0054352423,0.009170957,0.065672584,0.9493347,0.0012548999,0.010275356,0.9747952,0.005152943,0.013297911,0.20092604,0.063708566,0.0009310734,0.007015804,0.017993942,0.004339748,0.20895535,0.7777803,0.022941554,0.001716279,0.009013905,0.008331676,0.24113333,0.02073361,0.0087028975,0.9592509,0.78397536,0.0083320895,0.08574633,0.77437663,0.8031348,0.003579692,0.0054222383,0.08409115,0.95954114,0.76040065,0.0009882589,0.0031533977,0.0014310693,0.0031057957,0.019761031,0.07141063,0.009270347,0.0018854423,0.00053660234,0.79381436,0.03054557,0.0066400436,0.044385053,0.02971787,0.7984794,0.00038654255,0.0087456945,0.0025220022,0.0635729,0.023449747,0.055829853,0.0073076715,0.19436613,0.1869817,0.008554605,0.88236475,0.0015491106,0.015185533,0.0009946697,0.019559437,0.013926993,0.0032794303,0.008355,0.019389702,0.024632584,0.7741137,0.0042380323,0.015977073,0.0654268,0.0050139823,0.004727833,0.9530601,0.012754906,0.0074974024,0.04226274,0.0073134117,0.018855004,0.000538913,0.05314081,0.011899767,0.04329998,0.8648396
0.9973199,0.9877901,0.9815974,0.98674667,0.9967554,0.98359734,0.9821597,0.73724836,0.98968035,0.9714854,0.0027969915,0.1779346,0.013426776,0.89807177,0.026841907,0.9886284,0.034707926,0.97787136,0.99704045,0.2507611,0.061550613,0.7464929,0.9766026,0.1869454,0.008104046,0.98484033,0.013396548,0.986214,0.96860886,0.75124973,0.7835076,0.0047240383,0.009118914,0.9771876,0.01717452,0.9819373,0.010688331,0.21892443,0.9904688,0.007832684,0.0060623814,0.1883226,0.05891655,0.9801411,0.05750184,0.98377013,0.9594001,0.23103848,0.0105460845,0.2155783,0.012894525,0.80305684,0.0058552846,0.178884,0.06869757,0.0069044824,0.19159077,0.9777851,0.9514832,0.78127456,0.017207285,0.9621591,0.04158961,0.771168,0.003245783,0.005830478,0.0037661758,0.006139355,0.9177687,0.01677748,0.99304587,0.9889004,0.96286845,0.009672085,0.038912732,0.046396904,0.022893852,0.009999126,0.7779481,0.050085958,0.9683004,0.20465982,0.00042091854,0.005101379,0.03888216,0.02141095,0.02558462,0.7521153,0.0054352423,0.009170957,0.065672584,0.9493347,0.0012548999,0.010275356,0.9747952,0.005152943,0.013297911,0.20092604,0.063708566,0.0009310734,0.007015804,0.017993942,0.004339748,0.20895535,0.7777803,0.022941554,0.001716279,0.009013905,0.008331676,0.24113333,0.02073361,0.0087028975,0.9592509,0.78397536,0.0083320895,0.08574633,0.77437663,0.8031348,0.003579692,0.0054222383,0.08409115,0.95954114,0.76040065,0.0009882589,0.0031533977,0.0014310693,0.0031057957,0.019761031,0.07141063,0.009270347,0.0018854423,0.00053660234,0.79381436,0.03054557,0.0066400436,0.044385053,0.02971787,0.7984794,0.00038654255,0.0087456945,0.0025220022,0.0635729,0.023449747,0.055829853,0.0073076715,0.19436613,0.1869817,0.008554605,0.88236475,0.0015491106,0.015185533,0.0009946697,0.019559437,0.013926993,0.0032794303,0.008355,0.019389702,0.024632584,0.7741137,0.0042380323,0.015977073,0.0654268,0.0050139823,0.004727833,0.9530601,0.012754906,0.0074974024,0.04226274,0.0073134117,0.018855004,0.000538913,0.05314081,0.011899767,0.04329998,0.8648396
0.98831356,0.27681702,0.94254774,0.9876752,0.49157146,0.0074953553,0.73608404,0.7078491,0.6213692,0.042907402,0.98596036,0.63223404,0.9907612,0.054358847,0.8869512,0.9981179,0.99698097,0.2535487,0.009616729,0.72659945,0.48463705,0.113625735,0.37284148,0.98110765,0.0047339126,0.25005832,0.03628999,0.47302338,0.32043472,0.010470839,0.63728034,0.04672275,0.0038356015,0.0046164626,0.14943136,0.34772947,0.015608552,0.46712336,0.9838001,0.14702514,0.0044616247,0.64400053,0.0046096817,0.13330069,0.009169189,0.44220814,0.48451933,0.11814632,0.12696892,0.48950672,0.010810547,0.004885519,0.005968179,0.011399763,0.408143,0.012269987,0.61834383,0.46271795,0.04034364,0.046163097,0.119176164,0.056772444,0.008975104,0.13387774,0.0037053898,0.016218957,0.002673367,0.011962326,0.011488502,0.0049968217,0.010464567,0.10808482,0.6372326,0.15242434,0.007912324,0.004055482,0.27564636,0.0028162664,0.008892251,0.040583514,0.010484376,0.14795873,0.0012975266,0.00271817,0.0069696875,0.004180064,0.042357363,0.23366138,0.0016596444,0.06544319,0.009628436,0.010541657,0.0031010588,0.01040964,0.21795575,0.23030022,0.0043104,0.5108743,0.109493375,0.008419703,0.007151634,0.011398893,0.002306573,0.009141277,0.090562835,0.004997592,0.09566287,0.001977632,0.623543,0.0075737783,0.5172165,0.01223999,0.0076167756,0.4633392,0.002195627,0.00944213,0.59477645,0.13769865,0.007195423,0.0031276215,0.006865081,0.35440582,0.0407775,0.010611046,0.0009101476,0.005495244,0.0022209794,0.008227895,0.008288062,0.042403433,0.00608168,0.0064780265,0.0025390293,0.48391905,0.00844605,0.0059720273,0.3849718,0.0067767473,0.010707791,0.030291507,0.0062672915,0.058417693,0.003023402,0.005217388,0.0066156494,0.0045335633,0.008747588,0.48720688,0.121092245,0.0028760566,0.0054548,0.003977501,0.0013977075,0.010117572,0.0042455504,0.001754642,0.0011479105,0.004488212,0.03874613,0.0018671927,0.004673087,0.34717432,0.0011601521,0.0044997465,0.0020466782,0.005952279,0.0039036274,0.00036613515,0.0040982785,0.007885622,0.008913599,0.0033809268,0.003475257,0.2389073,0.603326
0.98831356,0.27681702,0.94254774,0.9876752,0.49157146,0.0074953553,0.73608404,0.7078491,0.6213692,0.042907402,0.98596036,0.63223404,0.9907612,0.054358847,0.8869512,0.9981179,0.99698097,0.2535487,0.009616729,0.72659945,0.48463705,0.113625735,0.37284148,0.98110765,0.0047339126,0.25005832,0.03628999,0.47302338,0.32043472,0.010470839,0.63728034,0.04672275,0.0038356015,0.0046164626,0.14943136,0.34772947,0.015608552,0.46712336,0.9838001,0.14702514,0.0044616247,0.64400053,0.0046096817,0.13330069,0.009169189,0.44220814,0.48451933,0.11814632,0.12696892,0.48950672,0.010810547,0.004885519,0.005968179,0.011399763,0.408143,0.012269987,0.61834383,0.46271795,0.04034364,0.046163097,0.119176164,0.056772444,0.008975104,0.13387774,0.0037053898,0.016218957,0.002673367,0.011962326,0.011488502,0.0049968217,0.010464567,0.10808482,0.6372326,0.15242434,0.007912324,0.004055482,0.27564636,0.0028162664,0.008892251,0.040583514,0.010484376,0.14795873,0.0012975266,0.00271817,0.0069696875,0.004180064,0.042357363,0.23366138,0.0016596444,0.06544319,0.009628436,0.010541657,0.0031010588,0.01040964,0.21795575,0.23030022,0.0043104,0.5108743,0.109493375,0.008419703,0.007151634,0.011398893,0.002306573,0.009141277,0.090562835,0.004997592,0.09566287,0.001977632,0.623543,0.0075737783,0.5172165,0.01223999,0.0076167756,0.4633392,0.002195627,0.00944213,0.59477645,0.13769865,0.007195423,0.0031276215,0.006865081,0.35440582,0.0407775,0.010611046,0.0009101476,0.005495244,0.0022209794,0.008227895,0.008288062,0.042403433,0.00608168,0.0064780265,0.0025390293,0.48391905,0.00844605,0.0059720273,0.3849718,0.0067767473,0.010707791,0.030291507,0.0062672915,0.058417693,0.003023402,0.005217388,0.0066156494,0.0045335633,0.008747588,0.48720688,0.121092245,0.0028760566,0.0054548,0.003977501,0.0013977075,0.010117572,0.0042455504,0.001754642,0.0011479105,0.004488212,0.03874613,0.0018671927,0.004673087,0.34717432,0.0011601521,0.0044997465,0.0020466782,0.005952279,0.0039036274,0.00036613515,0.0040982785,0.007885622,0.008913599,0.0033809268,0.003475257,0.2389073,0.603326
0.98831356,0.27681702,0.94254774,0.9876752,0.49157146,0.0074953553,0.73608404,0.7078491,0.6213692,0.042907402,0.98596036,0.63223404,0.9907612,0.054358847,0.8869512,0.9981179,0.99698097,0.2535487,0.009616729,0.72659945,0.48463705,0.113625735,0.37284148,0.98110765,0.0047339126,0.25005832,0.03628999,0.47302338,0.32043472,0.010470839,0.63728034,0.04672275,0.0038356015,0.0046164626,0.14943136,0.34772947,0.015608552,0.46712336,0.9838001,0.14702514,0.0044616247,0.64400053,0.0046096817,0.13330069,0.009169189,0.44220814,0.48451933,0.11814632,0.12696892,0.48950672,0.010810547,0.004885519,0.005968179,0.011399763,0.408143,0.012269987,0.61834383,0.46271795,0.04034364,0.046163097,0.119176164,0.056772444,0.008975104,0.13387774,0.0037053898,0.016218957,0.002673367,0.011962326,0.011488502,0.0049968217,0.010464567,0.10808482,0.6372326,0.15242434,0.007912324,0.004055482,0.27564636,0.0028162664,0.008892251,0.040583514,0.010484376,0.14795873,0.0012975266,0.00271817,0.0069696875,0.004180064,0.042357363,0.23366138,0.0016596444,0.06544319,0.009628436,0.010541657,0.0031010588,0.01040964,0.21795575,0.23030022,0.0043104,0.5108743,0.109493375,0.008419703,0.007151634,0.011398893,0.002306573,0.009141277,0.090562835,0.004997592,0.09566287,0.001977632,0.623543,0.0075737783,0.5172165,0.01223999,0.0076167756,0.4633392,0.002195627,0.00944213,0.59477645,0.13769865,0.007195423,0.0031276215,0.006865081,0.35440582,0.0407775,0.010611046,0.0009101476,0.005495244,0.0022209794,0.008227895,0.008288062,0.042403433,0.00608168,0.0064780265,0.0025390293,0.48391905,0.00844605,0.0059720273,0.3849718,0.0067767473,0.010707791,0.030291507,0.0062672915,0.058417693,0.003023402,0.005217388,0.0066156494,0.0045335633,0.008747588,0.48720688,0.121092245,0.0028760566,0.0054548,0.003977501,0.0013977075,0.010117572,0.0042455504,0.001754642,0.0011479105,0.004488212,0.03874613,0.0018671927,0.004673087,0.34717432,0.0011601521,0.0044997465,0.0020466782,0.005952279,0.0039036274,0.00036613515,0.0040982785,0.007885622,0.008913599,0.0033809268,0.003475257,0.2389073,0.603326
0.98831356,0.27681702,0.94254774,0.9876752,0.49157146,0.0074953553,0.73608404,0.7078491,0.6213692,0.042907402,0.98596036,0.63223404,0.9907612,0.054358847,0.8869512,0.9981179,0.99698097,0.2535487,0.009616729,0.72659945,0.48463705,0.113625735,0.37284148,0.98110765,0.0047339126,0.25005832,0.03628999,0.47302338,0.32043472,0.010470839,0.63728034,0.04672275,0.0038356015,0.0046164626,0.14943136,0.34772947,0.015608552,0.46712336,0.9838001,0.14702514,0.0044616247,0.64400053,0.0046096817,0.13330069,0.009169189,0.44220814,0.48451933,0.11814632,0.12696892,0.48950672,0.010810547,0.004885519,0.005968179,0.011399763,0.408143,0.012269987,0.61834383,0.46271795,0.04034364,0.046163097,0.119176164,0.056772444,0.008975104,0.13387774,0.0037053898,0.016218957,0.002673367,0.011962326,0.011488502,0.0049968217,0.010464567,0.10808482,0.6372326,0.15242434,0.007912324,0.004055482,0.27564636,0.0028162664,0.008892251,0.040583514,0.010484376,0.14795873,0.0012975266,0.00271817,0.0069696875,0.004180064,0.042357363,0.23366138,0.0016596444,0.06544319,0.009628436,0.010541657,0.0031010588,0.01040964,0.21795575,0.23030022,0.0043104,0.5108743,0.109493375,0.008419703,0.007151634,0.011398893,0.002306573,0.009141277,0.090562835,0.004997592,0.09566287,0.001977632,0.623543,0.0075737783,0.5172165,0.01223999,0.0076167756,0.4633392,0.002195627,0.00944213,0.59477645,0.13769865,0.007195423,0.0031276215,0.006865081,0.35440582,0.0407775,0.010611046,0.0009101476,0.005495244,0.0022209794,0.008227895,0.008288062,0.042403433,0.00608168,0.0064780265,0.0025390293,0.48391905,0.00844605,0.0059720273,0.3849718,0.0067767473,0.010707791,0.030291507,0.0062672915,0.058417693,0.003023402,0.005217388,0.0066156494,0.0045335633,0.008747588,0.48720688,0.121092245,0.0028760566,0.0054548,0.003977501,0.0013977075,0.010117572,0.0042455504,0.001754642,0.0011479105,0.004488212,0.03874613,0.0018671927,0.004673087,0.34717432,0.0011601521,0.0044997465,0.0020466782,0.005952279,0.0039036274,0.00036613515,0.0040982785,0.007885622,0.008913599,0.0033809268,0.003475257,0.2389073,0.603326
0.9890414,0.18607955,0.9437181,0.9876752,0.63390917,0.0074953553,0.75533915,0.7129343,0.1717768,0.049620856,0.98596036,0.540511,0.9907612,0.051187254,0.7159024,0.9981179,0.99698097,0.19356735,0.009616729,0.54374033,0.2599224,0.08398006,0.077967025,0.98110765,0.0047339126,0.17356317,0.25534347,0.55110806,0.118084386,0.010470839,0.8893033,0.05395635,0.0038356015,0.0046164626,0.15780325,0.120670445,0.015608552,0.92215955,0.9838001,0.06796034,0.0044616247,0.87779576,0.0046096817,0.07026158,0.009169189,0.1063812,0.5431751,0.09696288,0.067828074,0.54225737,0.010810547,0.004885519,0.005968179,0.011399763,0.3598526,0.012269987,0.72130066,0.18721867,0.34468934,0.2222525,0.08037939,0.04526326,0.008975104,0.25705704,0.0037053898,0.016218957,0.002673367,0.011962326,0.011488502,0.0049968217,0.010464567,0.08601277,0.73518044,0.15062073,0.007912324,0.004055482,0.07038731,0.0028162664,0.008892251,0.040583514,0.010484376,0.2646523,0.0012975266,0.00271817,0.0069696875,0.004180064,0.042357363,0.53614503,0.0016596444,0.04646717,0.009628436,0.010541657,0.0031010588,0.01040964,0.19739367,0.4686217,0.0043104,0.71155745,0.08709502,0.008419703,0.007151634,0.011398893,0.0021933424,0.009141277,0.09524819,0.004997592,0.09220542,0.001977632,0.80698544,0.0075737783,0.71497744,0.01223999,0.0076167756,0.4533031,0.002195627,0.00944213,0.17781344,0.35282513,0.007195423,0.0031276215,0.006865081,0.36055413,0.0407775,0.010611046,0.0009101476,0.005495244,0.0022209794,0.008227895,0.008288062,0.043477017,0.00608168,0.0064780265,0.0025390293,0.28887284,0.00844605,0.0059720273,0.35219273,0.0067767473,0.010707791,0.030291507,0.0062672915,0.051536273,0.003023402,0.005217388,0.0066156494,0.0045335633,0.008747588,0.5445478,0.2536101,0.0028760566,0.0054548,0.003977501,0.0013977075,0.010117572,0.0042455504,0.001754642,0.0011479105,0.004488212,0.13517663,0.0018671927,0.004673087,0.18625425,0.0011601521,0.0044997465,0.0020466782,0.005952279,0.0039036274,0.00037532963,0.0040982785,0.007885622,0.008913599,0.0033809268,0.003475257,0.17986405,0.27687594
